"IntoGen_cancer_type","gene","class","event","n","class_total","prop"
"AML","ASXL1","Classic","M",1,1,1
"AML","DDB2","Classic","WT",1,1,1
"AML","IDH2","Classic","M",1,1,1
"AML","MUC6","Classic","WT",1,1,1
"AML","MYC","Classic","WT",1,1,1
"AML","PCMTD1","Classic","WT",1,1,1
"AML","RAD21","Classic","WT",1,1,1
"AML","UBR5","Classic","WT",1,1,1
"AML","WT1","Classic","WT",1,1,1
"BLCA","AKAP9","WGD","WT",2,2,1
"BLCA","ARHGAP35","WGD","WT",5,5,1
"BLCA","ARHGAP5","WGD","WT",2,2,1
"BLCA","ARID1A","WGD","WT",2,2,1
"BLCA","ARID1B","WGD","WT",1,1,1
"BLCA","ASXL2","WGD","WT",3,3,1
"BLCA","BIRC6","WGD","WT",3,3,1
"BLCA","BRAF","WGD","WT",2,2,1
"BLCA","BRCA1","WGD","WT",2,2,1
"BLCA","BRD4","WGD","WT",3,3,1
"BLCA","BUB1B","WGD","CI_M",1,1,1
"BLCA","CDH1","WGD","WT",1,1,1
"BLCA","CDK12","WGD","WT",2,2,1
"BLCA","CDKN1A","WGD","WT",1,1,1
"BLCA","CDKN2A","WGD","WT",1,1,1
"BLCA","CHD2","WGD","WT",1,1,1
"BLCA","CREBBP","WGD","WT",1,1,1
"BLCA","CSMD3","WGD","WT",1,1,1
"BLCA","CYLD","WGD","WT",1,1,1
"BLCA","ELF3","WGD","WT",3,3,1
"BLCA","ERBB2","WGD","WT",2,2,1
"BLCA","ERBB3","WGD","WT",4,4,1
"BLCA","ERCC2","WGD","WT",5,5,1
"BLCA","ETV6","WGD","WT",2,2,1
"BLCA","FANCD2","WGD","CI_M",2,2,1
"BLCA","FAT1","WGD","WT",1,1,1
"BLCA","FBLN2","WGD","WT",1,1,1
"BLCA","FBXW7","WGD","WT",1,1,1
"BLCA","FGFR1","WGD","WT",1,1,1
"BLCA","FGFR3","WGD","WT",1,1,1
"BLCA","FLT4","WGD","WT",1,1,1
"BLCA","GNA13","WGD","WT",2,2,1
"BLCA","GPAA1","WGD","WT",1,1,1
"BLCA","GRIN2A","WGD","WT",1,1,1
"BLCA","HLA-A","WGD","WT",1,1,1
"BLCA","HSPG2","WGD","WT",2,2,1
"BLCA","IDH2","WGD","WT",1,1,1
"BLCA","KAT7","WGD","WT",2,2,1
"BLCA","KIF2A","WGD","CI_M",1,1,1
"BLCA","KMT2C","WGD","WT",2,2,1
"BLCA","KMT2D","WGD","WT",4,4,1
"BLCA","KRAS","WGD","WT",2,2,1
"BLCA","LRIG3","WGD","WT",4,4,1
"BLCA","MAD2L2","WGD","CI_M",1,1,1
"BLCA","MTOR","WGD","WT",2,2,1
"BLCA","NACA","WGD","WT",4,4,1
"BLCA","NF1","WGD","WT",1,1,1
"BLCA","NFE2L2","WGD","WT",2,2,1
"BLCA","NOTCH1","WGD","WT",1,1,1
"BLCA","NOTCH2","WGD","WT",5,5,1
"BLCA","NSD1","WGD","WT",1,1,1
"BLCA","PLK4","WGD","CI_M",1,1,1
"BLCA","POLE","WGD","WT",4,4,1
"BLCA","PREX2","WGD","WT",1,1,1
"BLCA","PSIP1","WGD","WT",1,1,1
"BLCA","PTPN13","WGD","WT",2,2,1
"BLCA","PTPRK","WGD","WT",1,1,1
"BLCA","RAF1","WGD","WT",1,1,1
"BLCA","RAP1B","WGD","WT",4,4,1
"BLCA","RHOA","WGD","WT",1,1,1
"BLCA","RNF213","WGD","WT",1,1,1
"BLCA","RXRA","WGD","WT",2,2,1
"BLCA","SF3B1","WGD","WT",1,1,1
"BLCA","SMARCA4","WGD","WT",3,3,1
"BLCA","SNX29","WGD","WT",1,1,1
"BLCA","TAF15","WGD","WT",2,2,1
"BLCA","TRIP11","WGD","WT",1,1,1
"BLCA","TRRAP","WGD","WT",2,2,1
"BLCA","TSC1","WGD","WT",2,2,1
"BLCA","TSC2","WGD","WT",1,1,1
"BLCA","ZFHX3","WGD","WT",1,1,1
"BLCA","ZFP36L1","WGD","WT",2,2,1
"BLCA","ZNF429","WGD","WT",3,3,1
"BRCA","ABL2","WGD","WT",9,9,1
"BRCA","ABL2","HM","WT",2,2,1
"BRCA","ABL2","Classic","WT",14,14,1
"BRCA","ACVR1B","WGD","WT",20,20,1
"BRCA","ACVR1B","Classic","WT",3,3,1
"BRCA","AKAP9","WGD","WT",15,15,1
"BRCA","AKAP9","HM","WT",1,1,1
"BRCA","AKAP9","Classic","WT",6,6,1
"BRCA","AKT1","WGD","M",1,18,0.0555555555555556
"BRCA","AKT1","WGD","WT",17,18,0.944444444444444
"BRCA","AKT1","HM","WT",1,1,1
"BRCA","AKT1","Classic","M",1,1,1
"BRCA","ALK","WGD","WT",21,21,1
"BRCA","ALK","Classic","WT",1,1,1
"BRCA","ARHGAP35","WGD","WT",18,18,1
"BRCA","ARHGAP35","Classic","M",1,3,0.333333333333333
"BRCA","ARHGAP35","Classic","WT",2,3,0.666666666666667
"BRCA","ARHGEF12","WGD","WT",22,22,1
"BRCA","ARID1A","WGD","CNA_driver",4,21,0.19047619047619
"BRCA","ARID1A","WGD","M",1,21,0.0476190476190476
"BRCA","ARID1A","WGD","WT",16,21,0.761904761904762
"BRCA","ARID1A","HM","CNA_driver",2,2,1
"BRCA","ARID1A","Classic","CNA_driver",7,8,0.875
"BRCA","ARID1A","Classic","WT",1,8,0.125
"BRCA","ARID1B","WGD","WT",10,10,1
"BRCA","ARID1B","Classic","WT",1,1,1
"BRCA","ASXL1","WGD","WT",17,17,1
"BRCA","ASXL1","Classic","WT",4,4,1
"BRCA","ATM","WGD","WT",20,20,1
"BRCA","ATM","HM","WT",1,1,1
"BRCA","ATM","Classic","CNA_driver",1,1,1
"BRCA","ATP1A1","WGD","WT",20,20,1
"BRCA","ATP1A1","Classic","WT",2,2,1
"BRCA","ATR","Classic","M",1,1,1
"BRCA","BAP1","WGD","WT",21,21,1
"BRCA","BAP1","Classic","WT",1,1,1
"BRCA","BIRC6","WGD","WT",23,23,1
"BRCA","BIRC6","Classic","WT",1,1,1
"BRCA","BRAF","WGD","WT",14,14,1
"BRCA","BRAF","Classic","WT",6,6,1
"BRCA","BRCA1","WGD","CNA_driver",1,12,0.0833333333333333
"BRCA","BRCA1","WGD","WT",11,12,0.916666666666667
"BRCA","BRCA1","HM","CNA_driver",2,3,0.666666666666667
"BRCA","BRCA1","HM","WT",1,3,0.333333333333333
"BRCA","BRCA1","Classic","WT",4,4,1
"BRCA","BRCA2","WGD","CNA_driver",2,13,0.153846153846154
"BRCA","BRCA2","WGD","M",1,13,0.0769230769230769
"BRCA","BRCA2","WGD","WT",10,13,0.769230769230769
"BRCA","BRCA2","Classic","CNA_driver",3,5,0.6
"BRCA","BRCA2","Classic","WT",2,5,0.4
"BRCA","BRD4","WGD","CNA_driver",2,2,1
"BRCA","BUB1B","WGD","CI_M",3,3,1
"BRCA","CACNA1D","WGD","WT",21,21,1
"BRCA","CACNA1D","Classic","WT",1,1,1
"BRCA","CASP8","WGD","WT",18,18,1
"BRCA","CASP8","HM","WT",1,1,1
"BRCA","CBFB","WGD","WT",16,16,1
"BRCA","CBFB","HM","WT",1,1,1
"BRCA","CBFB","Classic","M",4,4,1
"BRCA","CBLB","WGD","M",1,1,1
"BRCA","CCND1","WGD","CNA_driver",8,8,1
"BRCA","CCND1","Classic","CNA_driver",6,6,1
"BRCA","CD209","WGD","WT",13,13,1
"BRCA","CD209","HM","WT",1,1,1
"BRCA","CD209","Classic","WT",1,1,1
"BRCA","CDH1","WGD","WT",16,16,1
"BRCA","CDH1","HM","WT",1,1,1
"BRCA","CDH1","Classic","CNA_driver",2,6,0.333333333333333
"BRCA","CDH1","Classic","M",4,6,0.666666666666667
"BRCA","CDKN1B","WGD","CNA_driver",2,15,0.133333333333333
"BRCA","CDKN1B","WGD","WT",13,15,0.866666666666667
"BRCA","CDKN1B","Classic","WT",4,4,1
"BRCA","CDKN2A","WGD","WT",13,13,1
"BRCA","CDKN2A","Classic","CNA_driver",1,1,1
"BRCA","CHD6","WGD","M",1,1,1
"BRCA","CHEK2","WGD","WT",17,17,1
"BRCA","CHEK2","HM","WT",1,1,1
"BRCA","CLTC","WGD","WT",6,6,1
"BRCA","CLTC","HM","WT",3,3,1
"BRCA","CLTC","Classic","WT",7,7,1
"BRCA","CREBBP","WGD","WT",17,17,1
"BRCA","CREBBP","HM","WT",1,1,1
"BRCA","CREBBP","Classic","WT",9,9,1
"BRCA","CSF1R","WGD","WT",27,27,1
"BRCA","CSMD3","WGD","WT",5,5,1
"BRCA","CSMD3","HM","WT",1,1,1
"BRCA","CSMD3","Classic","WT",13,13,1
"BRCA","CSPG4","WGD","WT",19,19,1
"BRCA","CSPG4","HM","WT",1,1,1
"BRCA","CSPG4","Classic","WT",2,2,1
"BRCA","CTCF","WGD","WT",16,16,1
"BRCA","CTCF","HM","WT",1,1,1
"BRCA","CTCF","Classic","M",1,1,1
"BRCA","CUL3","WGD","M",1,1,1
"BRCA","CUX1","WGD","WT",12,12,1
"BRCA","CUX1","HM","WT",1,1,1
"BRCA","CUX1","Classic","WT",6,6,1
"BRCA","CYLD","WGD","WT",19,19,1
"BRCA","CYLD","HM","WT",1,1,1
"BRCA","DNMT3A","WGD","WT",19,19,1
"BRCA","DNMT3A","Classic","M",1,2,0.5
"BRCA","DNMT3A","Classic","WT",1,2,0.5
"BRCA","EGFR","WGD","WT",17,17,1
"BRCA","EGFR","Classic","WT",6,6,1
"BRCA","EIF4A2","WGD","WT",15,15,1
"BRCA","EIF4A2","HM","WT",3,3,1
"BRCA","EIF4A2","Classic","WT",5,5,1
"BRCA","ELN","WGD","WT",15,15,1
"BRCA","ELN","Classic","WT",7,7,1
"BRCA","EP300","WGD","WT",15,15,1
"BRCA","EP300","HM","WT",1,1,1
"BRCA","EPHA3","WGD","WT",3,3,1
"BRCA","EPHA3","Classic","WT",1,1,1
"BRCA","ERBB2","WGD","CNA_driver",1,15,0.0666666666666667
"BRCA","ERBB2","WGD","WT",14,15,0.933333333333333
"BRCA","ERBB2","Classic","WT",4,4,1
"BRCA","ERBB3","WGD","WT",19,19,1
"BRCA","ERBB3","Classic","WT",3,3,1
"BRCA","ERBB4","WGD","WT",18,18,1
"BRCA","ESR1","WGD","WT",10,10,1
"BRCA","ESR1","Classic","WT",1,1,1
"BRCA","ETV1","WGD","WT",17,17,1
"BRCA","ETV1","Classic","WT",9,9,1
"BRCA","FANCD2","WGD","CI_M",3,3,1
"BRCA","FAT1","WGD","WT",19,19,1
"BRCA","FAT1","HM","WT",1,1,1
"BRCA","FAT1","Classic","WT",3,3,1
"BRCA","FAT3","WGD","WT",18,18,1
"BRCA","FAT3","HM","WT",1,1,1
"BRCA","FAT4","WGD","WT",19,19,1
"BRCA","FAT4","HM","WT",1,1,1
"BRCA","FAT4","Classic","WT",3,3,1
"BRCA","FBXW7","WGD","WT",19,19,1
"BRCA","FBXW7","HM","CNA_driver",1,2,0.5
"BRCA","FBXW7","HM","WT",1,2,0.5
"BRCA","FBXW7","Classic","WT",3,3,1
"BRCA","FGFR2","WGD","WT",16,16,1
"BRCA","FGFR2","Classic","WT",3,3,1
"BRCA","FLT4","WGD","M",1,1,1
"BRCA","FOXA1","WGD","M",1,20,0.05
"BRCA","FOXA1","WGD","WT",19,20,0.95
"BRCA","FOXA1","Classic","M",1,1,1
"BRCA","FOXP1","WGD","WT",20,20,1
"BRCA","FOXP1","Classic","WT",1,1,1
"BRCA","FUBP1","WGD","WT",23,23,1
"BRCA","FUBP1","Classic","WT",1,1,1
"BRCA","GATA3","WGD","M",1,13,0.0769230769230769
"BRCA","GATA3","WGD","WT",12,13,0.923076923076923
"BRCA","GATA3","HM","WT",1,1,1
"BRCA","GATA3","Classic","M",5,5,1
"BRCA","GNAS","WGD","WT",16,16,1
"BRCA","GNAS","HM","WT",1,1,1
"BRCA","GNAS","Classic","M",1,7,0.142857142857143
"BRCA","GNAS","Classic","WT",6,7,0.857142857142857
"BRCA","GPS2","Classic","M",1,1,1
"BRCA","HOXC13","WGD","WT",20,20,1
"BRCA","HOXC13","Classic","WT",3,3,1
"BRCA","HRAS","WGD","WT",17,17,1
"BRCA","HSP90AA1","WGD","WT",17,17,1
"BRCA","HSP90AA1","HM","WT",1,1,1
"BRCA","HSP90AA1","Classic","WT",1,1,1
"BRCA","JAK1","WGD","WT",24,24,1
"BRCA","JAK1","HM","WT",1,1,1
"BRCA","JAK1","Classic","WT",1,1,1
"BRCA","JAK2","WGD","WT",13,13,1
"BRCA","JAK2","HM","WT",1,1,1
"BRCA","JAK2","Classic","WT",1,1,1
"BRCA","KAT6B","WGD","WT",14,14,1
"BRCA","KAT6B","Classic","WT",2,2,1
"BRCA","KDR","WGD","WT",21,21,1
"BRCA","KDR","HM","WT",1,1,1
"BRCA","KDR","Classic","WT",2,2,1
"BRCA","KIF11","WGD","CI_M",2,2,1
"BRCA","KIF18A","HM","CI_M",1,1,1
"BRCA","KIF2A","WGD","CI_M",6,6,1
"BRCA","KLF4","WGD","WT",19,19,1
"BRCA","KLF4","HM","WT",2,2,1
"BRCA","KLF4","Classic","WT",2,2,1
"BRCA","KMT2C","WGD","M",1,17,0.0588235294117647
"BRCA","KMT2C","WGD","WT",16,17,0.941176470588235
"BRCA","KMT2C","Classic","M",1,6,0.166666666666667
"BRCA","KMT2C","Classic","WT",5,6,0.833333333333333
"BRCA","KMT2D","WGD","M",1,20,0.05
"BRCA","KMT2D","WGD","WT",19,20,0.95
"BRCA","KMT2D","Classic","WT",4,4,1
"BRCA","KRAS","WGD","WT",14,14,1
"BRCA","KRAS","Classic","WT",3,3,1
"BRCA","LATS1","WGD","WT",10,10,1
"BRCA","LATS1","Classic","WT",1,1,1
"BRCA","LRP1B","WGD","WT",18,18,1
"BRCA","MAP2K4","WGD","CNA_driver",2,21,0.0952380952380952
"BRCA","MAP2K4","WGD","M",2,21,0.0952380952380952
"BRCA","MAP2K4","WGD","WT",17,21,0.80952380952381
"BRCA","MAP2K4","Classic","CNA_driver",2,2,1
"BRCA","MAP3K1","WGD","M",3,21,0.142857142857143
"BRCA","MAP3K1","WGD","WT",18,21,0.857142857142857
"BRCA","MAP3K1","Classic","CNA_driver",2,5,0.4
"BRCA","MAP3K1","Classic","M",3,5,0.6
"BRCA","MAX","WGD","WT",20,20,1
"BRCA","MECOM","WGD","CNA_driver",1,16,0.0625
"BRCA","MECOM","WGD","WT",15,16,0.9375
"BRCA","MECOM","HM","CNA_driver",1,2,0.5
"BRCA","MECOM","HM","WT",1,2,0.5
"BRCA","MECOM","Classic","WT",5,5,1
"BRCA","MED23","WGD","WT",10,10,1
"BRCA","MED23","HM","WT",1,1,1
"BRCA","MED23","Classic","WT",1,1,1
"BRCA","MEN1","WGD","WT",15,15,1
"BRCA","MTOR","WGD","WT",19,19,1
"BRCA","MTOR","Classic","WT",1,1,1
"BRCA","MXD1","WGD","CI_M",2,2,1
"BRCA","MYC","WGD","CNA_driver",6,6,1
"BRCA","MYC","HM","CNA_driver",2,2,1
"BRCA","MYC","Classic","CNA_driver",1,1,1
"BRCA","MYH11","WGD","WT",18,18,1
"BRCA","MYH11","HM","WT",1,1,1
"BRCA","MYH11","Classic","WT",9,9,1
"BRCA","MYH9","WGD","WT",16,16,1
"BRCA","MYH9","HM","WT",1,1,1
"BRCA","MYO5A","WGD","WT",23,23,1
"BRCA","MYO5A","Classic","WT",1,1,1
"BRCA","NBEA","WGD","WT",16,16,1
"BRCA","NBEA","Classic","WT",2,2,1
"BRCA","NCOR1","WGD","CNA_driver",1,16,0.0625
"BRCA","NCOR1","WGD","M",1,16,0.0625
"BRCA","NCOR1","WGD","WT",14,16,0.875
"BRCA","NCOR1","Classic","CNA_driver",3,3,1
"BRCA","NCOR2","WGD","WT",15,15,1
"BRCA","NCOR2","HM","WT",1,1,1
"BRCA","NCOR2","Classic","WT",3,3,1
"BRCA","NF1","WGD","CNA_driver",1,13,0.0769230769230769
"BRCA","NF1","WGD","M",1,13,0.0769230769230769
"BRCA","NF1","WGD","WT",11,13,0.846153846153846
"BRCA","NF1","Classic","M",1,3,0.333333333333333
"BRCA","NF1","Classic","WT",2,3,0.666666666666667
"BRCA","NOTCH1","WGD","WT",14,14,1
"BRCA","NOTCH1","Classic","M",1,3,0.333333333333333
"BRCA","NOTCH1","Classic","WT",2,3,0.666666666666667
"BRCA","NOTCH2","WGD","M",2,18,0.111111111111111
"BRCA","NOTCH2","WGD","WT",16,18,0.888888888888889
"BRCA","NOTCH2","Classic","M",2,4,0.5
"BRCA","NOTCH2","Classic","WT",2,4,0.5
"BRCA","NTRK1","WGD","WT",9,9,1
"BRCA","NTRK1","HM","WT",3,3,1
"BRCA","NTRK1","Classic","WT",12,12,1
"BRCA","NUMA1","WGD","WT",13,13,1
"BRCA","NUMA1","HM","WT",1,1,1
"BRCA","NUP93","Classic","M",1,1,1
"BRCA","PIK3CA","WGD","CNA_driver",1,18,0.0555555555555556
"BRCA","PIK3CA","WGD","M",6,18,0.333333333333333
"BRCA","PIK3CA","WGD","WT",11,18,0.611111111111111
"BRCA","PIK3CA","HM","CNA_driver",1,4,0.25
"BRCA","PIK3CA","HM","WT",3,4,0.75
"BRCA","PIK3CA","Classic","M",10,12,0.833333333333333
"BRCA","PIK3CA","Classic","WT",2,12,0.166666666666667
"BRCA","PIK3R1","WGD","WT",25,25,1
"BRCA","PIK3R1","HM","M",1,1,1
"BRCA","PLAG1","WGD","WT",9,9,1
"BRCA","PLAG1","HM","WT",1,1,1
"BRCA","PLAG1","Classic","WT",7,7,1
"BRCA","PLK1","WGD","CI_M",2,2,1
"BRCA","PLK1","Classic","CI_M",3,3,1
"BRCA","PLK4","WGD","CI_M",1,1,1
"BRCA","POLD1","WGD","WT",18,18,1
"BRCA","POLD1","Classic","WT",1,1,1
"BRCA","PPM1D","WGD","WT",5,5,1
"BRCA","PPM1D","HM","WT",3,3,1
"BRCA","PPM1D","Classic","WT",7,7,1
"BRCA","PREX2","WGD","WT",7,7,1
"BRCA","PREX2","Classic","WT",7,7,1
"BRCA","PTEN","WGD","CNA_driver",1,16,0.0625
"BRCA","PTEN","WGD","WT",15,16,0.9375
"BRCA","PTEN","Classic","M",2,3,0.666666666666667
"BRCA","PTEN","Classic","WT",1,3,0.333333333333333
"BRCA","PTPRD","WGD","WT",13,13,1
"BRCA","PTPRD","HM","WT",1,1,1
"BRCA","PTPRD","Classic","WT",1,1,1
"BRCA","RB1","WGD","CNA_driver",2,19,0.105263157894737
"BRCA","RB1","WGD","M",2,19,0.105263157894737
"BRCA","RB1","WGD","WT",15,19,0.789473684210526
"BRCA","RB1","HM","CNA_driver",1,2,0.5
"BRCA","RB1","HM","WT",1,2,0.5
"BRCA","RB1","Classic","CNA_driver",2,5,0.4
"BRCA","RB1","Classic","M",1,5,0.2
"BRCA","RB1","Classic","WT",2,5,0.4
"BRCA","RGS7","WGD","WT",3,3,1
"BRCA","RGS7","HM","WT",1,1,1
"BRCA","RGS7","Classic","WT",14,14,1
"BRCA","RHPN2","WGD","WT",17,17,1
"BRCA","RHPN2","Classic","WT",2,2,1
"BRCA","RUNX1","WGD","WT",13,13,1
"BRCA","RUNX1","Classic","WT",2,2,1
"BRCA","SETDB1","WGD","WT",9,9,1
"BRCA","SETDB1","HM","WT",1,1,1
"BRCA","SETDB1","Classic","WT",11,11,1
"BRCA","SF3B1","WGD","WT",19,19,1
"BRCA","SF3B1","HM","WT",1,1,1
"BRCA","SF3B1","Classic","M",1,1,1
"BRCA","SMAD4","WGD","WT",17,17,1
"BRCA","SMAD4","HM","WT",2,2,1
"BRCA","SMAD4","Classic","WT",2,2,1
"BRCA","SMARCA4","WGD","M",1,1,1
"BRCA","SMARCD1","WGD","WT",20,20,1
"BRCA","SMARCD1","Classic","WT",3,3,1
"BRCA","SOX9","Classic","CNA_driver",1,1,1
"BRCA","SPEN","WGD","WT",21,21,1
"BRCA","SPEN","Classic","WT",1,1,1
"BRCA","STAG1","WGD","CI_M",12,12,1
"BRCA","STAG1","Classic","CI_M",1,1,1
"BRCA","TBL1XR1","WGD","WT",12,12,1
"BRCA","TBL1XR1","HM","WT",2,2,1
"BRCA","TBL1XR1","Classic","WT",4,4,1
"BRCA","TBX3","WGD","WT",15,15,1
"BRCA","TBX3","Classic","M",1,4,0.25
"BRCA","TBX3","Classic","WT",3,4,0.75
"BRCA","TP53","WGD","CNA_driver",1,24,0.0416666666666667
"BRCA","TP53","WGD","M",15,24,0.625
"BRCA","TP53","WGD","WT",8,24,0.333333333333333
"BRCA","TP53","HM","M",6,6,1
"BRCA","TP53","Classic","M",6,6,1
"BRCA","TRAF3","Classic","CNA_driver",1,1,1
"BRCA","TRRAP","Classic","M",1,1,1
"BRCA","TSC1","WGD","WT",14,14,1
"BRCA","TSC1","Classic","WT",2,2,1
"BRCA","TUBGCP2","WGD","CI_M",1,1,1
"BRCA","UBR5","WGD","WT",5,5,1
"BRCA","UBR5","Classic","WT",13,13,1
"BRCA","USP44","WGD","CI_M",1,1,1
"BRCA","USP6","WGD","WT",16,16,1
"BRCA","WAPAL","WGD","CI_M",1,1,1
"BRCA","ZFHX3","WGD","WT",18,18,1
"BRCA","ZFHX3","HM","WT",1,1,1
"BRCA","ZFP36L1","HM","CNA_driver",1,1,1
"BRCA","enhancers::chr6:152022800-152024800::NA::NA","Classic","M",1,1,1
"BRCA","lncrna.ncrna::gencode::RMRP::ENSG00000269900.2","Classic","M",1,1,1
"BRCA","lncrna.promCore::gencode::RMRP::ENSG00000269900.2","Classic","M",1,1,1
"CCRCC","AKAP9","WGD","WT",4,4,1
"CCRCC","AKAP9","HM","WT",3,3,1
"CCRCC","AKAP9","Classic","WT",8,8,1
"CCRCC","ARHGAP35","WGD","WT",5,5,1
"CCRCC","ARHGAP35","HM","WT",3,3,1
"CCRCC","ARHGAP35","Classic","M",4,4,1
"CCRCC","ARHGEF10L","WGD","WT",5,5,1
"CCRCC","ARHGEF12","WGD","WT",4,4,1
"CCRCC","ARHGEF12","HM","WT",2,2,1
"CCRCC","ARID1A","WGD","WT",5,5,1
"CCRCC","ARID1A","Classic","CNA_driver",1,1,1
"CCRCC","ARID1B","WGD","WT",5,5,1
"CCRCC","ARID1B","HM","WT",1,1,1
"CCRCC","ASXL1","WGD","WT",4,4,1
"CCRCC","ASXL1","HM","WT",4,4,1
"CCRCC","ATG7","WGD","WT",4,4,1
"CCRCC","ATM","WGD","WT",4,4,1
"CCRCC","ATM","HM","WT",2,2,1
"CCRCC","ATM","Classic","M",3,3,1
"CCRCC","BAP1","WGD","M",1,5,0.2
"CCRCC","BAP1","WGD","WT",4,5,0.8
"CCRCC","BAP1","Classic","CNA_driver",1,6,0.166666666666667
"CCRCC","BAP1","Classic","M",5,6,0.833333333333333
"CCRCC","BIRC6","WGD","WT",4,4,1
"CCRCC","BIRC6","HM","WT",2,2,1
"CCRCC","BUB1","WGD","CI_M",2,2,1
"CCRCC","CACNA1D","WGD","WT",4,4,1
"CCRCC","CDC73","Classic","M",1,1,1
"CCRCC","CDK12","WGD","WT",5,5,1
"CCRCC","CDK12","HM","WT",1,1,1
"CCRCC","CDKN2A","Classic","CNA_driver",2,2,1
"CCRCC","CHD4","WGD","WT",4,4,1
"CCRCC","CHD4","HM","WT",3,3,1
"CCRCC","CHD4","Classic","WT",2,2,1
"CCRCC","CLTC","WGD","WT",4,4,1
"CCRCC","CLTC","HM","WT",1,1,1
"CCRCC","CNOT1","WGD","M",1,1,1
"CCRCC","CREBBP","WGD","WT",3,3,1
"CCRCC","CREBBP","HM","WT",4,4,1
"CCRCC","CREBBP","Classic","WT",1,1,1
"CCRCC","DNM2","Classic","M",1,1,1
"CCRCC","DNMT3A","WGD","WT",4,4,1
"CCRCC","DNMT3A","HM","WT",2,2,1
"CCRCC","ERBB4","WGD","WT",4,4,1
"CCRCC","ERBB4","HM","WT",2,2,1
"CCRCC","ERBB4","Classic","WT",1,1,1
"CCRCC","FANCD2","WGD","CI_M",2,2,1
"CCRCC","FAT1","WGD","WT",3,3,1
"CCRCC","FAT3","WGD","WT",4,4,1
"CCRCC","FAT3","HM","WT",2,2,1
"CCRCC","FLT4","WGD","WT",2,2,1
"CCRCC","FLT4","HM","WT",2,2,1
"CCRCC","FLT4","Classic","WT",26,26,1
"CCRCC","KDM5C","Classic","CNA_driver",3,3,1
"CCRCC","KIF18A","WGD","CI_M",1,1,1
"CCRCC","KIF18B","WGD","CI_M",1,1,1
"CCRCC","KIF2A","WGD","CI_M",2,2,1
"CCRCC","KIF2A","HM","CI_M",2,2,1
"CCRCC","KIF2A","Classic","CI_M",1,1,1
"CCRCC","KMT2C","WGD","WT",4,4,1
"CCRCC","KMT2C","HM","WT",3,3,1
"CCRCC","KMT2C","Classic","WT",8,8,1
"CCRCC","KMT2D","WGD","WT",4,4,1
"CCRCC","KMT2D","HM","WT",3,3,1
"CCRCC","KMT2D","Classic","WT",2,2,1
"CCRCC","LRP1B","WGD","WT",4,4,1
"CCRCC","LRP1B","HM","WT",2,2,1
"CCRCC","LRP1B","Classic","WT",2,2,1
"CCRCC","MAD2L2","WGD","CI_M",1,1,1
"CCRCC","MAP3K1","WGD","WT",5,5,1
"CCRCC","MAP3K1","HM","WT",3,3,1
"CCRCC","MAP3K1","Classic","WT",7,7,1
"CCRCC","MET","WGD","WT",4,4,1
"CCRCC","MET","HM","WT",3,3,1
"CCRCC","MET","Classic","WT",8,8,1
"CCRCC","MLH1","Classic","M",1,1,1
"CCRCC","MTOR","WGD","WT",5,5,1
"CCRCC","MTOR","Classic","M",2,2,1
"CCRCC","MXD1","WGD","CI_M",1,1,1
"CCRCC","MYH9","WGD","M",1,1,1
"CCRCC","NF1","WGD","WT",5,5,1
"CCRCC","NF2","WGD","WT",4,4,1
"CCRCC","NF2","HM","WT",1,1,1
"CCRCC","PBRM1","WGD","M",3,4,0.75
"CCRCC","PBRM1","WGD","WT",1,4,0.25
"CCRCC","PBRM1","HM","CNA_driver",1,2,0.5
"CCRCC","PBRM1","HM","M",1,2,0.5
"CCRCC","PBRM1","Classic","CNA_driver",3,19,0.157894736842105
"CCRCC","PBRM1","Classic","M",16,19,0.842105263157895
"CCRCC","PDS5A","WGD","CI_M",1,1,1
"CCRCC","PDS5B","WGD","CI_M",1,1,1
"CCRCC","PIK3CA","WGD","WT",4,4,1
"CCRCC","PIK3CA","HM","WT",2,2,1
"CCRCC","PIK3CA","Classic","WT",4,4,1
"CCRCC","PIK3R1","WGD","M",1,1,1
"CCRCC","PIK3R1","Classic","M",1,1,1
"CCRCC","PLCG1","Classic","M",1,1,1
"CCRCC","PPARG","Classic","M",1,1,1
"CCRCC","PTEN","WGD","WT",5,5,1
"CCRCC","PTEN","Classic","M",1,1,1
"CCRCC","PTPRK","WGD","WT",5,5,1
"CCRCC","PTPRK","HM","WT",1,1,1
"CCRCC","QKI","Classic","CNA_driver",1,1,1
"CCRCC","RANBP2","WGD","WT",4,4,1
"CCRCC","RANBP2","HM","WT",2,2,1
"CCRCC","RAP1GDS1","WGD","WT",3,3,1
"CCRCC","RASA1","Classic","M",1,1,1
"CCRCC","RNF213","WGD","WT",4,4,1
"CCRCC","RNF213","HM","WT",1,1,1
"CCRCC","SETD2","WGD","M",2,4,0.5
"CCRCC","SETD2","WGD","WT",2,4,0.5
"CCRCC","SETD2","HM","M",2,2,1
"CCRCC","SETD2","Classic","CNA_driver",1,4,0.25
"CCRCC","SETD2","Classic","M",3,4,0.75
"CCRCC","SMAD4","Classic","M",1,1,1
"CCRCC","SMARCA4","WGD","WT",5,5,1
"CCRCC","SMARCA4","HM","WT",3,3,1
"CCRCC","SPEN","WGD","WT",5,5,1
"CCRCC","STAG1","WGD","CI_M",4,4,1
"CCRCC","STAG1","HM","CI_M",1,1,1
"CCRCC","STAG1","Classic","CI_M",1,1,1
"CCRCC","TERT","Classic","M",2,2,1
"CCRCC","TGFBR2","WGD","WT",4,4,1
"CCRCC","TGFBR2","HM","M",1,1,1
"CCRCC","TOB1","HM","M",1,1,1
"CCRCC","TP53","WGD","WT",5,5,1
"CCRCC","TP53","Classic","M",3,3,1
"CCRCC","TRIB3","WGD","CI_M",1,1,1
"CCRCC","TRRAP","WGD","WT",4,4,1
"CCRCC","TRRAP","HM","WT",3,3,1
"CCRCC","TRRAP","Classic","WT",8,8,1
"CCRCC","VHL","WGD","M",4,5,0.8
"CCRCC","VHL","WGD","WT",1,5,0.2
"CCRCC","VHL","HM","CNA_driver",1,4,0.25
"CCRCC","VHL","HM","M",3,4,0.75
"CCRCC","VHL","Classic","CNA_driver",5,25,0.2
"CCRCC","VHL","Classic","M",20,25,0.8
"CCRCC","WAPAL","WGD","CI_M",1,1,1
"CCRCC","lncrna.ncrna::gencode::RPPH1::ENSG00000259001.2","Classic","M",1,1,1
"CCRCC","lncrna.promCore::gencode::RMRP::ENSG00000269900.2","Classic","M",3,3,1
"CHOL","ACVR2A","Classic","M",1,1,1
"CHOL","ANK1","WGD","WT",3,3,1
"CHOL","APC","WGD","M",1,4,0.25
"CHOL","APC","WGD","WT",3,4,0.75
"CHOL","ARHGAP35","Classic","M",1,1,1
"CHOL","ARID1A","WGD","CNA_driver",1,3,0.333333333333333
"CHOL","ARID1A","WGD","M",1,3,0.333333333333333
"CHOL","ARID1A","WGD","WT",1,3,0.333333333333333
"CHOL","ARID1A","Classic","CNA_driver",1,3,0.333333333333333
"CHOL","ARID1A","Classic","M",2,3,0.666666666666667
"CHOL","ARID2","WGD","M",1,5,0.2
"CHOL","ARID2","WGD","WT",4,5,0.8
"CHOL","ARID2","Classic","WT",1,1,1
"CHOL","ASXL1","WGD","WT",6,6,1
"CHOL","ATM","WGD","WT",5,5,1
"CHOL","BAP1","WGD","WT",4,4,1
"CHOL","BIRC6","WGD","WT",3,3,1
"CHOL","BRAF","WGD","WT",4,4,1
"CHOL","BRAF","Classic","WT",1,1,1
"CHOL","BRCA2","WGD","WT",2,2,1
"CHOL","BUB1B","WGD","CI_M",1,1,1
"CHOL","CCND1","Classic","CNA_driver",1,1,1
"CHOL","CDH11","WGD","WT",4,4,1
"CHOL","CDKN1B","WGD","M",1,1,1
"CHOL","CDKN1B","Classic","M",1,1,1
"CHOL","CDKN2A","WGD","CNA_driver",2,3,0.666666666666667
"CHOL","CDKN2A","WGD","WT",1,3,0.333333333333333
"CHOL","CDKN2A","Classic","CNA_driver",3,3,1
"CHOL","CLTC","WGD","WT",5,5,1
"CHOL","CLTC","Classic","WT",1,1,1
"CHOL","CTNNA2","WGD","WT",3,3,1
"CHOL","DCC","Classic","CNA_driver",1,1,1
"CHOL","ELF3","WGD","WT",2,2,1
"CHOL","EP300","WGD","WT",5,5,1
"CHOL","EP300","Classic","CNA_driver",1,1,1
"CHOL","EPHA2","WGD","WT",4,4,1
"CHOL","ERBB2","WGD","WT",4,4,1
"CHOL","ERBB3","WGD","WT",4,4,1
"CHOL","ERBB3","Classic","WT",1,1,1
"CHOL","ERBB4","WGD","WT",4,4,1
"CHOL","ERBB4","Classic","WT",1,1,1
"CHOL","FAT3","WGD","WT",4,4,1
"CHOL","FBLN2","WGD","WT",4,4,1
"CHOL","FBXW7","WGD","M",1,4,0.25
"CHOL","FBXW7","WGD","WT",3,4,0.75
"CHOL","FBXW7","Classic","M",1,1,1
"CHOL","FGFR2","WGD","M",2,3,0.666666666666667
"CHOL","FGFR2","WGD","WT",1,3,0.333333333333333
"CHOL","FLCN","WGD","CNA_driver",1,1,1
"CHOL","GPC5","WGD","WT",2,2,1
"CHOL","GRIN2A","WGD","WT",5,5,1
"CHOL","IDH1","WGD","WT",4,4,1
"CHOL","IDH1","Classic","M",1,2,0.5
"CHOL","IDH1","Classic","WT",1,2,0.5
"CHOL","IDH2","WGD","WT",3,3,1
"CHOL","IKZF3","WGD","WT",4,4,1
"CHOL","KEAP1","WGD","WT",2,2,1
"CHOL","KIF11","WGD","CI_M",1,1,1
"CHOL","KIF18A","WGD","CI_M",1,1,1
"CHOL","KIF2A","WGD","CI_M",2,2,1
"CHOL","KIF2B","WGD","CI_M",1,1,1
"CHOL","KMT2C","WGD","WT",4,4,1
"CHOL","KMT2C","Classic","WT",1,1,1
"CHOL","KMT2D","WGD","WT",5,5,1
"CHOL","KMT2D","Classic","M",1,2,0.5
"CHOL","KMT2D","Classic","WT",1,2,0.5
"CHOL","KRAS","WGD","WT",3,3,1
"CHOL","KRAS","Classic","M",1,1,1
"CHOL","LRP1B","WGD","WT",4,4,1
"CHOL","MAP2K4","WGD","CNA_driver",1,3,0.333333333333333
"CHOL","MAP2K4","WGD","WT",2,3,0.666666666666667
"CHOL","MAP2K4","Classic","CNA_driver",2,2,1
"CHOL","MYH11","WGD","WT",5,5,1
"CHOL","N4BP2","WGD","WT",3,3,1
"CHOL","NBN","Classic","M",1,1,1
"CHOL","NCOR1","WGD","WT",3,3,1
"CHOL","NCOR1","Classic","WT",1,1,1
"CHOL","NF1","WGD","WT",5,5,1
"CHOL","NF1","Classic","M",1,1,1
"CHOL","NOTCH1","WGD","WT",4,4,1
"CHOL","NOTCH1","Classic","WT",1,1,1
"CHOL","NRAS","WGD","WT",4,4,1
"CHOL","PBRM1","WGD","WT",4,4,1
"CHOL","PBRM1","Classic","M",1,1,1
"CHOL","PDS5B","WGD","CI_M",1,1,1
"CHOL","PIK3CA","WGD","WT",4,4,1
"CHOL","PIK3CA","Classic","M",2,2,1
"CHOL","PIK3R1","WGD","WT",4,4,1
"CHOL","PRKD1","WGD","WT",4,4,1
"CHOL","PTCH1","WGD","WT",5,5,1
"CHOL","PTDSS1","Classic","M",1,1,1
"CHOL","PTEN","WGD","M",1,3,0.333333333333333
"CHOL","PTEN","WGD","WT",2,3,0.666666666666667
"CHOL","PTEN","Classic","M",1,1,1
"CHOL","RASA1","WGD","CNA_driver",1,1,1
"CHOL","RNF213","WGD","WT",5,5,1
"CHOL","RNF213","Classic","WT",2,2,1
"CHOL","RNF43","WGD","WT",6,6,1
"CHOL","RNF43","Classic","M",1,2,0.5
"CHOL","RNF43","Classic","WT",1,2,0.5
"CHOL","RPL22","Classic","M",1,1,1
"CHOL","SF3B1","WGD","WT",4,4,1
"CHOL","SMAD4","WGD","CNA_driver",1,3,0.333333333333333
"CHOL","SMAD4","WGD","M",2,3,0.666666666666667
"CHOL","SMAD4","Classic","M",1,1,1
"CHOL","SMARCA4","WGD","WT",2,2,1
"CHOL","SMC3","WGD","CI_M",2,2,1
"CHOL","STAG1","WGD","CI_M",4,4,1
"CHOL","TERT","Classic","M",1,1,1
"CHOL","TET2","WGD","M",1,1,1
"CHOL","TP53","WGD","M",2,4,0.5
"CHOL","TP53","WGD","WT",2,4,0.5
"CHOL","TP53","Classic","M",3,3,1
"CHOL","TRRAP","WGD","WT",4,4,1
"CHOL","TRRAP","Classic","WT",2,2,1
"CHOL","TSC2","WGD","WT",5,5,1
"CHOL","U2AF1","WGD","WT",5,5,1
"CHOL","USP44","WGD","CI_M",1,1,1
"CHOL","WAPAL","WGD","CI_M",2,2,1
"CHOL","WRN","Classic","M",1,1,1
"CHOL","ZNF429","WGD","WT",2,2,1
"CHRCC","CDKN1A","WGD","WT",1,1,1
"CHRCC","KIF18B","WGD","CI_M",1,1,1
"CHRCC","ROBO2","WGD","WT",1,1,1
"CHRCC","TP53","WGD","WT",1,1,1
"CLLSLL","ATM","Classic","M",5,5,1
"CLLSLL","BIRC3","Classic","WT",2,2,1
"CLLSLL","BRAF","Classic","M",2,2,1
"CLLSLL","BTG1","Classic","WT",9,9,1
"CLLSLL","CARD11","Classic","M",1,1,1
"CLLSLL","CCND2","Classic","WT",8,8,1
"CLLSLL","DTX1","Classic","WT",9,9,1
"CLLSLL","FAT3","Classic","WT",2,2,1
"CLLSLL","FAT4","Classic","WT",1,1,1
"CLLSLL","FBXW7","Classic","WT",1,1,1
"CLLSLL","KDR","Classic","WT",1,1,1
"CLLSLL","KMT2D","Classic","M",1,9,0.111111111111111
"CLLSLL","KMT2D","Classic","WT",8,9,0.888888888888889
"CLLSLL","KRAS","Classic","WT",8,8,1
"CLLSLL","MGA","Classic","M",1,1,1
"CLLSLL","NOTCH1","Classic","M",1,1,1
"CLLSLL","NXF1","Classic","WT",1,1,1
"CLLSLL","PTPN11","Classic","WT",9,9,1
"CLLSLL","SF3B1","Classic","M",2,2,1
"CLLSLL","XPO1","Classic","WT",2,2,1
"COADREAD","ACVR2A","WGD","WT",1,1,1
"COADREAD","ACVR2A","Classic","WT",1,1,1
"COADREAD","ANK1","Classic","WT",2,2,1
"COADREAD","ARID1B","Classic","WT",1,1,1
"COADREAD","ATM","WGD","WT",1,1,1
"COADREAD","BCL9L","WGD","WT",1,1,1
"COADREAD","BIRC6","Classic","WT",1,1,1
"COADREAD","BUB1","Classic","CI_M",1,1,1
"COADREAD","CDKN2A","Classic","WT",1,1,1
"COADREAD","CEP89","WGD","WT",1,1,1
"COADREAD","CSMD3","Classic","WT",3,3,1
"COADREAD","ELF3","Classic","WT",1,1,1
"COADREAD","FAT3","WGD","WT",1,1,1
"COADREAD","HRAS","WGD","WT",1,1,1
"COADREAD","LRP1B","WGD","WT",1,1,1
"COADREAD","LRP1B","Classic","WT",1,1,1
"COADREAD","PCBP1","WGD","WT",1,1,1
"COADREAD","PCBP1","Classic","WT",1,1,1
"COADREAD","PPP2R1A","WGD","WT",1,1,1
"COADREAD","PTEN","Classic","WT",1,1,1
"COADREAD","RSPO2","Classic","WT",3,3,1
"COADREAD","SMAD3","Classic","WT",1,1,1
"COADREAD","SMARCA4","WGD","WT",1,1,1
"COADREAD","TAF1L","Classic","WT",1,1,1
"COADREAD","TCF7L2","Classic","WT",1,1,1
"COADREAD","TSC1","Classic","WT",1,1,1
"COADREAD","TUBGCP2","Classic","CI_M",1,1,1
"DLBCLNOS","ARID1B","WGD","WT",1,1,1
"DLBCLNOS","BCR","WGD","WT",1,1,1
"DLBCLNOS","BUB1B","WGD","CI_M",1,1,1
"DLBCLNOS","CCND3","WGD","WT",1,1,1
"DLBCLNOS","DGCR8","WGD","WT",1,1,1
"DLBCLNOS","EP300","WGD","WT",1,1,1
"DLBCLNOS","HLA-A","WGD","WT",1,1,1
"DLBCLNOS","HLA-B","WGD","WT",1,1,1
"DLBCLNOS","HLA-C","WGD","WT",1,1,1
"DLBCLNOS","IRF4","WGD","WT",1,1,1
"DLBCLNOS","NFKBIE","WGD","WT",1,1,1
"DLBCLNOS","PIM1","WGD","WT",1,1,1
"DLBCLNOS","PRDM1","WGD","WT",1,1,1
"DLBCLNOS","SGK1","WGD","WT",1,1,1
"DLBCLNOS","TNFAIP3","WGD","WT",1,1,1
"ESCA","AKAP9","WGD","WT",7,7,1
"ESCA","AKAP9","HM","WT",2,2,1
"ESCA","APC","WGD","M",1,9,0.111111111111111
"ESCA","APC","WGD","WT",8,9,0.888888888888889
"ESCA","APC","HM","CNA_driver",2,3,0.666666666666667
"ESCA","APC","HM","WT",1,3,0.333333333333333
"ESCA","APC","Classic","CNA_driver",1,2,0.5
"ESCA","APC","Classic","WT",1,2,0.5
"ESCA","ARID1A","WGD","CNA_driver",1,15,0.0666666666666667
"ESCA","ARID1A","WGD","M",2,15,0.133333333333333
"ESCA","ARID1A","WGD","WT",12,15,0.8
"ESCA","ARID1A","HM","M",1,1,1
"ESCA","ARID2","WGD","WT",20,20,1
"ESCA","ARID2","HM","M",1,3,0.333333333333333
"ESCA","ARID2","HM","WT",2,3,0.666666666666667
"ESCA","ASXL1","WGD","WT",7,7,1
"ESCA","ASXL1","HM","WT",6,6,1
"ESCA","ASXL1","Classic","M",1,5,0.2
"ESCA","ASXL1","Classic","WT",4,5,0.8
"ESCA","ATM","WGD","M",2,13,0.153846153846154
"ESCA","ATM","WGD","WT",11,13,0.846153846153846
"ESCA","ATM","HM","WT",2,2,1
"ESCA","ATM","Classic","WT",1,1,1
"ESCA","ATR","WGD","M",1,1,1
"ESCA","AXIN1","WGD","WT",11,11,1
"ESCA","AXIN1","HM","CNA_driver",1,2,0.5
"ESCA","AXIN1","HM","WT",1,2,0.5
"ESCA","BAP1","WGD","WT",9,9,1
"ESCA","BAP1","HM","WT",4,4,1
"ESCA","BRAF","Classic","M",1,1,1
"ESCA","BUB1","WGD","CI_M",1,1,1
"ESCA","BUB1B","WGD","CI_M",4,4,1
"ESCA","CANT1","WGD","WT",13,13,1
"ESCA","CANT1","HM","WT",6,6,1
"ESCA","CANT1","Classic","WT",1,1,1
"ESCA","CBL","WGD","WT",14,14,1
"ESCA","CBL","HM","WT",3,3,1
"ESCA","CBL","Classic","WT",1,1,1
"ESCA","CDH1","WGD","WT",16,16,1
"ESCA","CDH1","HM","M",1,1,1
"ESCA","CDH11","WGD","WT",14,14,1
"ESCA","CDKN2A","WGD","CNA_driver",5,17,0.294117647058824
"ESCA","CDKN2A","WGD","M",3,17,0.176470588235294
"ESCA","CDKN2A","WGD","WT",9,17,0.529411764705882
"ESCA","CDKN2A","HM","CNA_driver",6,8,0.75
"ESCA","CDKN2A","HM","WT",2,8,0.25
"ESCA","CDKN2A","Classic","CNA_driver",3,4,0.75
"ESCA","CDKN2A","Classic","M",1,4,0.25
"ESCA","CDX2","WGD","WT",8,8,1
"ESCA","CDX2","HM","WT",5,5,1
"ESCA","CDX2","Classic","WT",2,2,1
"ESCA","CREBBP","WGD","WT",12,12,1
"ESCA","CREBBP","HM","WT",2,2,1
"ESCA","CSMD3","WGD","WT",5,5,1
"ESCA","CSMD3","HM","WT",5,5,1
"ESCA","CTNNB1","WGD","M",3,13,0.230769230769231
"ESCA","CTNNB1","WGD","WT",10,13,0.769230769230769
"ESCA","CTNNB1","HM","M",1,5,0.2
"ESCA","CTNNB1","HM","WT",4,5,0.8
"ESCA","CTNND2","WGD","WT",9,9,1
"ESCA","CTNND2","HM","WT",6,6,1
"ESCA","CTNND2","Classic","WT",2,2,1
"ESCA","DCC","WGD","WT",4,4,1
"ESCA","EGFR","WGD","CNA_driver",1,1,1
"ESCA","EGFR","HM","M",1,1,1
"ESCA","EP300","WGD","WT",14,14,1
"ESCA","EP300","HM","WT",2,2,1
"ESCA","EPHA2","WGD","M",1,1,1
"ESCA","EPHA3","WGD","WT",1,1,1
"ESCA","EPHA3","HM","WT",1,1,1
"ESCA","ERBB2","WGD","CNA_driver",3,16,0.1875
"ESCA","ERBB2","WGD","WT",13,16,0.8125
"ESCA","ERBB2","HM","CNA_driver",2,8,0.25
"ESCA","ERBB2","HM","WT",6,8,0.75
"ESCA","ERBB2","Classic","M",1,3,0.333333333333333
"ESCA","ERBB2","Classic","WT",2,3,0.666666666666667
"ESCA","ERBB4","WGD","WT",12,12,1
"ESCA","FANCD2","WGD","CI_M",3,3,1
"ESCA","FANCD2","HM","CI_M",2,2,1
"ESCA","FAS","Classic","CNA_driver",1,1,1
"ESCA","FAT1","WGD","WT",12,12,1
"ESCA","FAT1","HM","WT",2,2,1
"ESCA","FAT4","WGD","WT",14,14,1
"ESCA","FAT4","HM","WT",1,1,1
"ESCA","FBXW7","WGD","WT",12,12,1
"ESCA","FBXW7","HM","M",1,2,0.5
"ESCA","FBXW7","HM","WT",1,2,0.5
"ESCA","FBXW7","Classic","WT",1,1,1
"ESCA","FGFR1","HM","CNA_driver",1,1,1
"ESCA","GNAS","WGD","WT",7,7,1
"ESCA","GNAS","HM","WT",6,6,1
"ESCA","GNAS","Classic","WT",5,5,1
"ESCA","GRM3","WGD","WT",9,9,1
"ESCA","GRM3","HM","WT",2,2,1
"ESCA","HLA-A","WGD","M",1,12,0.0833333333333333
"ESCA","HLA-A","WGD","WT",11,12,0.916666666666667
"ESCA","HLA-A","HM","WT",3,3,1
"ESCA","HLA-A","Classic","WT",2,2,1
"ESCA","HLA-B","WGD","WT",12,12,1
"ESCA","HLA-B","HM","WT",3,3,1
"ESCA","HLA-B","Classic","WT",2,2,1
"ESCA","IL7R","WGD","WT",9,9,1
"ESCA","IL7R","HM","WT",5,5,1
"ESCA","IL7R","Classic","WT",2,2,1
"ESCA","KAT6A","WGD","WT",8,8,1
"ESCA","KAT6A","HM","WT",4,4,1
"ESCA","KDM5C","Classic","CNA_driver",1,1,1
"ESCA","KIF11","WGD","CI_M",5,5,1
"ESCA","KIF18A","WGD","CI_M",9,9,1
"ESCA","KIF18A","HM","CI_M",1,1,1
"ESCA","KIF18B","HM","CI_M",1,1,1
"ESCA","KIF2A","WGD","CI_M",3,3,1
"ESCA","KMT2C","WGD","WT",11,11,1
"ESCA","KMT2C","HM","WT",2,2,1
"ESCA","KMT2D","WGD","WT",19,19,1
"ESCA","KMT2D","HM","WT",2,2,1
"ESCA","KRAS","WGD","CNA_driver",2,16,0.125
"ESCA","KRAS","WGD","WT",14,16,0.875
"ESCA","KRAS","HM","WT",2,2,1
"ESCA","KRAS","Classic","M",3,3,1
"ESCA","LRP1B","WGD","WT",11,11,1
"ESCA","LRP1B","HM","WT",2,2,1
"ESCA","MAD2L2","WGD","CI_M",1,1,1
"ESCA","MAP2K4","HM","M",1,1,1
"ESCA","MAP2K7","WGD","M",1,1,1
"ESCA","MAP3K1","Classic","M",1,1,1
"ESCA","MECOM","WGD","CNA_driver",1,1,1
"ESCA","MECOM","HM","CNA_driver",1,1,1
"ESCA","MTOR","WGD","M",1,1,1
"ESCA","MYH9","WGD","WT",14,14,1
"ESCA","MYH9","HM","WT",2,2,1
"ESCA","NBEA","WGD","WT",7,7,1
"ESCA","NBEA","HM","WT",3,3,1
"ESCA","NBEA","Classic","WT",1,1,1
"ESCA","NCOA2","WGD","WT",7,7,1
"ESCA","NCOA2","HM","WT",9,9,1
"ESCA","NCOR2","WGD","WT",17,17,1
"ESCA","NCOR2","HM","WT",2,2,1
"ESCA","NCOR2","Classic","WT",1,1,1
"ESCA","NF1","WGD","M",1,1,1
"ESCA","NFE2L2","WGD","WT",12,12,1
"ESCA","NFE2L2","HM","WT",2,2,1
"ESCA","NOTCH1","WGD","WT",11,11,1
"ESCA","NOTCH1","HM","M",1,3,0.333333333333333
"ESCA","NOTCH1","HM","WT",2,3,0.666666666666667
"ESCA","NOTCH1","Classic","WT",1,1,1
"ESCA","NOTCH2","WGD","WT",12,12,1
"ESCA","NOTCH2","HM","WT",1,1,1
"ESCA","NOTCH2","Classic","WT",2,2,1
"ESCA","NRG1","WGD","WT",9,9,1
"ESCA","NRG1","HM","WT",6,6,1
"ESCA","NRG1","Classic","WT",1,1,1
"ESCA","NSD1","WGD","WT",11,11,1
"ESCA","NSD1","HM","WT",2,2,1
"ESCA","NSD1","Classic","WT",1,1,1
"ESCA","NUMA1","WGD","WT",9,9,1
"ESCA","NUMA1","HM","WT",3,3,1
"ESCA","NUMA1","Classic","WT",1,1,1
"ESCA","NUTM1","WGD","WT",10,10,1
"ESCA","NUTM1","HM","WT",2,2,1
"ESCA","NUTM1","Classic","WT",1,1,1
"ESCA","PBRM1","WGD","M",2,11,0.181818181818182
"ESCA","PBRM1","WGD","WT",9,11,0.818181818181818
"ESCA","PBRM1","HM","WT",4,4,1
"ESCA","PDS5A","WGD","CI_M",7,7,1
"ESCA","PDS5A","Classic","CI_M",1,1,1
"ESCA","PDS5B","WGD","CI_M",5,5,1
"ESCA","PDS5B","HM","CI_M",3,3,1
"ESCA","PDS5B","Classic","CI_M",1,1,1
"ESCA","PIK3CA","WGD","M",2,11,0.181818181818182
"ESCA","PIK3CA","WGD","WT",9,11,0.818181818181818
"ESCA","PIK3CA","HM","WT",7,7,1
"ESCA","PIK3CA","Classic","M",2,2,1
"ESCA","PLK4","WGD","CI_M",1,1,1
"ESCA","POLD1","WGD","WT",13,13,1
"ESCA","POLD1","HM","WT",1,1,1
"ESCA","POLD1","Classic","WT",1,1,1
"ESCA","POLQ","WGD","CNA_driver",1,1,1
"ESCA","PPM1D","WGD","CNA_driver",1,1,1
"ESCA","PREX2","WGD","WT",8,8,1
"ESCA","PREX2","HM","WT",9,9,1
"ESCA","PTCH1","WGD","WT",10,10,1
"ESCA","PTCH1","HM","WT",3,3,1
"ESCA","PTDSS1","WGD","M",2,2,1
"ESCA","PTDSS1","HM","M",2,2,1
"ESCA","PTEN","WGD","CNA_driver",2,13,0.153846153846154
"ESCA","PTEN","WGD","WT",11,13,0.846153846153846
"ESCA","PTEN","HM","CNA_driver",1,3,0.333333333333333
"ESCA","PTEN","HM","WT",2,3,0.666666666666667
"ESCA","PTEN","Classic","CNA_driver",1,1,1
"ESCA","PTPRD","WGD","WT",12,12,1
"ESCA","PTPRD","HM","WT",2,2,1
"ESCA","PTPRT","WGD","WT",7,7,1
"ESCA","PTPRT","HM","WT",6,6,1
"ESCA","PTPRT","Classic","WT",5,5,1
"ESCA","RASA1","HM","M",1,1,1
"ESCA","RASA1","Classic","CNA_driver",1,2,0.5
"ESCA","RASA1","Classic","M",1,2,0.5
"ESCA","RB1","WGD","M",1,9,0.111111111111111
"ESCA","RB1","WGD","WT",8,9,0.888888888888889
"ESCA","RB1","HM","CNA_driver",1,4,0.25
"ESCA","RB1","HM","WT",3,4,0.75
"ESCA","RB1","Classic","WT",1,1,1
"ESCA","RNF213","WGD","WT",14,14,1
"ESCA","RNF213","HM","WT",6,6,1
"ESCA","RNF213","Classic","WT",1,1,1
"ESCA","RNF43","WGD","WT",14,14,1
"ESCA","RNF43","HM","WT",8,8,1
"ESCA","RNF43","Classic","CNA_driver",1,3,0.333333333333333
"ESCA","RNF43","Classic","WT",2,3,0.666666666666667
"ESCA","ROBO2","WGD","WT",10,10,1
"ESCA","ROBO2","HM","WT",5,5,1
"ESCA","RUNX1","WGD","CNA_driver",1,1,1
"ESCA","SETD1B","WGD","WT",17,17,1
"ESCA","SETD1B","HM","WT",2,2,1
"ESCA","SETD1B","Classic","WT",1,1,1
"ESCA","SMAD4","WGD","CNA_driver",2,8,0.25
"ESCA","SMAD4","WGD","M",1,8,0.125
"ESCA","SMAD4","WGD","WT",5,8,0.625
"ESCA","SMAD4","HM","CNA_driver",2,5,0.4
"ESCA","SMAD4","HM","M",3,5,0.6
"ESCA","SMAD4","Classic","M",4,4,1
"ESCA","SMARCA4","WGD","M",1,11,0.0909090909090909
"ESCA","SMARCA4","WGD","WT",10,11,0.909090909090909
"ESCA","SMARCA4","Classic","WT",1,1,1
"ESCA","SMC3","WGD","CI_M",1,1,1
"ESCA","SMC3","HM","CI_M",1,1,1
"ESCA","SOX9","Classic","M",1,1,1
"ESCA","STAG1","WGD","CI_M",13,13,1
"ESCA","STAG1","HM","CI_M",7,7,1
"ESCA","STAT6","Classic","M",1,1,1
"ESCA","STK11","Classic","M",1,1,1
"ESCA","TGFBR1","WGD","WT",9,9,1
"ESCA","TGFBR1","HM","WT",3,3,1
"ESCA","TGFBR2","WGD","M",1,11,0.0909090909090909
"ESCA","TGFBR2","WGD","WT",10,11,0.909090909090909
"ESCA","TGFBR2","HM","WT",5,5,1
"ESCA","TP53","WGD","M",25,27,0.925925925925926
"ESCA","TP53","WGD","WT",2,27,0.0740740740740741
"ESCA","TP53","HM","M",9,9,1
"ESCA","TP53","Classic","CNA_driver",1,6,0.166666666666667
"ESCA","TP53","Classic","M",5,6,0.833333333333333
"ESCA","TRIB3","WGD","CI_M",1,1,1
"ESCA","TSC2","WGD","WT",11,11,1
"ESCA","TSC2","HM","WT",1,1,1
"ESCA","TUBGCP2","WGD","CI_M",2,2,1
"ESCA","TUBGCP2","HM","CI_M",2,2,1
"ESCA","USP44","WGD","CI_M",5,5,1
"ESCA","USP44","HM","CI_M",1,1,1
"ESCA","WAPAL","WGD","CI_M",4,4,1
"ESCA","ZNF208","WGD","WT",13,13,1
"ESCA","ZNF208","HM","WT",1,1,1
"ESCA","ZNF208","Classic","WT",1,1,1
"ESCA","ZNF521","WGD","WT",6,6,1
"ESCA","ZNF521","HM","WT",1,1,1
"ESCA","ZNF750","WGD","WT",12,12,1
"ESCA","ZNF750","HM","WT",5,5,1
"ESCA","ZNF750","Classic","WT",1,1,1
"ESCA","enhancers::chr7:86865600-86866400::NA::NA","WGD","M",2,2,1
"HCC","ACVR2A","WGD","M",2,27,0.0740740740740741
"HCC","ACVR2A","WGD","WT",25,27,0.925925925925926
"HCC","ACVR2A","HM","WT",3,3,1
"HCC","ACVR2A","Classic","M",4,6,0.666666666666667
"HCC","ACVR2A","Classic","WT",2,6,0.333333333333333
"HCC","AFF4","WGD","WT",23,23,1
"HCC","AFF4","HM","WT",9,9,1
"HCC","AFF4","Classic","WT",12,12,1
"HCC","AKAP9","WGD","WT",18,18,1
"HCC","AKAP9","HM","WT",9,9,1
"HCC","AKAP9","Classic","WT",26,26,1
"HCC","ALB","WGD","M",3,3,1
"HCC","ALB","HM","M",2,2,1
"HCC","ALB","Classic","M",11,11,1
"HCC","ALK","WGD","WT",29,29,1
"HCC","ALK","HM","WT",4,4,1
"HCC","ALK","Classic","WT",6,6,1
"HCC","APAF1","Classic","M",1,1,1
"HCC","APC","WGD","CNA_driver",1,23,0.0434782608695652
"HCC","APC","WGD","WT",22,23,0.956521739130435
"HCC","APC","HM","M",1,8,0.125
"HCC","APC","HM","WT",7,8,0.875
"HCC","APC","Classic","M",1,15,0.0666666666666667
"HCC","APC","Classic","WT",14,15,0.933333333333333
"HCC","APOB","WGD","M",2,2,1
"HCC","APOB","Classic","M",9,9,1
"HCC","ARID1A","WGD","CNA_driver",6,31,0.193548387096774
"HCC","ARID1A","WGD","M",2,31,0.0645161290322581
"HCC","ARID1A","WGD","WT",23,31,0.741935483870968
"HCC","ARID1A","HM","CNA_driver",1,3,0.333333333333333
"HCC","ARID1A","HM","WT",2,3,0.666666666666667
"HCC","ARID1A","Classic","CNA_driver",12,16,0.75
"HCC","ARID1A","Classic","M",4,16,0.25
"HCC","ARID1B","WGD","WT",23,23,1
"HCC","ARID1B","HM","WT",2,2,1
"HCC","ARID1B","Classic","M",1,5,0.2
"HCC","ARID1B","Classic","WT",4,5,0.8
"HCC","ARID2","WGD","M",3,29,0.103448275862069
"HCC","ARID2","WGD","WT",26,29,0.896551724137931
"HCC","ARID2","HM","M",1,2,0.5
"HCC","ARID2","HM","WT",1,2,0.5
"HCC","ARID2","Classic","M",9,11,0.818181818181818
"HCC","ARID2","Classic","WT",2,11,0.181818181818182
"HCC","ATM","WGD","WT",23,23,1
"HCC","ATM","HM","WT",3,3,1
"HCC","AXIN1","WGD","CNA_driver",1,18,0.0555555555555556
"HCC","AXIN1","WGD","M",1,18,0.0555555555555556
"HCC","AXIN1","WGD","WT",16,18,0.888888888888889
"HCC","AXIN1","HM","WT",1,1,1
"HCC","AXIN1","Classic","CNA_driver",5,18,0.277777777777778
"HCC","AXIN1","Classic","M",10,18,0.555555555555556
"HCC","AXIN1","Classic","WT",3,18,0.166666666666667
"HCC","AXIN2","Classic","M",1,1,1
"HCC","BAP1","WGD","M",2,30,0.0666666666666667
"HCC","BAP1","WGD","WT",28,30,0.933333333333333
"HCC","BAP1","HM","M",1,5,0.2
"HCC","BAP1","HM","WT",4,5,0.8
"HCC","BAP1","Classic","M",1,7,0.142857142857143
"HCC","BAP1","Classic","WT",6,7,0.857142857142857
"HCC","BIRC6","WGD","WT",29,29,1
"HCC","BIRC6","HM","WT",4,4,1
"HCC","BIRC6","Classic","WT",6,6,1
"HCC","BRAF","Classic","M",2,2,1
"HCC","BRCA2","WGD","WT",24,24,1
"HCC","BRCA2","HM","WT",1,1,1
"HCC","BRCA2","Classic","M",1,4,0.25
"HCC","BRCA2","Classic","WT",3,4,0.75
"HCC","BRD7","WGD","M",1,26,0.0384615384615385
"HCC","BRD7","WGD","WT",25,26,0.961538461538462
"HCC","BRD7","HM","WT",1,1,1
"HCC","BRD7","Classic","CNA_driver",1,5,0.2
"HCC","BRD7","Classic","M",2,5,0.4
"HCC","BRD7","Classic","WT",2,5,0.4
"HCC","BUB1","WGD","CI_M",4,4,1
"HCC","BUB1B","WGD","CI_M",3,3,1
"HCC","BUB1B","HM","CI_M",1,1,1
"HCC","BUB1B","Classic","CI_M",2,2,1
"HCC","BUB3","WGD","CI_M",3,3,1
"HCC","CACNA1D","WGD","WT",32,32,1
"HCC","CACNA1D","HM","WT",4,4,1
"HCC","CACNA1D","Classic","WT",6,6,1
"HCC","CAMK1","WGD","M",1,1,1
"HCC","CAMK1","Classic","M",2,2,1
"HCC","CARD11","WGD","WT",17,17,1
"HCC","CARD11","HM","WT",8,8,1
"HCC","CARD11","Classic","WT",19,19,1
"HCC","CASP8","Classic","M",2,2,1
"HCC","CBLB","WGD","M",1,1,1
"HCC","CCND1","WGD","CNA_driver",3,3,1
"HCC","CCND1","HM","CNA_driver",1,1,1
"HCC","CCND1","Classic","CNA_driver",3,3,1
"HCC","CDC27","WGD","M",1,1,1
"HCC","CDH11","WGD","WT",26,26,1
"HCC","CDH11","HM","WT",1,1,1
"HCC","CDH11","Classic","WT",3,3,1
"HCC","CDK12","WGD","M",1,1,1
"HCC","CDKN1A","WGD","M",2,17,0.117647058823529
"HCC","CDKN1A","WGD","WT",15,17,0.882352941176471
"HCC","CDKN1A","HM","WT",7,7,1
"HCC","CDKN1A","Classic","M",2,15,0.133333333333333
"HCC","CDKN1A","Classic","WT",13,15,0.866666666666667
"HCC","CDKN1B","WGD","WT",27,27,1
"HCC","CDKN1B","HM","M",1,2,0.5
"HCC","CDKN1B","HM","WT",1,2,0.5
"HCC","CDKN1B","Classic","WT",1,1,1
"HCC","CDKN2A","WGD","CNA_driver",3,29,0.103448275862069
"HCC","CDKN2A","WGD","M",2,29,0.0689655172413793
"HCC","CDKN2A","WGD","WT",24,29,0.827586206896552
"HCC","CDKN2A","HM","CNA_driver",1,2,0.5
"HCC","CDKN2A","HM","WT",1,2,0.5
"HCC","CDKN2A","Classic","CNA_driver",5,9,0.555555555555556
"HCC","CDKN2A","Classic","M",2,9,0.222222222222222
"HCC","CDKN2A","Classic","WT",2,9,0.222222222222222
"HCC","CHEK2","Classic","M",1,1,1
"HCC","CIC","WGD","WT",17,17,1
"HCC","CIC","HM","WT",2,2,1
"HCC","CIC","Classic","WT",8,8,1
"HCC","CLASP2","Classic","M",1,1,1
"HCC","CLTC","WGD","WT",18,18,1
"HCC","CLTC","HM","WT",2,2,1
"HCC","CLTC","Classic","WT",20,20,1
"HCC","CLTCL1","WGD","WT",19,19,1
"HCC","CLTCL1","HM","WT",3,3,1
"HCC","CLTCL1","Classic","WT",5,5,1
"HCC","CREBBP","WGD","WT",23,23,1
"HCC","CREBBP","HM","WT",1,1,1
"HCC","CREBBP","Classic","WT",3,3,1
"HCC","CSMD3","WGD","WT",16,16,1
"HCC","CSMD3","HM","WT",4,4,1
"HCC","CSMD3","Classic","WT",30,30,1
"HCC","CTNNA2","WGD","WT",28,28,1
"HCC","CTNNA2","HM","WT",3,3,1
"HCC","CTNNA2","Classic","WT",2,2,1
"HCC","CTNNB1","WGD","M",13,34,0.382352941176471
"HCC","CTNNB1","WGD","WT",21,34,0.617647058823529
"HCC","CTNNB1","HM","M",4,7,0.571428571428571
"HCC","CTNNB1","HM","WT",3,7,0.428571428571429
"HCC","CTNNB1","Classic","M",38,44,0.863636363636364
"HCC","CTNNB1","Classic","WT",6,44,0.136363636363636
"HCC","CUX1","Classic","M",1,1,1
"HCC","DCC","WGD","WT",31,31,1
"HCC","DCC","HM","WT",3,3,1
"HCC","DCC","Classic","M",1,2,0.5
"HCC","DCC","Classic","WT",1,2,0.5
"HCC","DDR2","WGD","WT",10,10,1
"HCC","DDR2","HM","WT",7,7,1
"HCC","DDR2","Classic","WT",49,49,1
"HCC","DHX9","WGD","WT",12,12,1
"HCC","DHX9","HM","WT",6,6,1
"HCC","DHX9","Classic","WT",50,50,1
"HCC","DNMT3A","WGD","WT",29,29,1
"HCC","DNMT3A","HM","WT",3,3,1
"HCC","DNMT3A","Classic","M",1,7,0.142857142857143
"HCC","DNMT3A","Classic","WT",6,7,0.857142857142857
"HCC","DYRK1A","Classic","M",1,1,1
"HCC","EEF1A1","WGD","M",1,1,1
"HCC","EEF1A1","Classic","M",1,1,1
"HCC","EFTUD2","Classic","M",1,1,1
"HCC","ELF3","Classic","M",2,2,1
"HCC","EP300","WGD","WT",17,17,1
"HCC","EP300","HM","WT",3,3,1
"HCC","EP300","Classic","M",1,9,0.111111111111111
"HCC","EP300","Classic","WT",8,9,0.888888888888889
"HCC","EPHA2","Classic","M",1,1,1
"HCC","EPHA7","WGD","WT",22,22,1
"HCC","EPHA7","HM","WT",4,4,1
"HCC","EPHA7","Classic","WT",4,4,1
"HCC","ERBB4","WGD","M",1,24,0.0416666666666667
"HCC","ERBB4","WGD","WT",23,24,0.958333333333333
"HCC","ERBB4","HM","WT",3,3,1
"HCC","ERBB4","Classic","WT",5,5,1
"HCC","ERCC5","Classic","M",1,1,1
"HCC","FANCA","Classic","CNA_driver",1,1,1
"HCC","FANCD2","WGD","CI_M",3,3,1
"HCC","FANCD2","Classic","CI_M",2,2,1
"HCC","FANCE","Classic","M",1,1,1
"HCC","FAT4","WGD","WT",25,25,1
"HCC","FAT4","HM","WT",2,2,1
"HCC","FBLN2","WGD","WT",30,30,1
"HCC","FBLN2","HM","WT",5,5,1
"HCC","FBLN2","Classic","WT",8,8,1
"HCC","FBXW7","Classic","M",1,1,1
"HCC","FLT4","WGD","WT",23,23,1
"HCC","FLT4","HM","WT",9,9,1
"HCC","FLT4","Classic","WT",12,12,1
"HCC","FUBP1","WGD","M",1,1,1
"HCC","FUS","WGD","WT",22,22,1
"HCC","FUS","HM","WT",1,1,1
"HCC","FUS","Classic","WT",2,2,1
"HCC","GATA3","Classic","M",1,1,1
"HCC","GMPS","WGD","WT",31,31,1
"HCC","GMPS","HM","WT",5,5,1
"HCC","GMPS","Classic","WT",4,4,1
"HCC","GNAQ","WGD","WT",30,30,1
"HCC","GNAQ","HM","WT",1,1,1
"HCC","GNAQ","Classic","WT",2,2,1
"HCC","GNAS","WGD","WT",19,19,1
"HCC","GNAS","HM","WT",4,4,1
"HCC","GNAS","Classic","WT",14,14,1
"HCC","GNG2","Classic","M",1,1,1
"HCC","GPSM2","Classic","M",1,1,1
"HCC","HES1","WGD","M",1,1,1
"HCC","HES1","Classic","M",2,2,1
"HCC","HLA-A","WGD","M",1,1,1
"HCC","HLA-A","Classic","M",1,1,1
"HCC","HNF1A","WGD","WT",26,26,1
"HCC","HNF1A","HM","WT",2,2,1
"HCC","HNF1A","Classic","WT",5,5,1
"HCC","HNF4A","WGD","M",1,1,1
"HCC","HNF4A","HM","M",1,1,1
"HCC","HNRNPA2B1","WGD","WT",19,19,1
"HCC","HNRNPA2B1","HM","WT",8,8,1
"HCC","HNRNPA2B1","Classic","WT",19,19,1
"HCC","HSPA8","Classic","M",2,2,1
"HCC","IDH1","WGD","WT",24,24,1
"HCC","IDH1","HM","WT",3,3,1
"HCC","IDH1","Classic","WT",4,4,1
"HCC","IL6ST","WGD","WT",21,21,1
"HCC","IL6ST","HM","WT",8,8,1
"HCC","IL6ST","Classic","WT",11,11,1
"HCC","IL7R","WGD","WT",21,21,1
"HCC","IL7R","HM","WT",8,8,1
"HCC","IL7R","Classic","WT",14,14,1
"HCC","IRF2","Classic","M",1,1,1
"HCC","KEAP1","WGD","M",1,23,0.0434782608695652
"HCC","KEAP1","WGD","WT",22,23,0.956521739130435
"HCC","KEAP1","HM","M",1,3,0.333333333333333
"HCC","KEAP1","HM","WT",2,3,0.666666666666667
"HCC","KEAP1","Classic","M",2,4,0.5
"HCC","KEAP1","Classic","WT",2,4,0.5
"HCC","KIF11","WGD","CI_M",2,2,1
"HCC","KIF18A","WGD","CI_M",11,11,1
"HCC","KIF18A","Classic","CI_M",1,1,1
"HCC","KIF18B","WGD","CI_M",4,4,1
"HCC","KIF18B","Classic","CI_M",2,2,1
"HCC","KIF2A","WGD","CI_M",13,13,1
"HCC","KIF2A","HM","CI_M",3,3,1
"HCC","KIF2A","Classic","CI_M",9,9,1
"HCC","KIF2B","Classic","CI_M",1,1,1
"HCC","KLF4","WGD","WT",27,27,1
"HCC","KLF4","HM","WT",1,1,1
"HCC","KLF4","Classic","WT",3,3,1
"HCC","KLF6","Classic","M",1,1,1
"HCC","KMT2A","WGD","WT",21,21,1
"HCC","KMT2A","HM","WT",3,3,1
"HCC","KMT2B","WGD","WT",18,18,1
"HCC","KMT2B","HM","WT",3,3,1
"HCC","KMT2B","Classic","WT",8,8,1
"HCC","KMT2C","WGD","WT",20,20,1
"HCC","KMT2C","HM","WT",7,7,1
"HCC","KMT2C","Classic","M",2,25,0.08
"HCC","KMT2C","Classic","WT",23,25,0.92
"HCC","KMT2D","WGD","WT",29,29,1
"HCC","KMT2D","HM","WT",1,1,1
"HCC","KMT2D","Classic","M",1,3,0.333333333333333
"HCC","KMT2D","Classic","WT",2,3,0.666666666666667
"HCC","KRAS","WGD","WT",28,28,1
"HCC","KRAS","HM","WT",2,2,1
"HCC","KRAS","Classic","M",1,3,0.333333333333333
"HCC","KRAS","Classic","WT",2,3,0.666666666666667
"HCC","LEF1","WGD","WT",24,24,1
"HCC","LEF1","HM","WT",2,2,1
"HCC","LRP1B","WGD","WT",22,22,1
"HCC","LRP1B","HM","WT",3,3,1
"HCC","LRP1B","Classic","WT",1,1,1
"HCC","LZTR1","WGD","WT",18,18,1
"HCC","LZTR1","HM","WT",3,3,1
"HCC","LZTR1","Classic","WT",5,5,1
"HCC","MAD2L2","WGD","CI_M",1,1,1
"HCC","MAP2K4","WGD","WT",30,30,1
"HCC","MAP2K4","Classic","CNA_driver",1,4,0.25
"HCC","MAP2K4","Classic","WT",3,4,0.75
"HCC","MAP3K1","WGD","WT",21,21,1
"HCC","MAP3K1","HM","WT",8,8,1
"HCC","MAP3K1","Classic","WT",11,11,1
"HCC","MAPK1","WGD","WT",18,18,1
"HCC","MAPK1","HM","WT",3,3,1
"HCC","MAPK1","Classic","WT",5,5,1
"HCC","MCC","Classic","M",1,1,1
"HCC","MEN1","WGD","WT",20,20,1
"HCC","MEN1","HM","WT",4,4,1
"HCC","MET","WGD","CNA_driver",2,2,1
"HCC","MET","HM","CNA_driver",1,1,1
"HCC","MGA","Classic","M",2,2,1
"HCC","MTOR","WGD","WT",28,28,1
"HCC","MTOR","HM","WT",1,1,1
"HCC","MUC6","WGD","WT",22,22,1
"HCC","MUC6","HM","WT",4,4,1
"HCC","MUC6","Classic","WT",3,3,1
"HCC","MXD1","WGD","CI_M",4,4,1
"HCC","MXD1","HM","CI_M",1,1,1
"HCC","MYO5A","WGD","WT",29,29,1
"HCC","MYO5A","HM","WT",4,4,1
"HCC","MYO5A","Classic","WT",11,11,1
"HCC","N4BP2","WGD","WT",24,24,1
"HCC","N4BP2","HM","WT",4,4,1
"HCC","N4BP2","Classic","WT",6,6,1
"HCC","NBEA","WGD","WT",23,23,1
"HCC","NBEA","HM","WT",1,1,1
"HCC","NBEA","Classic","WT",3,3,1
"HCC","NCOR1","WGD","CNA_driver",1,1,1
"HCC","NCOR1","Classic","CNA_driver",3,3,1
"HCC","NCOR2","WGD","WT",27,27,1
"HCC","NCOR2","HM","WT",2,2,1
"HCC","NCOR2","Classic","WT",4,4,1
"HCC","NF1","WGD","WT",20,20,1
"HCC","NF1","HM","WT",2,2,1
"HCC","NF1","Classic","M",2,14,0.142857142857143
"HCC","NF1","Classic","WT",12,14,0.857142857142857
"HCC","NF2","WGD","WT",17,17,1
"HCC","NF2","HM","WT",3,3,1
"HCC","NF2","Classic","CNA_driver",1,9,0.111111111111111
"HCC","NF2","Classic","WT",8,9,0.888888888888889
"HCC","NFE2L2","WGD","WT",25,25,1
"HCC","NFE2L2","HM","M",1,4,0.25
"HCC","NFE2L2","HM","WT",3,4,0.75
"HCC","NFE2L2","Classic","M",6,9,0.666666666666667
"HCC","NFE2L2","Classic","WT",3,9,0.333333333333333
"HCC","NPM1","WGD","WT",23,23,1
"HCC","NPM1","HM","WT",9,9,1
"HCC","NPM1","Classic","WT",15,15,1
"HCC","NRAS","WGD","WT",28,28,1
"HCC","NRAS","HM","WT",2,2,1
"HCC","NRAS","Classic","M",1,3,0.333333333333333
"HCC","NRAS","Classic","WT",2,3,0.666666666666667
"HCC","PABPC1","WGD","WT",16,16,1
"HCC","PABPC1","HM","WT",5,5,1
"HCC","PABPC1","Classic","WT",31,31,1
"HCC","PBRM1","Classic","M",1,1,1
"HCC","PDS5A","WGD","CI_M",13,13,1
"HCC","PDS5A","HM","CI_M",2,2,1
"HCC","PDS5A","Classic","CI_M",2,2,1
"HCC","PDS5B","WGD","CI_M",7,7,1
"HCC","PDS5B","Classic","CI_M",1,1,1
"HCC","PIK3CA","WGD","WT",30,30,1
"HCC","PIK3CA","HM","WT",6,6,1
"HCC","PIK3CA","Classic","M",2,7,0.285714285714286
"HCC","PIK3CA","Classic","WT",5,7,0.714285714285714
"HCC","PLK1","WGD","CI_M",5,5,1
"HCC","PLK1","Classic","CI_M",1,1,1
"HCC","PLK4","WGD","CI_M",1,1,1
"HCC","PMS2","WGD","WT",19,19,1
"HCC","PMS2","HM","WT",8,8,1
"HCC","PMS2","Classic","WT",19,19,1
"HCC","PPP6C","HM","CNA_driver",1,1,1
"HCC","PRDM2","WGD","WT",29,29,1
"HCC","PRDM2","HM","WT",1,1,1
"HCC","PREX2","WGD","WT",18,18,1
"HCC","PREX2","HM","WT",5,5,1
"HCC","PREX2","Classic","WT",25,25,1
"HCC","PSMD11","Classic","M",1,1,1
"HCC","PTEN","WGD","WT",24,24,1
"HCC","PTEN","HM","WT",2,2,1
"HCC","PTEN","Classic","CNA_driver",5,10,0.5
"HCC","PTEN","Classic","M",2,10,0.2
"HCC","PTEN","Classic","WT",3,10,0.3
"HCC","PTPRC","WGD","WT",12,12,1
"HCC","PTPRC","HM","WT",6,6,1
"HCC","PTPRC","Classic","WT",50,50,1
"HCC","PTPRT","WGD","WT",22,22,1
"HCC","PTPRT","HM","WT",4,4,1
"HCC","PTPRT","Classic","WT",9,9,1
"HCC","RAD21","Classic","M",1,1,1
"HCC","RANBP2","WGD","WT",25,25,1
"HCC","RANBP2","HM","WT",3,3,1
"HCC","RANBP2","Classic","WT",2,2,1
"HCC","RASA2","Classic","M",1,1,1
"HCC","RB1","WGD","CNA_driver",5,22,0.227272727272727
"HCC","RB1","WGD","M",1,22,0.0454545454545455
"HCC","RB1","WGD","WT",16,22,0.727272727272727
"HCC","RB1","HM","CNA_driver",1,2,0.5
"HCC","RB1","HM","WT",1,2,0.5
"HCC","RB1","Classic","CNA_driver",8,12,0.666666666666667
"HCC","RB1","Classic","M",3,12,0.25
"HCC","RB1","Classic","WT",1,12,0.0833333333333333
"HCC","RGPD3","WGD","WT",25,25,1
"HCC","RGPD3","HM","WT",3,3,1
"HCC","RGPD3","Classic","WT",2,2,1
"HCC","RNF34","WGD","M",1,1,1
"HCC","RNF34","HM","M",1,1,1
"HCC","RNF34","Classic","M",2,2,1
"HCC","ROBO2","WGD","WT",31,31,1
"HCC","ROBO2","HM","WT",5,5,1
"HCC","ROBO2","Classic","WT",4,4,1
"HCC","ROS1","WGD","WT",23,23,1
"HCC","ROS1","HM","WT",3,3,1
"HCC","ROS1","Classic","WT",4,4,1
"HCC","RPL22","WGD","WT",28,28,1
"HCC","RPL22","HM","WT",2,2,1
"HCC","RPL22","Classic","M",1,1,1
"HCC","RPL5","WGD","M",1,1,1
"HCC","RRAS2","HM","M",1,1,1
"HCC","RUNX1T1","WGD","WT",15,15,1
"HCC","RUNX1T1","HM","WT",5,5,1
"HCC","RUNX1T1","Classic","WT",28,28,1
"HCC","SDHA","WGD","WT",17,17,1
"HCC","SDHA","HM","WT",5,5,1
"HCC","SDHA","Classic","WT",7,7,1
"HCC","SDHB","Classic","M",1,1,1
"HCC","SETD2","WGD","WT",31,31,1
"HCC","SETD2","HM","WT",4,4,1
"HCC","SETD2","Classic","M",2,9,0.222222222222222
"HCC","SETD2","Classic","WT",7,9,0.777777777777778
"HCC","SETDB1","WGD","M",3,12,0.25
"HCC","SETDB1","WGD","WT",9,12,0.75
"HCC","SETDB1","HM","M",1,4,0.25
"HCC","SETDB1","HM","WT",3,4,0.75
"HCC","SETDB1","Classic","M",3,48,0.0625
"HCC","SETDB1","Classic","WT",45,48,0.9375
"HCC","SF3B1","WGD","WT",25,25,1
"HCC","SF3B1","HM","WT",3,3,1
"HCC","SF3B1","Classic","M",1,5,0.2
"HCC","SF3B1","Classic","WT",4,5,0.8
"HCC","SMAD4","Classic","M",1,1,1
"HCC","SMARCA4","WGD","WT",23,23,1
"HCC","SMARCA4","HM","WT",2,2,1
"HCC","SMARCA4","Classic","CNA_driver",1,3,0.333333333333333
"HCC","SMARCA4","Classic","WT",2,3,0.666666666666667
"HCC","SMC3","WGD","CI_M",2,2,1
"HCC","SMC3","HM","CI_M",1,1,1
"HCC","SMO","WGD","WT",21,21,1
"HCC","SMO","HM","WT",7,7,1
"HCC","SMO","Classic","WT",24,24,1
"HCC","STAG1","WGD","CI_M",27,27,1
"HCC","STAG1","HM","CI_M",1,1,1
"HCC","STAG1","Classic","CI_M",2,2,1
"HCC","STAT3","Classic","M",1,1,1
"HCC","TAL1","WGD","WT",29,29,1
"HCC","TAL1","HM","WT",1,1,1
"HCC","TAL1","Classic","WT",3,3,1
"HCC","TCF7L2","WGD","WT",22,22,1
"HCC","TCF7L2","HM","WT",3,3,1
"HCC","TCF7L2","Classic","WT",3,3,1
"HCC","TERT","WGD","CNA_driver",1,3,0.333333333333333
"HCC","TERT","WGD","M",2,3,0.666666666666667
"HCC","TERT","HM","M",2,2,1
"HCC","TERT","Classic","M",3,3,1
"HCC","TET1","WGD","WT",24,24,1
"HCC","TET1","HM","WT",3,3,1
"HCC","TET1","Classic","WT",4,4,1
"HCC","TFG","WGD","WT",33,33,1
"HCC","TFG","HM","WT",6,6,1
"HCC","TFG","Classic","WT",3,3,1
"HCC","TOB1","Classic","M",1,1,1
"HCC","TOP1","WGD","WT",22,22,1
"HCC","TOP1","HM","WT",4,4,1
"HCC","TOP1","Classic","WT",9,9,1
"HCC","TP53","WGD","CNA_driver",1,33,0.0303030303030303
"HCC","TP53","WGD","M",20,33,0.606060606060606
"HCC","TP53","WGD","WT",12,33,0.363636363636364
"HCC","TP53","HM","M",4,4,1
"HCC","TP53","Classic","CNA_driver",1,40,0.025
"HCC","TP53","Classic","M",38,40,0.95
"HCC","TP53","Classic","WT",1,40,0.025
"HCC","TPR","WGD","WT",12,12,1
"HCC","TPR","HM","WT",7,7,1
"HCC","TPR","Classic","WT",50,50,1
"HCC","TRAF7","WGD","CNA_driver",1,1,1
"HCC","TRIB3","HM","CI_M",1,1,1
"HCC","TRIP12","Classic","M",1,1,1
"HCC","TSC1","WGD","WT",25,25,1
"HCC","TSC1","HM","CNA_driver",1,3,0.333333333333333
"HCC","TSC1","HM","WT",2,3,0.666666666666667
"HCC","TSC1","Classic","CNA_driver",1,8,0.125
"HCC","TSC1","Classic","M",2,8,0.25
"HCC","TSC1","Classic","WT",5,8,0.625
"HCC","TSC2","WGD","CNA_driver",1,21,0.0476190476190476
"HCC","TSC2","WGD","WT",20,21,0.952380952380952
"HCC","TSC2","HM","WT",1,1,1
"HCC","TSC2","Classic","M",2,5,0.4
"HCC","TSC2","Classic","WT",3,5,0.6
"HCC","TUBGCP2","WGD","CI_M",6,6,1
"HCC","TUBGCP2","Classic","CI_M",1,1,1
"HCC","U2AF1","WGD","M",1,1,1
"HCC","USP44","WGD","CI_M",4,4,1
"HCC","USP44","HM","CI_M",1,1,1
"HCC","USP44","Classic","CI_M",1,1,1
"HCC","USP6","WGD","WT",29,29,1
"HCC","USP6","Classic","WT",3,3,1
"HCC","USP8","WGD","WT",28,28,1
"HCC","USP8","HM","WT",4,4,1
"HCC","USP8","Classic","WT",11,11,1
"HCC","WAPAL","WGD","CI_M",7,7,1
"HCC","WAPAL","Classic","CI_M",2,2,1
"HCC","WNK2","WGD","WT",28,28,1
"HCC","WNK2","HM","WT",1,1,1
"HCC","WNK2","Classic","WT",2,2,1
"HCC","WT1","WGD","M",1,1,1
"HCC","XPO1","Classic","M",1,1,1
"HCC","XRN1","Classic","M",1,1,1
"HCC","ZFHX3","WGD","WT",25,25,1
"HCC","ZFHX3","HM","WT",1,1,1
"HCC","ZFHX3","Classic","WT",2,2,1
"HCC","ZNF429","WGD","WT",22,22,1
"HCC","ZNF429","HM","WT",2,2,1
"HCC","ZNF429","Classic","WT",3,3,1
"HCC","ZNF521","WGD","WT",26,26,1
"HCC","ZNF521","HM","WT",2,2,1
"HCC","ZNF521","Classic","WT",1,1,1
"HCC","enhancers::chr7:86865600-86866400::NA::NA","Classic","M",1,1,1
"HCC","lncrna.ncrna::gencode::RMRP::ENSG00000269900.2","Classic","M",1,1,1
"HCC","lncrna.ncrna::gencode::RPPH1::ENSG00000259001.2","Classic","M",1,1,1
"HCC","lncrna.promCore::gencode::RMRP::ENSG00000269900.2","WGD","M",1,1,1
"HCC","lncrna.promCore::gencode::RMRP::ENSG00000269900.2","Classic","M",3,3,1
"HNSC","ACVR1","WGD","WT",1,1,1
"HNSC","ACVR1","Classic","WT",1,1,1
"HNSC","AJUBA","WGD","WT",1,1,1
"HNSC","AKAP9","WGD","WT",1,1,1
"HNSC","ARID2","WGD","WT",1,1,1
"HNSC","ARID2","Classic","WT",1,1,1
"HNSC","ARID5B","Classic","M",1,1,1
"HNSC","ASXL1","WGD","M",1,1,1
"HNSC","B2M","WGD","WT",1,1,1
"HNSC","BRD4","WGD","WT",4,4,1
"HNSC","BRD4","Classic","WT",1,1,1
"HNSC","BUB1B","WGD","CI_M",1,1,1
"HNSC","CASP8","WGD","WT",1,1,1
"HNSC","CCND1","Classic","WT",1,1,1
"HNSC","CDKN2A","WGD","M",1,1,1
"HNSC","CDKN2A","Classic","WT",1,1,1
"HNSC","CHD4","WGD","WT",1,1,1
"HNSC","CHD4","Classic","WT",1,1,1
"HNSC","CSF3R","WGD","WT",2,2,1
"HNSC","CSF3R","Classic","WT",1,1,1
"HNSC","ELK4","WGD","WT",1,1,1
"HNSC","ELK4","Classic","WT",3,3,1
"HNSC","FAT1","Classic","CNA_driver",1,1,1
"HNSC","FAT3","WGD","WT",1,1,1
"HNSC","FAT3","Classic","WT",1,1,1
"HNSC","FBLN2","WGD","WT",1,1,1
"HNSC","FBXW7","WGD","WT",1,1,1
"HNSC","GATA2","Classic","WT",1,1,1
"HNSC","HLA-A","WGD","WT",1,1,1
"HNSC","HLA-A","Classic","M",1,1,1
"HNSC","HLA-B","WGD","WT",1,1,1
"HNSC","HRAS","WGD","WT",1,1,1
"HNSC","KIF11","WGD","CI_M",1,1,1
"HNSC","KIF2A","Classic","CI_M",2,2,1
"HNSC","KIF2C","WGD","CI_M",1,1,1
"HNSC","KIF5B","WGD","WT",1,1,1
"HNSC","KMT2C","WGD","WT",1,1,1
"HNSC","KMT2D","WGD","WT",1,1,1
"HNSC","KMT2D","Classic","WT",1,1,1
"HNSC","KRAS","Classic","M",1,1,1
"HNSC","LRP1B","WGD","WT",1,1,1
"HNSC","LRP1B","Classic","WT",1,1,1
"HNSC","MB21D2","Classic","WT",3,3,1
"HNSC","MIB2","WGD","WT",1,1,1
"HNSC","MIB2","Classic","WT",2,2,1
"HNSC","MPL","WGD","WT",2,2,1
"HNSC","MPL","Classic","WT",1,1,1
"HNSC","NF1","WGD","WT",1,1,1
"HNSC","NF1","Classic","M",1,2,0.5
"HNSC","NF1","Classic","WT",1,2,0.5
"HNSC","NFE2L2","WGD","WT",1,1,1
"HNSC","NFE2L2","Classic","WT",1,1,1
"HNSC","NOTCH1","WGD","WT",1,1,1
"HNSC","NOTCH1","Classic","M",1,1,1
"HNSC","NOTCH2","WGD","WT",2,2,1
"HNSC","NOTCH2","Classic","WT",1,1,1
"HNSC","NSD1","Classic","WT",2,2,1
"HNSC","PA2G4","Classic","M",1,1,1
"HNSC","PIK3CA","WGD","M",1,1,1
"HNSC","PIK3CA","Classic","M",1,2,0.5
"HNSC","PIK3CA","Classic","WT",1,2,0.5
"HNSC","PIK3R1","Classic","WT",2,2,1
"HNSC","PTEN","WGD","WT",1,1,1
"HNSC","RASA1","Classic","WT",2,2,1
"HNSC","RHOA","WGD","WT",1,1,1
"HNSC","ROS1","WGD","WT",3,3,1
"HNSC","SETD1B","WGD","WT",1,1,1
"HNSC","SETD1B","Classic","WT",1,1,1
"HNSC","SETDB1","WGD","WT",1,1,1
"HNSC","SETDB1","Classic","WT",2,2,1
"HNSC","SMAD4","WGD","WT",1,1,1
"HNSC","SMARCA4","WGD","WT",4,4,1
"HNSC","SMARCA4","Classic","WT",1,1,1
"HNSC","STAG1","WGD","CI_M",2,2,1
"HNSC","TGFBR2","WGD","WT",1,1,1
"HNSC","TP53","WGD","M",1,1,1
"HNSC","TP53","Classic","M",1,1,1
"HNSC","TP63","Classic","WT",3,3,1
"HNSC","TRRAP","WGD","WT",1,1,1
"LUAD","ACVR1B","WGD","WT",3,3,1
"LUAD","AFF3","WGD","WT",2,2,1
"LUAD","APC","WGD","WT",2,2,1
"LUAD","ARID1A","WGD","WT",3,3,1
"LUAD","ARID2","WGD","WT",3,3,1
"LUAD","ATF7IP","WGD","WT",3,3,1
"LUAD","ATM","WGD","WT",2,2,1
"LUAD","BIRC6","WGD","WT",1,1,1
"LUAD","BRAF","WGD","WT",1,1,1
"LUAD","CBLB","WGD","WT",1,1,1
"LUAD","CBLB","Classic","WT",1,1,1
"LUAD","CDH10","WGD","WT",1,1,1
"LUAD","CDKN2A","WGD","WT",1,1,1
"LUAD","CIC","WGD","WT",1,1,1
"LUAD","CSMD3","WGD","WT",2,2,1
"LUAD","CTNNA2","WGD","WT",1,1,1
"LUAD","CTNNB1","WGD","WT",1,1,1
"LUAD","CTNND2","WGD","WT",1,1,1
"LUAD","CUX1","WGD","WT",1,1,1
"LUAD","EPHA7","WGD","WT",1,1,1
"LUAD","ERBB2","WGD","WT",2,2,1
"LUAD","FAT4","WGD","WT",3,3,1
"LUAD","FBXW7","WGD","WT",3,3,1
"LUAD","FLCN","WGD","WT",1,1,1
"LUAD","FLT4","WGD","WT",1,1,1
"LUAD","KDR","WGD","WT",1,1,1
"LUAD","KEAP1","WGD","WT",1,1,1
"LUAD","KIF18B","WGD","CI_M",2,2,1
"LUAD","KIF2B","WGD","CI_M",3,3,1
"LUAD","KIF2C","WGD","CI_M",1,1,1
"LUAD","KRAS","WGD","WT",3,3,1
"LUAD","LRP1B","WGD","WT",2,2,1
"LUAD","MET","WGD","WT",1,1,1
"LUAD","NCOA2","WGD","WT",2,2,1
"LUAD","NCOR1","WGD","WT",1,1,1
"LUAD","NF1","WGD","WT",2,2,1
"LUAD","NFKBIE","WGD","WT",1,1,1
"LUAD","NOTCH1","WGD","WT",3,3,1
"LUAD","NRAS","WGD","WT",2,2,1
"LUAD","PBRM1","WGD","WT",1,1,1
"LUAD","PER3","WGD","WT",3,3,1
"LUAD","PIK3CA","WGD","WT",1,1,1
"LUAD","PLK1","WGD","CI_M",1,1,1
"LUAD","PPM1D","WGD","WT",3,3,1
"LUAD","PTEN","WGD","WT",1,1,1
"LUAD","RBM15","WGD","WT",3,3,1
"LUAD","RGS7","WGD","WT",3,3,1
"LUAD","RGS7","Classic","WT",1,1,1
"LUAD","RHPN2","WGD","WT",2,2,1
"LUAD","RPL5","WGD","WT",3,3,1
"LUAD","SETD1B","WGD","WT",2,2,1
"LUAD","SETD2","WGD","WT",1,1,1
"LUAD","SLC34A2","WGD","WT",1,1,1
"LUAD","SMARCA4","WGD","WT",1,1,1
"LUAD","SPEN","WGD","WT",3,3,1
"LUAD","STK11","WGD","WT",1,1,1
"LUAD","TP53","WGD","WT",1,1,1
"LUAD","TRRAP","WGD","WT",1,1,1
"LUAD","TSC1","WGD","WT",3,3,1
"LUAD","TUBGCP2","WGD","CI_M",1,1,1
"LUAD","USP44","WGD","CI_M",1,1,1
"LUAD","VAV1","WGD","WT",1,1,1
"LUAD","ZEB1","WGD","WT",1,1,1
"LUSC","ARHGAP35","WGD","WT",3,3,1
"LUSC","ARID1A","WGD","WT",2,2,1
"LUSC","ARID1B","WGD","WT",1,1,1
"LUSC","BUB1B","WGD","CI_M",1,1,1
"LUSC","CD209","WGD","WT",2,2,1
"LUSC","CREBBP","WGD","WT",1,1,1
"LUSC","CUL3","WGD","WT",4,4,1
"LUSC","CUX1","WGD","WT",2,2,1
"LUSC","CUX1","Classic","WT",1,1,1
"LUSC","EGFR","WGD","WT",1,1,1
"LUSC","ESR1","WGD","WT",2,2,1
"LUSC","FAT1","WGD","WT",1,1,1
"LUSC","FBXW7","WGD","WT",2,2,1
"LUSC","FGFR2","WGD","WT",2,2,1
"LUSC","FGFR3","WGD","WT",1,1,1
"LUSC","HLA-A","WGD","WT",1,1,1
"LUSC","HRAS","WGD","WT",1,1,1
"LUSC","KEAP1","WGD","WT",2,2,1
"LUSC","KIF2B","WGD","CI_M",2,2,1
"LUSC","KIF2B","Classic","CI_M",1,1,1
"LUSC","KMT2C","WGD","WT",2,2,1
"LUSC","KMT2C","Classic","WT",1,1,1
"LUSC","KMT2D","WGD","WT",4,4,1
"LUSC","KRAS","WGD","WT",3,3,1
"LUSC","LRP1B","WGD","WT",3,3,1
"LUSC","MUC6","WGD","WT",1,1,1
"LUSC","NF1","WGD","WT",2,2,1
"LUSC","NFE2L2","WGD","WT",5,5,1
"LUSC","NOTCH1","WGD","WT",2,2,1
"LUSC","NRAS","WGD","WT",1,1,1
"LUSC","NUP98","WGD","WT",1,1,1
"LUSC","PDGFRA","WGD","WT",2,2,1
"LUSC","PDS5A","WGD","CI_M",1,1,1
"LUSC","PTEN","WGD","WT",3,3,1
"LUSC","RANBP2","WGD","WT",4,4,1
"LUSC","RGPD3","WGD","WT",4,4,1
"LUSC","RGS7","WGD","WT",5,5,1
"LUSC","RGS7","Classic","WT",1,1,1
"LUSC","RHPN2","WGD","WT",2,2,1
"LUSC","RNF213","WGD","WT",2,2,1
"LUSC","RNF213","Classic","WT",1,1,1
"LUSC","RNF43","WGD","WT",2,2,1
"LUSC","RNF43","Classic","WT",1,1,1
"LUSC","STAG1","WGD","CI_M",2,2,1
"LUSC","TNC","WGD","WT",2,2,1
"LUSC","TP53","WGD","WT",2,2,1
"LUSC","TUBGCP2","WGD","CI_M",2,2,1
"LUSC","USP6","WGD","WT",2,2,1
"LUSC","ZEB1","WGD","WT",3,3,1
"LUSC","ZNF750","WGD","WT",2,2,1
"MBL","ARID1A","WGD","WT",4,4,1
"MBL","ARID1B","WGD","WT",6,6,1
"MBL","ARID1B","HM","WT",1,1,1
"MBL","ARID1B","Classic","WT",3,3,1
"MBL","ARID2","WGD","WT",4,4,1
"MBL","ARID2","Classic","WT",2,2,1
"MBL","ASXL1","WGD","WT",4,4,1
"MBL","ASXL1","HM","WT",1,1,1
"MBL","ASXL1","Classic","WT",2,2,1
"MBL","ATM","Classic","M",1,1,1
"MBL","BRCA2","WGD","WT",4,4,1
"MBL","BRCA2","HM","WT",1,1,1
"MBL","BRPF1","Classic","M",1,1,1
"MBL","CCAR1","WGD","WT",6,6,1
"MBL","CHD7","WGD","WT",4,4,1
"MBL","CHD7","Classic","WT",1,1,1
"MBL","CREBBP","WGD","WT",2,2,1
"MBL","CREBBP","Classic","M",1,1,1
"MBL","CTDNEP1","Classic","M",1,1,1
"MBL","CTNNB1","WGD","WT",5,5,1
"MBL","CTNNB1","HM","WT",1,1,1
"MBL","CTNNB1","Classic","WT",1,1,1
"MBL","DDX6","WGD","WT",4,4,1
"MBL","DDX6","HM","WT",1,1,1
"MBL","EP300","WGD","WT",3,3,1
"MBL","EP300","HM","WT",1,1,1
"MBL","FAM174B","WGD","WT",6,6,1
"MBL","FAM174B","Classic","WT",1,1,1
"MBL","FANCA","HM","CNA_driver",1,1,1
"MBL","FAT1","WGD","WT",4,4,1
"MBL","FAT1","HM","WT",1,1,1
"MBL","FAT1","Classic","WT",2,2,1
"MBL","FBXW7","WGD","WT",4,4,1
"MBL","FBXW7","HM","WT",1,1,1
"MBL","FBXW7","Classic","M",1,3,0.333333333333333
"MBL","FBXW7","Classic","WT",2,3,0.666666666666667
"MBL","FOXO3","WGD","WT",6,6,1
"MBL","FOXO3","HM","WT",1,1,1
"MBL","FOXO3","Classic","WT",3,3,1
"MBL","FUBP1","Classic","M",1,1,1
"MBL","GNA13","WGD","M",1,1,1
"MBL","GNAS","WGD","WT",4,4,1
"MBL","GNAS","HM","WT",1,1,1
"MBL","GNAS","Classic","WT",2,2,1
"MBL","HIP1","WGD","WT",3,3,1
"MBL","HIP1","Classic","WT",4,4,1
"MBL","IDH1","WGD","WT",4,4,1
"MBL","IDH1","HM","WT",1,1,1
"MBL","IDH1","Classic","M",1,2,0.5
"MBL","IDH1","Classic","WT",1,2,0.5
"MBL","KAT6B","WGD","WT",6,6,1
"MBL","KBTBD4","Classic","M",2,2,1
"MBL","KDM3B","WGD","WT",5,5,1
"MBL","KDM3B","Classic","WT",2,2,1
"MBL","KIF18A","WGD","CI_M",1,1,1
"MBL","KIF2A","WGD","CI_M",1,1,1
"MBL","KMT2C","WGD","WT",2,2,1
"MBL","KMT2C","Classic","M",4,7,0.571428571428571
"MBL","KMT2C","Classic","WT",3,7,0.428571428571429
"MBL","KMT2D","WGD","WT",4,4,1
"MBL","KMT2D","Classic","M",5,6,0.833333333333333
"MBL","KMT2D","Classic","WT",1,6,0.166666666666667
"MBL","LDB1","WGD","WT",6,6,1
"MBL","LDB1","Classic","M",1,1,1
"MBL","LRP1B","WGD","WT",4,4,1
"MBL","LRP1B","HM","WT",1,1,1
"MBL","LRP1B","Classic","WT",1,1,1
"MBL","MAX","WGD","WT",4,4,1
"MBL","MYCN","WGD","CNA_driver",1,6,0.166666666666667
"MBL","MYCN","WGD","WT",5,6,0.833333333333333
"MBL","MYCN","HM","WT",1,1,1
"MBL","MYCN","Classic","CNA_driver",1,1,1
"MBL","NCOR1","WGD","WT",2,2,1
"MBL","NCOR1","Classic","WT",1,1,1
"MBL","NOTCH1","WGD","WT",4,4,1
"MBL","NOTCH1","Classic","M",1,6,0.166666666666667
"MBL","NOTCH1","Classic","WT",5,6,0.833333333333333
"MBL","NTRK2","WGD","WT",5,5,1
"MBL","NTRK2","Classic","WT",5,5,1
"MBL","PIK3CA","WGD","M",1,5,0.2
"MBL","PIK3CA","WGD","WT",4,5,0.8
"MBL","PIK3CA","HM","WT",1,1,1
"MBL","PIK3CA","Classic","WT",3,3,1
"MBL","PRKAR1A","WGD","WT",3,3,1
"MBL","PRKAR1A","Classic","M",3,9,0.333333333333333
"MBL","PRKAR1A","Classic","WT",6,9,0.666666666666667
"MBL","PTCH1","WGD","WT",5,5,1
"MBL","PTCH1","Classic","CNA_driver",1,6,0.166666666666667
"MBL","PTCH1","Classic","M",5,6,0.833333333333333
"MBL","PTEN","WGD","WT",6,6,1
"MBL","PTEN","Classic","CNA_driver",1,1,1
"MBL","RNF213","WGD","WT",3,3,1
"MBL","RNF213","Classic","WT",7,7,1
"MBL","SETD2","WGD","M",1,1,1
"MBL","SF3B1","WGD","WT",4,4,1
"MBL","SF3B1","HM","WT",1,1,1
"MBL","SF3B1","Classic","WT",1,1,1
"MBL","SMARCA4","WGD","WT",3,3,1
"MBL","SMARCA4","Classic","M",2,3,0.666666666666667
"MBL","SMARCA4","Classic","WT",1,3,0.333333333333333
"MBL","SMARCB1","WGD","WT",3,3,1
"MBL","SMARCB1","HM","WT",1,1,1
"MBL","SMO","WGD","M",2,4,0.5
"MBL","SMO","WGD","WT",2,4,0.5
"MBL","SMO","HM","M",1,1,1
"MBL","SMO","Classic","M",1,4,0.25
"MBL","SMO","Classic","WT",3,4,0.75
"MBL","STAG1","WGD","CI_M",1,1,1
"MBL","STAG1","Classic","CI_M",1,1,1
"MBL","SUFU","Classic","CNA_driver",1,1,1
"MBL","TBR1","WGD","M",1,1,1
"MBL","TBR1","Classic","M",2,2,1
"MBL","TCF4","WGD","M",1,5,0.2
"MBL","TCF4","WGD","WT",4,5,0.8
"MBL","TCF4","HM","WT",1,1,1
"MBL","TCF4","Classic","M",1,3,0.333333333333333
"MBL","TCF4","Classic","WT",2,3,0.666666666666667
"MBL","TERT","Classic","M",2,2,1
"MBL","TET1","WGD","WT",6,6,1
"MBL","TP53","WGD","WT",2,2,1
"MBL","TP53","Classic","WT",1,1,1
"MBL","TPR","WGD","WT",5,5,1
"MBL","TPR","HM","WT",1,1,1
"MBL","TPR","Classic","WT",2,2,1
"MBL","TRIM33","WGD","WT",5,5,1
"MBL","WNK1","Classic","M",1,1,1
"MBL","XPA","WGD","M",1,1,1
"MBL","ZNF274","WGD","WT",3,3,1
"MEL","AFF1","WGD","WT",26,26,1
"MEL","AFF1","HM","WT",1,1,1
"MEL","APC","WGD","WT",24,24,1
"MEL","APC","HM","WT",1,1,1
"MEL","ARID1A","WGD","M",1,1,1
"MEL","ARID2","WGD","WT",28,28,1
"MEL","ARID2","Classic","WT",1,1,1
"MEL","ATM","WGD","M",1,23,0.0434782608695652
"MEL","ATM","WGD","WT",22,23,0.956521739130435
"MEL","ATM","HM","CNA_driver",1,1,1
"MEL","ATM","Classic","WT",2,2,1
"MEL","ATR","WGD","WT",23,23,1
"MEL","ATR","HM","WT",1,1,1
"MEL","ATR","Classic","WT",1,1,1
"MEL","B2M","WGD","CNA_driver",4,29,0.137931034482759
"MEL","B2M","WGD","WT",25,29,0.862068965517241
"MEL","B2M","HM","CNA_driver",1,2,0.5
"MEL","B2M","HM","WT",1,2,0.5
"MEL","B2M","Classic","CNA_driver",1,2,0.5
"MEL","B2M","Classic","WT",1,2,0.5
"MEL","BAP1","Classic","M",1,1,1
"MEL","BCLAF1","WGD","WT",27,27,1
"MEL","BCLAF1","HM","WT",1,1,1
"MEL","BCLAF1","Classic","WT",1,1,1
"MEL","BRAF","WGD","M",11,19,0.578947368421053
"MEL","BRAF","WGD","WT",8,19,0.421052631578947
"MEL","BRAF","HM","M",2,2,1
"MEL","BRAF","Classic","M",7,13,0.538461538461538
"MEL","BRAF","Classic","WT",6,13,0.461538461538462
"MEL","BRCA1","WGD","WT",15,15,1
"MEL","BRCA1","Classic","WT",1,1,1
"MEL","BRD7","WGD","WT",27,27,1
"MEL","BUB1","WGD","CI_M",6,6,1
"MEL","BUB1","HM","CI_M",1,1,1
"MEL","BUB1B","WGD","CI_M",8,8,1
"MEL","BUB3","WGD","CI_M",2,2,1
"MEL","CADM2","WGD","WT",25,25,1
"MEL","CADM2","Classic","WT",2,2,1
"MEL","CCND1","WGD","CNA_driver",6,6,1
"MEL","CCND1","Classic","CNA_driver",1,1,1
"MEL","CDC20","WGD","CI_M",1,1,1
"MEL","CDK12","WGD","WT",15,15,1
"MEL","CDK12","Classic","M",1,2,0.5
"MEL","CDK12","Classic","WT",1,2,0.5
"MEL","CDK4","WGD","CNA_driver",2,29,0.0689655172413793
"MEL","CDK4","WGD","WT",27,29,0.931034482758621
"MEL","CDK4","HM","CNA_driver",1,1,1
"MEL","CDK4","Classic","WT",1,1,1
"MEL","CDKN2A","WGD","CNA_driver",12,28,0.428571428571429
"MEL","CDKN2A","WGD","M",5,28,0.178571428571429
"MEL","CDKN2A","WGD","WT",11,28,0.392857142857143
"MEL","CDKN2A","HM","M",1,3,0.333333333333333
"MEL","CDKN2A","HM","WT",2,3,0.666666666666667
"MEL","CDKN2A","Classic","CNA_driver",7,12,0.583333333333333
"MEL","CDKN2A","Classic","M",3,12,0.25
"MEL","CDKN2A","Classic","WT",2,12,0.166666666666667
"MEL","CHD8","WGD","M",1,1,1
"MEL","COL1A1","WGD","WT",19,19,1
"MEL","COL1A1","Classic","WT",2,2,1
"MEL","COL6A3","WGD","WT",21,21,1
"MEL","COL6A3","HM","WT",1,1,1
"MEL","COL6A3","Classic","WT",1,1,1
"MEL","CSMD3","WGD","WT",13,13,1
"MEL","CSMD3","HM","WT",1,1,1
"MEL","CSMD3","Classic","WT",4,4,1
"MEL","CTNNA2","WGD","WT",25,25,1
"MEL","CTNNA2","HM","WT",1,1,1
"MEL","CTNNA2","Classic","WT",1,1,1
"MEL","CTNNB1","WGD","WT",26,26,1
"MEL","CTNNB1","HM","WT",1,1,1
"MEL","CTNNB1","Classic","M",1,3,0.333333333333333
"MEL","CTNNB1","Classic","WT",2,3,0.666666666666667
"MEL","CTNND2","WGD","WT",19,19,1
"MEL","CTNND2","HM","WT",2,2,1
"MEL","CUX1","WGD","WT",8,8,1
"MEL","CUX1","HM","WT",1,1,1
"MEL","CUX1","Classic","WT",6,6,1
"MEL","CYP2C8","WGD","WT",21,21,1
"MEL","DCC","Classic","M",1,1,1
"MEL","DDB2","HM","M",1,1,1
"MEL","DICER1","WGD","WT",22,22,1
"MEL","DICER1","HM","WT",1,1,1
"MEL","DICER1","Classic","WT",1,1,1
"MEL","ELL","WGD","WT",21,21,1
"MEL","EPHA3","WGD","WT",10,10,1
"MEL","EPHB2","Classic","M",1,1,1
"MEL","ERBB4","WGD","M",2,23,0.0869565217391304
"MEL","ERBB4","WGD","WT",21,23,0.91304347826087
"MEL","ERBB4","HM","M",1,2,0.5
"MEL","ERBB4","HM","WT",1,2,0.5
"MEL","ERBB4","Classic","M",1,2,0.5
"MEL","ERBB4","Classic","WT",1,2,0.5
"MEL","ERCC2","WGD","CNA_driver",1,1,1
"MEL","ERCC3","WGD","WT",24,24,1
"MEL","ERCC3","HM","WT",1,1,1
"MEL","ERCC3","Classic","M",2,3,0.666666666666667
"MEL","ERCC3","Classic","WT",1,3,0.333333333333333
"MEL","ESR1","WGD","WT",25,25,1
"MEL","ESR1","HM","WT",1,1,1
"MEL","ESR1","Classic","WT",1,1,1
"MEL","FANCA","WGD","CNA_driver",1,1,1
"MEL","FANCD2","WGD","CI_M",13,13,1
"MEL","FANCD2","HM","CI_M",1,1,1
"MEL","FANCD2","Classic","CI_M",1,1,1
"MEL","FAT3","WGD","WT",23,23,1
"MEL","FAT3","Classic","WT",1,1,1
"MEL","FAT4","WGD","WT",27,27,1
"MEL","FAT4","HM","WT",1,1,1
"MEL","GNA11","WGD","WT",17,17,1
"MEL","GNA11","Classic","WT",1,1,1
"MEL","GNAI2","WGD","M",1,1,1
"MEL","GNAS","WGD","M",1,1,1
"MEL","GRM3","WGD","WT",9,9,1
"MEL","GRM3","Classic","WT",6,6,1
"MEL","HDAC2","Classic","M",1,1,1
"MEL","HLA-A","WGD","WT",17,17,1
"MEL","HLA-A","HM","WT",4,4,1
"MEL","HLA-A","Classic","WT",11,11,1
"MEL","HSP90AB1","WGD","WT",18,18,1
"MEL","HSP90AB1","HM","WT",3,3,1
"MEL","HSP90AB1","Classic","WT",11,11,1
"MEL","IDH1","WGD","WT",24,24,1
"MEL","IDH1","HM","WT",1,1,1
"MEL","IDH1","Classic","M",1,2,0.5
"MEL","IDH1","Classic","WT",1,2,0.5
"MEL","INPPL1","Classic","M",1,1,1
"MEL","IRF8","WGD","M",2,2,1
"MEL","KDR","WGD","M",1,1,1
"MEL","KIF11","WGD","CI_M",4,4,1
"MEL","KIF18A","WGD","CI_M",7,7,1
"MEL","KIF18B","WGD","CI_M",7,7,1
"MEL","KIF2A","WGD","CI_M",15,15,1
"MEL","KIF2A","HM","CI_M",1,1,1
"MEL","KIF2A","Classic","CI_M",1,1,1
"MEL","KIF2B","WGD","CI_M",3,3,1
"MEL","KIF2B","Classic","CI_M",1,1,1
"MEL","KIF2C","WGD","CI_M",10,10,1
"MEL","KIT","WGD","CNA_driver",1,27,0.037037037037037
"MEL","KIT","WGD","M",1,27,0.037037037037037
"MEL","KIT","WGD","WT",25,27,0.925925925925926
"MEL","KIT","HM","WT",1,1,1
"MEL","KIT","Classic","M",1,1,1
"MEL","KLF6","WGD","WT",14,14,1
"MEL","KLF6","HM","WT",1,1,1
"MEL","KMT2C","WGD","WT",11,11,1
"MEL","KMT2C","HM","WT",1,1,1
"MEL","KMT2C","Classic","WT",8,8,1
"MEL","KRAS","WGD","WT",25,25,1
"MEL","KRAS","Classic","WT",1,1,1
"MEL","LIFR","WGD","WT",20,20,1
"MEL","LIFR","HM","WT",2,2,1
"MEL","LRP1B","WGD","WT",22,22,1
"MEL","LRP1B","HM","WT",1,1,1
"MEL","LRP1B","Classic","WT",1,1,1
"MEL","MAP2K1","WGD","WT",27,27,1
"MEL","MAP2K1","HM","WT",2,2,1
"MEL","MAP2K1","Classic","M",1,2,0.5
"MEL","MAP2K1","Classic","WT",1,2,0.5
"MEL","MDGA2","WGD","WT",21,21,1
"MEL","MDGA2","HM","WT",1,1,1
"MEL","MDGA2","Classic","WT",2,2,1
"MEL","MDM2","WGD","CNA_driver",3,3,1
"MEL","MECOM","WGD","WT",23,23,1
"MEL","MECOM","HM","WT",1,1,1
"MEL","MECOM","Classic","WT",1,1,1
"MEL","MEN1","WGD","M",2,2,1
"MEL","MLLT3","WGD","WT",16,16,1
"MEL","MLLT3","HM","WT",2,2,1
"MEL","MLLT3","Classic","WT",2,2,1
"MEL","MUTYH","Classic","M",1,1,1
"MEL","MXD1","WGD","CI_M",8,8,1
"MEL","MXD1","Classic","CI_M",1,1,1
"MEL","MYH11","WGD","WT",26,26,1
"MEL","NACA","WGD","WT",28,28,1
"MEL","NACA","Classic","WT",1,1,1
"MEL","NF1","WGD","M",1,18,0.0555555555555556
"MEL","NF1","WGD","WT",17,18,0.944444444444444
"MEL","NF1","Classic","M",1,2,0.5
"MEL","NF1","Classic","WT",1,2,0.5
"MEL","NF2","WGD","WT",15,15,1
"MEL","NF2","HM","WT",3,3,1
"MEL","NF2","Classic","WT",1,1,1
"MEL","NOTCH1","WGD","WT",16,16,1
"MEL","NOTCH1","HM","WT",2,2,1
"MEL","NOTCH1","Classic","WT",3,3,1
"MEL","NOTCH2","WGD","CNA_driver",2,2,1
"MEL","NOTCH2","Classic","CNA_driver",1,1,1
"MEL","NRAS","WGD","M",6,28,0.214285714285714
"MEL","NRAS","WGD","WT",22,28,0.785714285714286
"MEL","NRAS","HM","M",1,1,1
"MEL","NRAS","Classic","M",6,7,0.857142857142857
"MEL","NRAS","Classic","WT",1,7,0.142857142857143
"MEL","NSD1","WGD","WT",19,19,1
"MEL","NSD1","HM","WT",1,1,1
"MEL","NSD1","Classic","WT",1,1,1
"MEL","PBRM1","WGD","WT",25,25,1
"MEL","PBRM1","Classic","WT",2,2,1
"MEL","PDCD1LG2","WGD","WT",17,17,1
"MEL","PDCD1LG2","HM","WT",3,3,1
"MEL","PDCD1LG2","Classic","WT",3,3,1
"MEL","PDS5A","WGD","CI_M",13,13,1
"MEL","PDS5B","WGD","CI_M",11,11,1
"MEL","PDS5B","HM","CI_M",4,4,1
"MEL","PDS5B","Classic","CI_M",1,1,1
"MEL","PIK3R1","Classic","M",2,2,1
"MEL","PLK1","WGD","CI_M",1,1,1
"MEL","PLK4","WGD","CI_M",6,6,1
"MEL","PLXNC1","WGD","WT",27,27,1
"MEL","PLXNC1","Classic","WT",1,1,1
"MEL","POLQ","WGD","WT",22,22,1
"MEL","POLQ","Classic","WT",1,1,1
"MEL","POT1","WGD","WT",10,10,1
"MEL","POT1","HM","WT",2,2,1
"MEL","POT1","Classic","WT",8,8,1
"MEL","PPP6C","WGD","WT",14,14,1
"MEL","PPP6C","HM","WT",2,2,1
"MEL","PPP6C","Classic","M",2,4,0.5
"MEL","PPP6C","Classic","WT",2,4,0.5
"MEL","PREX2","WGD","WT",15,15,1
"MEL","PREX2","HM","WT",1,1,1
"MEL","PREX2","Classic","WT",4,4,1
"MEL","PTEN","WGD","CNA_driver",2,22,0.0909090909090909
"MEL","PTEN","WGD","M",1,22,0.0454545454545455
"MEL","PTEN","WGD","WT",19,22,0.863636363636364
"MEL","PTEN","HM","CNA_driver",1,1,1
"MEL","PTEN","Classic","CNA_driver",3,5,0.6
"MEL","PTEN","Classic","M",2,5,0.4
"MEL","PTPN6","WGD","WT",26,26,1
"MEL","PTPN6","Classic","WT",1,1,1
"MEL","PTPRB","WGD","WT",25,25,1
"MEL","PTPRB","Classic","WT",1,1,1
"MEL","PTPRC","WGD","WT",12,12,1
"MEL","PTPRC","Classic","WT",5,5,1
"MEL","PTPRD","WGD","WT",17,17,1
"MEL","PTPRD","HM","WT",3,3,1
"MEL","PTPRD","Classic","WT",3,3,1
"MEL","PTPRT","WGD","WT",16,16,1
"MEL","PTPRT","HM","WT",5,5,1
"MEL","PTPRT","Classic","WT",4,4,1
"MEL","QKI","WGD","WT",24,24,1
"MEL","QKI","HM","WT",1,1,1
"MEL","QKI","Classic","WT",1,1,1
"MEL","RAC1","WGD","M",1,10,0.1
"MEL","RAC1","WGD","WT",9,10,0.9
"MEL","RAC1","HM","WT",2,2,1
"MEL","RAC1","Classic","M",1,5,0.2
"MEL","RAC1","Classic","WT",4,5,0.8
"MEL","RAD54L","WGD","M",1,1,1
"MEL","RB1","WGD","M",1,21,0.0476190476190476
"MEL","RB1","WGD","WT",20,21,0.952380952380952
"MEL","RB1","HM","WT",3,3,1
"MEL","RB1","Classic","WT",2,2,1
"MEL","RET","WGD","WT",20,20,1
"MEL","RGPD3","WGD","WT",26,26,1
"MEL","RGPD3","HM","WT",1,1,1
"MEL","RGPD3","Classic","WT",1,1,1
"MEL","RGS7","WGD","WT",16,16,1
"MEL","RGS7","Classic","WT",4,4,1
"MEL","ROBO2","WGD","WT",22,22,1
"MEL","ROBO2","Classic","WT",2,2,1
"MEL","RPL5","WGD","WT",27,27,1
"MEL","RPL5","Classic","WT",3,3,1
"MEL","RUNX1T1","WGD","WT",13,13,1
"MEL","RUNX1T1","HM","WT",1,1,1
"MEL","RUNX1T1","Classic","WT",4,4,1
"MEL","SETD2","WGD","WT",25,25,1
"MEL","SETD2","Classic","WT",2,2,1
"MEL","SF3B1","WGD","WT",24,24,1
"MEL","SF3B1","HM","WT",1,1,1
"MEL","SF3B1","Classic","WT",1,1,1
"MEL","SMARCA4","WGD","CNA_driver",1,1,1
"MEL","SMC3","WGD","CI_M",4,4,1
"MEL","STAG1","WGD","CI_M",18,18,1
"MEL","STK11","WGD","M",1,1,1
"MEL","TERT","WGD","CNA_driver",2,9,0.222222222222222
"MEL","TERT","WGD","M",7,9,0.777777777777778
"MEL","TERT","HM","M",2,2,1
"MEL","TERT","Classic","M",7,7,1
"MEL","TP53","WGD","M",4,25,0.16
"MEL","TP53","WGD","WT",21,25,0.84
"MEL","TP53","HM","WT",1,1,1
"MEL","TP53","Classic","M",4,4,1
"MEL","TP63","WGD","WT",20,20,1
"MEL","TP63","HM","WT",1,1,1
"MEL","TP63","Classic","WT",2,2,1
"MEL","TRIB3","WGD","CI_M",2,2,1
"MEL","TRIB3","HM","CI_M",1,1,1
"MEL","TRRAP","WGD","WT",8,8,1
"MEL","TRRAP","HM","M",1,1,1
"MEL","TRRAP","Classic","M",1,6,0.166666666666667
"MEL","TRRAP","Classic","WT",5,6,0.833333333333333
"MEL","TUBGCP2","WGD","CI_M",9,9,1
"MEL","UBR5","WGD","WT",12,12,1
"MEL","UBR5","HM","WT",1,1,1
"MEL","UBR5","Classic","WT",4,4,1
"MEL","USP44","WGD","CI_M",5,5,1
"MEL","WAPAL","WGD","CI_M",7,7,1
"MEL","WT1","WGD","WT",27,27,1
"MEL","WT1","Classic","WT",1,1,1
"MEL","enhancers::chr7:86865600-86866400::NA::NA","WGD","M",1,1,1
"MEL","lncrna.promCore::gencode::RMRP::ENSG00000269900.2","WGD","M",1,1,1
"MLYM","BCL2","Classic","WT",1,1,1
"MLYM","BCL6","Classic","WT",1,1,1
"MLYM","CDKN2A","Classic","CNA_driver",2,2,1
"MLYM","CREBBP","Classic","WT",1,1,1
"MLYM","EZH2","Classic","WT",1,1,1
"MLYM","FANCD2","Classic","CI_M",1,1,1
"MLYM","FCGR2B","Classic","WT",1,1,1
"MLYM","KLHL6","Classic","WT",1,1,1
"MLYM","MYC","Classic","WT",1,1,1
"MLYM","MYD88","Classic","WT",1,1,1
"MLYM","PRDM1","Classic","CNA_driver",1,1,1
"MLYM","RHOA","Classic","WT",1,1,1
"MLYM","ROBO2","Classic","WT",1,1,1
"MLYM","SOCS1","Classic","WT",1,1,1
"MLYM","STAG1","Classic","CI_M",2,2,1
"MLYM","TBL1XR1","Classic","WT",1,1,1
"MLYM","TMEM30A","Classic","M",1,1,1
"NHL","ARID1A","WGD","M",1,8,0.125
"NHL","ARID1A","WGD","WT",7,8,0.875
"NHL","ARID1A","Classic","M",6,9,0.666666666666667
"NHL","ARID1A","Classic","WT",3,9,0.333333333333333
"NHL","ARID1B","Classic","M",1,1,1
"NHL","ARID4B","Classic","M",1,1,1
"NHL","ATR","Classic","M",1,1,1
"NHL","B2M","WGD","M",1,6,0.166666666666667
"NHL","B2M","WGD","WT",5,6,0.833333333333333
"NHL","B2M","HM","M",1,2,0.5
"NHL","B2M","HM","WT",1,2,0.5
"NHL","B2M","Classic","CNA_driver",2,10,0.2
"NHL","B2M","Classic","M",7,10,0.7
"NHL","B2M","Classic","WT",1,10,0.1
"NHL","BCL11A","WGD","WT",5,5,1
"NHL","BCL11A","HM","WT",2,2,1
"NHL","BCL11A","Classic","WT",7,7,1
"NHL","BCL2","WGD","WT",3,3,1
"NHL","BCL2","HM","WT",3,3,1
"NHL","BCL2","Classic","WT",12,12,1
"NHL","BCR","WGD","WT",8,8,1
"NHL","BCR","HM","WT",1,1,1
"NHL","BIRC6","WGD","WT",5,5,1
"NHL","BIRC6","HM","WT",1,1,1
"NHL","BIRC6","Classic","WT",4,4,1
"NHL","BRAF","Classic","M",1,1,1
"NHL","BTG1","WGD","M",1,6,0.166666666666667
"NHL","BTG1","WGD","WT",5,6,0.833333333333333
"NHL","BTG1","HM","M",2,3,0.666666666666667
"NHL","BTG1","HM","WT",1,3,0.333333333333333
"NHL","BTG1","Classic","M",9,14,0.642857142857143
"NHL","BTG1","Classic","WT",5,14,0.357142857142857
"NHL","BTG2","WGD","WT",4,4,1
"NHL","BTG2","Classic","WT",13,13,1
"NHL","CARD11","WGD","WT",4,4,1
"NHL","CARD11","Classic","M",9,16,0.5625
"NHL","CARD11","Classic","WT",7,16,0.4375
"NHL","CASP8","WGD","WT",5,5,1
"NHL","CASP8","Classic","WT",6,6,1
"NHL","CCND3","WGD","WT",5,5,1
"NHL","CCND3","Classic","M",2,13,0.153846153846154
"NHL","CCND3","Classic","WT",11,13,0.846153846153846
"NHL","CD58","WGD","WT",5,5,1
"NHL","CD58","Classic","WT",3,3,1
"NHL","CD79B","WGD","WT",5,5,1
"NHL","CD79B","HM","WT",1,1,1
"NHL","CD79B","Classic","WT",9,9,1
"NHL","CDKN2A","WGD","CNA_driver",1,1,1
"NHL","CDKN2A","HM","M",1,1,1
"NHL","CDKN2A","Classic","CNA_driver",2,3,0.666666666666667
"NHL","CDKN2A","Classic","M",1,3,0.333333333333333
"NHL","CREBBP","WGD","M",2,7,0.285714285714286
"NHL","CREBBP","WGD","WT",5,7,0.714285714285714
"NHL","CREBBP","HM","M",1,1,1
"NHL","CREBBP","Classic","M",19,20,0.95
"NHL","CREBBP","Classic","WT",1,20,0.05
"NHL","CSNK1A1","Classic","M",1,1,1
"NHL","CYLD","WGD","M",1,1,1
"NHL","CYLD","Classic","M",1,1,1
"NHL","DDX3X","Classic","CNA_driver",1,1,1
"NHL","DNM2","Classic","M",2,2,1
"NHL","EBF1","WGD","M",2,5,0.4
"NHL","EBF1","WGD","WT",3,5,0.6
"NHL","EBF1","HM","WT",1,1,1
"NHL","EBF1","Classic","M",5,9,0.555555555555556
"NHL","EBF1","Classic","WT",4,9,0.444444444444444
"NHL","EEF1A1","Classic","M",3,3,1
"NHL","EP300","WGD","WT",8,8,1
"NHL","EP300","HM","WT",1,1,1
"NHL","EP300","Classic","M",1,1,1
"NHL","ERBB4","WGD","M",1,1,1
"NHL","EZH2","WGD","WT",4,4,1
"NHL","EZH2","Classic","M",8,13,0.615384615384615
"NHL","EZH2","Classic","WT",5,13,0.384615384615385
"NHL","FANCD2","WGD","CI_M",2,2,1
"NHL","FANCD2","Classic","CI_M",1,1,1
"NHL","FAS","HM","M",1,1,1
"NHL","FAS","Classic","CNA_driver",1,2,0.5
"NHL","FAS","Classic","M",1,2,0.5
"NHL","FBXO11","WGD","WT",5,5,1
"NHL","FBXO11","HM","WT",1,1,1
"NHL","FBXO11","Classic","M",6,10,0.6
"NHL","FBXO11","Classic","WT",4,10,0.4
"NHL","FOXO1","WGD","WT",6,6,1
"NHL","FOXO1","HM","WT",1,1,1
"NHL","FOXO1","Classic","M",5,5,1
"NHL","GNA13","WGD","M",1,1,1
"NHL","GNA13","HM","CNA_driver",1,1,1
"NHL","GNA13","Classic","M",3,3,1
"NHL","GNAI2","WGD","WT",7,7,1
"NHL","GNAI2","Classic","M",7,8,0.875
"NHL","GNAI2","Classic","WT",1,8,0.125
"NHL","GRB2","WGD","M",1,1,1
"NHL","GRB2","Classic","M",1,1,1
"NHL","HIST1H2AG","WGD","M",1,1,1
"NHL","HIST1H2AG","Classic","M",4,4,1
"NHL","HIST1H3I","Classic","M",1,1,1
"NHL","HLA-B","WGD","M",2,2,1
"NHL","HLA-B","HM","M",1,1,1
"NHL","HLA-B","Classic","M",3,3,1
"NHL","ID3","WGD","WT",7,7,1
"NHL","ID3","Classic","WT",4,4,1
"NHL","IDH1","Classic","M",1,1,1
"NHL","ING1","Classic","M",1,1,1
"NHL","IRF1","HM","M",1,1,1
"NHL","IRF1","Classic","M",1,1,1
"NHL","IRF4","WGD","WT",4,4,1
"NHL","IRF4","Classic","WT",15,15,1
"NHL","KIF11","HM","CI_M",1,1,1
"NHL","KIF18A","WGD","CI_M",1,1,1
"NHL","KIF18A","HM","CI_M",3,3,1
"NHL","KIF2A","WGD","CI_M",2,2,1
"NHL","KIF2A","HM","CI_M",2,2,1
"NHL","KIF2A","Classic","CI_M",3,3,1
"NHL","KLF6","Classic","M",1,1,1
"NHL","KLHL6","WGD","M",2,8,0.25
"NHL","KLHL6","WGD","WT",6,8,0.75
"NHL","KLHL6","HM","WT",1,1,1
"NHL","KLHL6","Classic","M",4,9,0.444444444444444
"NHL","KLHL6","Classic","WT",5,9,0.555555555555556
"NHL","KMT2D","WGD","M",2,6,0.333333333333333
"NHL","KMT2D","WGD","WT",4,6,0.666666666666667
"NHL","KMT2D","HM","WT",3,3,1
"NHL","KMT2D","Classic","M",22,27,0.814814814814815
"NHL","KMT2D","Classic","WT",5,27,0.185185185185185
"NHL","LRPPRC","Classic","M",1,1,1
"NHL","MAD2L2","Classic","CI_M",1,1,1
"NHL","MAP2K1","Classic","M",1,1,1
"NHL","MCL1","WGD","M",1,1,1
"NHL","MCL1","HM","M",2,2,1
"NHL","MCL1","Classic","M",4,4,1
"NHL","MEF2B","WGD","M",1,5,0.2
"NHL","MEF2B","WGD","WT",4,5,0.8
"NHL","MEF2B","Classic","M",4,6,0.666666666666667
"NHL","MEF2B","Classic","WT",2,6,0.333333333333333
"NHL","MTOR","Classic","M",1,1,1
"NHL","MXD1","WGD","CI_M",1,1,1
"NHL","MXD1","Classic","CI_M",1,1,1
"NHL","MYC","WGD","M",2,4,0.5
"NHL","MYC","WGD","WT",2,4,0.5
"NHL","MYC","Classic","M",4,11,0.363636363636364
"NHL","MYC","Classic","WT",7,11,0.636363636363636
"NHL","MYD88","WGD","M",1,7,0.142857142857143
"NHL","MYD88","WGD","WT",6,7,0.857142857142857
"NHL","MYD88","HM","M",1,1,1
"NHL","MYD88","Classic","M",4,6,0.666666666666667
"NHL","MYD88","Classic","WT",2,6,0.333333333333333
"NHL","NFKBIA","WGD","WT",6,6,1
"NHL","NFKBIA","HM","WT",2,2,1
"NHL","NFKBIA","Classic","WT",1,1,1
"NHL","NFKBIE","WGD","WT",5,5,1
"NHL","NFKBIE","Classic","M",2,11,0.181818181818182
"NHL","NFKBIE","Classic","WT",9,11,0.818181818181818
"NHL","NFKBIZ","HM","M",1,1,1
"NHL","NFKBIZ","Classic","M",3,3,1
"NHL","NOTCH2","WGD","WT",6,6,1
"NHL","NOTCH2","Classic","M",1,3,0.333333333333333
"NHL","NOTCH2","Classic","WT",2,3,0.666666666666667
"NHL","NRAS","Classic","M",1,1,1
"NHL","PDS5A","WGD","CI_M",2,2,1
"NHL","PDS5B","WGD","CI_M",3,3,1
"NHL","PHF6","Classic","CNA_driver",2,2,1
"NHL","PIK3CB","Classic","M",1,1,1
"NHL","PIK3CD","Classic","M",1,1,1
"NHL","PIK3R1","Classic","M",1,1,1
"NHL","PIM1","WGD","WT",5,5,1
"NHL","PIM1","Classic","WT",13,13,1
"NHL","PLK1","WGD","CI_M",1,1,1
"NHL","PLK1","Classic","CI_M",1,1,1
"NHL","POU2F2","WGD","WT",5,5,1
"NHL","POU2F2","HM","WT",1,1,1
"NHL","POU2F2","Classic","WT",1,1,1
"NHL","PRDM1","WGD","WT",5,5,1
"NHL","PRDM1","Classic","WT",1,1,1
"NHL","PRKCD","WGD","WT",7,7,1
"NHL","PRKCD","Classic","M",6,8,0.75
"NHL","PRKCD","Classic","WT",2,8,0.25
"NHL","PTEN","Classic","M",1,1,1
"NHL","PTPRD","WGD","WT",4,4,1
"NHL","PTPRD","Classic","WT",2,2,1
"NHL","RFTN1","WGD","M",1,1,1
"NHL","RFTN1","HM","M",2,2,1
"NHL","RFTN1","Classic","M",8,8,1
"NHL","RHOA","WGD","WT",7,7,1
"NHL","RHOA","Classic","M",3,5,0.6
"NHL","RHOA","Classic","WT",2,5,0.4
"NHL","RRAGC","WGD","M",1,8,0.125
"NHL","RRAGC","WGD","WT",7,8,0.875
"NHL","RRAGC","Classic","M",6,10,0.6
"NHL","RRAGC","Classic","WT",4,10,0.4
"NHL","SGK1","WGD","WT",6,6,1
"NHL","SGK1","HM","M",1,1,1
"NHL","SGK1","Classic","M",4,5,0.8
"NHL","SGK1","Classic","WT",1,5,0.2
"NHL","SIN3A","WGD","WT",6,6,1
"NHL","SIN3A","HM","WT",2,2,1
"NHL","SIN3A","Classic","WT",3,3,1
"NHL","SMARCA4","WGD","M",1,6,0.166666666666667
"NHL","SMARCA4","WGD","WT",5,6,0.833333333333333
"NHL","SMARCA4","HM","WT",1,1,1
"NHL","SMARCA4","Classic","M",3,6,0.5
"NHL","SMARCA4","Classic","WT",3,6,0.5
"NHL","SMC3","HM","CI_M",1,1,1
"NHL","SOCS1","WGD","WT",7,7,1
"NHL","SOCS1","HM","WT",1,1,1
"NHL","SOCS1","Classic","CNA_driver",1,9,0.111111111111111
"NHL","SOCS1","Classic","WT",8,9,0.888888888888889
"NHL","SPOP","WGD","WT",4,4,1
"NHL","SPOP","Classic","WT",5,5,1
"NHL","SRSF2","WGD","M",1,1,1
"NHL","SRSF7","WGD","M",1,1,1
"NHL","STAG1","WGD","CI_M",8,8,1
"NHL","STAG1","Classic","CI_M",4,4,1
"NHL","STAT3","WGD","WT",4,4,1
"NHL","STAT3","HM","M",2,2,1
"NHL","STAT3","Classic","M",3,6,0.5
"NHL","STAT3","Classic","WT",3,6,0.5
"NHL","STAT6","WGD","WT",4,4,1
"NHL","STAT6","HM","WT",3,3,1
"NHL","STAT6","Classic","M",7,15,0.466666666666667
"NHL","STAT6","Classic","WT",8,15,0.533333333333333
"NHL","TBL1XR1","WGD","WT",5,5,1
"NHL","TBL1XR1","HM","M",1,1,1
"NHL","TBL1XR1","Classic","M",5,10,0.5
"NHL","TBL1XR1","Classic","WT",5,10,0.5
"NHL","TET2","WGD","WT",6,6,1
"NHL","TET2","Classic","M",1,1,1
"NHL","TFAP4","WGD","WT",6,6,1
"NHL","TFAP4","Classic","WT",9,9,1
"NHL","TMEM107","Classic","M",2,2,1
"NHL","TMEM127","HM","M",1,1,1
"NHL","TMEM30A","HM","M",1,1,1
"NHL","TMEM30A","Classic","M",3,3,1
"NHL","TMSB4X","Classic","CNA_driver",1,1,1
"NHL","TNFAIP3","Classic","CNA_driver",1,2,0.5
"NHL","TNFAIP3","Classic","M",1,2,0.5
"NHL","TNFRSF14","WGD","WT",7,7,1
"NHL","TNFRSF14","Classic","M",7,8,0.875
"NHL","TNFRSF14","Classic","WT",1,8,0.125
"NHL","TP53","WGD","CNA_driver",1,7,0.142857142857143
"NHL","TP53","WGD","M",1,7,0.142857142857143
"NHL","TP53","WGD","WT",5,7,0.714285714285714
"NHL","TP53","HM","M",2,2,1
"NHL","TP53","Classic","M",10,10,1
"NHL","TUBGCP2","WGD","CI_M",2,2,1
"NHL","USP44","WGD","CI_M",1,1,1
"NHL","WAPAL","HM","CI_M",1,1,1
"NHL","XPO1","WGD","WT",4,4,1
"NHL","XPO1","HM","WT",1,1,1
"NHL","XPO1","Classic","M",3,9,0.333333333333333
"NHL","XPO1","Classic","WT",6,9,0.666666666666667
"NHL","ZFP36L1","HM","M",1,1,1
"NHL","ZFP36L1","Classic","M",3,3,1
"NHL","hsa-mir-142","WGD","M",1,1,1
"NHL","hsa-mir-142","HM","M",2,2,1
"NHL","hsa-mir-142","Classic","M",5,5,1
"OS","ALDH2","WGD","WT",12,12,1
"OS","ALDH2","Classic","WT",2,2,1
"OS","ARID1A","WGD","WT",10,10,1
"OS","CDK4","WGD","CNA_driver",2,2,1
"OS","CDKN1B","Classic","CNA_driver",1,1,1
"OS","CDKN2A","WGD","CNA_driver",2,12,0.166666666666667
"OS","CDKN2A","WGD","M",1,12,0.0833333333333333
"OS","CDKN2A","WGD","WT",9,12,0.75
"OS","CDKN2A","Classic","CNA_driver",2,4,0.5
"OS","CDKN2A","Classic","WT",2,4,0.5
"OS","FANCD2","WGD","CI_M",1,1,1
"OS","FAS","WGD","CNA_driver",1,1,1
"OS","FAT1","WGD","WT",7,7,1
"OS","FAT1","Classic","WT",1,1,1
"OS","H3F3A","Classic","M",1,1,1
"OS","IDH1","WGD","WT",7,7,1
"OS","IDH1","Classic","WT",2,2,1
"OS","IDH2","WGD","WT",12,12,1
"OS","KDM6A","Classic","CNA_driver",1,1,1
"OS","KIF11","WGD","CI_M",1,1,1
"OS","KIF2A","WGD","CI_M",1,1,1
"OS","KIF2B","Classic","CI_M",1,1,1
"OS","KMT2D","WGD","M",1,1,1
"OS","LRP1B","WGD","WT",6,6,1
"OS","LRP1B","Classic","WT",1,1,1
"OS","MAD2L2","WGD","CI_M",1,1,1
"OS","MDM2","WGD","CNA_driver",2,2,1
"OS","MET","WGD","WT",14,14,1
"OS","MET","Classic","WT",3,3,1
"OS","MTG2","WGD","M",1,1,1
"OS","MTG2","Classic","M",1,1,1
"OS","NF1","WGD","CNA_driver",2,2,1
"OS","NF1","Classic","CNA_driver",1,1,1
"OS","PDS5A","WGD","CI_M",1,1,1
"OS","PIK3CA","WGD","M",1,1,1
"OS","PIK3R1","Classic","M",1,1,1
"OS","PLK1","WGD","CI_M",1,1,1
"OS","POLQ","WGD","CNA_driver",1,1,1
"OS","PTCH1","WGD","WT",8,8,1
"OS","PTCH1","Classic","WT",2,2,1
"OS","PTEN","WGD","CNA_driver",1,1,1
"OS","PTEN","Classic","CNA_driver",3,4,0.75
"OS","PTEN","Classic","M",1,4,0.25
"OS","RB1","WGD","CNA_driver",2,15,0.133333333333333
"OS","RB1","WGD","M",1,15,0.0666666666666667
"OS","RB1","WGD","WT",12,15,0.8
"OS","RB1","Classic","CNA_driver",1,2,0.5
"OS","RB1","Classic","M",1,2,0.5
"OS","SETD2","WGD","WT",13,13,1
"OS","SETD2","Classic","CNA_driver",1,1,1
"OS","SMC3","WGD","CI_M",1,1,1
"OS","STAG1","WGD","CI_M",6,6,1
"OS","TOB1","WGD","M",1,1,1
"OS","TP53","WGD","CNA_driver",3,11,0.272727272727273
"OS","TP53","WGD","M",5,11,0.454545454545455
"OS","TP53","WGD","WT",3,11,0.272727272727273
"OS","TP53","Classic","CNA_driver",3,9,0.333333333333333
"OS","TP53","Classic","M",5,9,0.555555555555556
"OS","TP53","Classic","WT",1,9,0.111111111111111
"OS","WAPAL","WGD","CI_M",2,2,1
"OS","ZFHX3","WGD","WT",6,6,1
"OS","ZFHX3","Classic","WT",1,1,1
"OVT","ACKR3","WGD","WT",11,11,1
"OVT","ACKR3","HM","WT",1,1,1
"OVT","ACKR3","Classic","WT",1,1,1
"OVT","ARFGEF1","WGD","M",1,1,1
"OVT","ARHGAP35","WGD","CNA_driver",1,11,0.0909090909090909
"OVT","ARHGAP35","WGD","WT",10,11,0.909090909090909
"OVT","ARID1A","WGD","CNA_driver",8,25,0.32
"OVT","ARID1A","WGD","WT",17,25,0.68
"OVT","ARID1A","HM","CNA_driver",4,5,0.8
"OVT","ARID1A","HM","WT",1,5,0.2
"OVT","ARID1A","Classic","CNA_driver",2,2,1
"OVT","ARID1B","HM","CNA_driver",1,1,1
"OVT","ARID2","WGD","WT",21,21,1
"OVT","ARNTL","WGD","M",1,1,1
"OVT","ATM","Classic","CNA_driver",1,1,1
"OVT","B2M","WGD","CNA_driver",1,1,1
"OVT","BRAF","WGD","WT",16,16,1
"OVT","BRAF","HM","WT",5,5,1
"OVT","BRCA1","WGD","CNA_driver",3,17,0.176470588235294
"OVT","BRCA1","WGD","M",1,17,0.0588235294117647
"OVT","BRCA1","WGD","WT",13,17,0.764705882352941
"OVT","BRCA1","HM","CNA_driver",5,8,0.625
"OVT","BRCA1","HM","WT",3,8,0.375
"OVT","BRCA1","Classic","CNA_driver",1,3,0.333333333333333
"OVT","BRCA1","Classic","WT",2,3,0.666666666666667
"OVT","BRCA2","WGD","WT",25,25,1
"OVT","BRCA2","HM","WT",4,4,1
"OVT","BRCA2","Classic","M",1,2,0.5
"OVT","BRCA2","Classic","WT",1,2,0.5
"OVT","BRD4","WGD","CNA_driver",6,6,1
"OVT","BUB1","WGD","CI_M",4,4,1
"OVT","BUB1","HM","CI_M",1,1,1
"OVT","BUB1B","WGD","CI_M",4,4,1
"OVT","BUB3","WGD","CI_M",1,1,1
"OVT","CARD11","WGD","WT",19,19,1
"OVT","CARD11","HM","WT",1,1,1
"OVT","CASP8","Classic","M",1,1,1
"OVT","CBLB","HM","M",1,1,1
"OVT","CBLC","Classic","M",1,1,1
"OVT","CDC20","WGD","CI_M",1,1,1
"OVT","CDH1","Classic","CNA_driver",1,1,1
"OVT","CDK12","WGD","M",3,17,0.176470588235294
"OVT","CDK12","WGD","WT",14,17,0.823529411764706
"OVT","CDK12","HM","WT",2,2,1
"OVT","CDK12","Classic","M",1,1,1
"OVT","CDKN2A","HM","CNA_driver",1,1,1
"OVT","CHD6","HM","M",1,1,1
"OVT","CHEK2","WGD","CNA_driver",1,1,1
"OVT","CREBBP","WGD","CNA_driver",5,20,0.25
"OVT","CREBBP","WGD","WT",15,20,0.75
"OVT","CREBBP","HM","WT",1,1,1
"OVT","CREBBP","Classic","CNA_driver",1,1,1
"OVT","CSMD3","WGD","WT",6,6,1
"OVT","CSMD3","HM","WT",4,4,1
"OVT","CSMD3","Classic","WT",2,2,1
"OVT","CTNNB1","WGD","WT",20,20,1
"OVT","CTNNB1","HM","WT",2,2,1
"OVT","CTNND2","WGD","WT",12,12,1
"OVT","CTNND2","Classic","WT",3,3,1
"OVT","CUL2","Classic","M",1,1,1
"OVT","DIS3","WGD","M",1,1,1
"OVT","ELL","WGD","WT",17,17,1
"OVT","ELL","HM","WT",1,1,1
"OVT","EP300","Classic","CNA_driver",1,1,1
"OVT","EPHA2","HM","M",1,1,1
"OVT","ERBB2","WGD","WT",15,15,1
"OVT","ERBB2","HM","WT",2,2,1
"OVT","FANCD2","WGD","CI_M",5,5,1
"OVT","FANCE","HM","M",1,1,1
"OVT","FAT1","WGD","WT",19,19,1
"OVT","FAT1","HM","WT",4,4,1
"OVT","FAT1","Classic","WT",1,1,1
"OVT","FGFR1","WGD","WT",16,16,1
"OVT","FGFR1","HM","WT",1,1,1
"OVT","FOXL2","WGD","WT",9,9,1
"OVT","FOXL2","HM","WT",4,4,1
"OVT","FOXL2","Classic","WT",2,2,1
"OVT","GPC5","WGD","WT",20,20,1
"OVT","GPC5","HM","WT",6,6,1
"OVT","IGF2R","WGD","M",1,1,1
"OVT","JAK1","WGD","WT",18,18,1
"OVT","JAK1","HM","WT",1,1,1
"OVT","KDM6A","WGD","CNA_driver",1,1,1
"OVT","KEAP1","WGD","M",1,1,1
"OVT","KIF11","WGD","CI_M",4,4,1
"OVT","KIF18A","WGD","CI_M",3,3,1
"OVT","KIF18A","HM","CI_M",1,1,1
"OVT","KIF18A","Classic","CI_M",1,1,1
"OVT","KIF18B","WGD","CI_M",1,1,1
"OVT","KIF18B","Classic","CI_M",1,1,1
"OVT","KIF2A","WGD","CI_M",11,11,1
"OVT","KIF2C","WGD","CI_M",2,2,1
"OVT","KIF2C","HM","CI_M",1,1,1
"OVT","KMT2A","WGD","WT",16,16,1
"OVT","KMT2A","HM","WT",3,3,1
"OVT","KMT2A","Classic","WT",1,1,1
"OVT","KMT2C","WGD","WT",17,17,1
"OVT","KMT2C","HM","WT",5,5,1
"OVT","KMT2C","Classic","WT",1,1,1
"OVT","KMT2D","WGD","WT",19,19,1
"OVT","KMT2D","HM","M",2,2,1
"OVT","KMT2D","Classic","WT",1,1,1
"OVT","KRAS","WGD","WT",17,17,1
"OVT","KRAS","HM","M",1,2,0.5
"OVT","KRAS","HM","WT",1,2,0.5
"OVT","LATS1","WGD","M",2,21,0.0952380952380952
"OVT","LATS1","WGD","WT",19,21,0.904761904761905
"OVT","LATS1","HM","WT",3,3,1
"OVT","LATS1","Classic","M",1,3,0.333333333333333
"OVT","LATS1","Classic","WT",2,3,0.666666666666667
"OVT","LRP1B","WGD","WT",12,12,1
"OVT","LRP1B","Classic","WT",1,1,1
"OVT","MACF1","Classic","M",1,1,1
"OVT","MAP2K4","WGD","CNA_driver",2,2,1
"OVT","MAP2K4","Classic","CNA_driver",2,2,1
"OVT","MAP2K7","Classic","M",1,1,1
"OVT","MAP3K1","WGD","M",1,1,1
"OVT","MXD1","WGD","CI_M",2,2,1
"OVT","MXD1","HM","CI_M",1,1,1
"OVT","MYC","WGD","CNA_driver",9,9,1
"OVT","MYC","HM","CNA_driver",2,2,1
"OVT","MYC","Classic","CNA_driver",3,3,1
"OVT","MYH9","WGD","WT",23,23,1
"OVT","MYH9","Classic","WT",1,1,1
"OVT","NBEA","WGD","WT",23,23,1
"OVT","NBEA","HM","WT",5,5,1
"OVT","NBEA","Classic","WT",1,1,1
"OVT","NF1","WGD","CNA_driver",3,18,0.166666666666667
"OVT","NF1","WGD","M",1,18,0.0555555555555556
"OVT","NF1","WGD","WT",14,18,0.777777777777778
"OVT","NF1","HM","CNA_driver",3,3,1
"OVT","NF1","Classic","CNA_driver",5,6,0.833333333333333
"OVT","NF1","Classic","M",1,6,0.166666666666667
"OVT","NF2","WGD","M",1,20,0.05
"OVT","NF2","WGD","WT",19,20,0.95
"OVT","NF2","Classic","WT",1,1,1
"OVT","NOTCH1","WGD","M",1,14,0.0714285714285714
"OVT","NOTCH1","WGD","WT",13,14,0.928571428571429
"OVT","NOTCH1","HM","WT",1,1,1
"OVT","NOTCH1","Classic","WT",1,1,1
"OVT","NRAS","WGD","WT",18,18,1
"OVT","NUTM1","WGD","WT",24,24,1
"OVT","NUTM1","HM","WT",1,1,1
"OVT","NUTM1","Classic","WT",1,1,1
"OVT","PALB2","WGD","WT",20,20,1
"OVT","PALB2","Classic","M",1,1,1
"OVT","PDS5A","WGD","CI_M",7,7,1
"OVT","PDS5B","WGD","CI_M",4,4,1
"OVT","PDS5B","HM","CI_M",2,2,1
"OVT","PIK3CA","WGD","WT",7,7,1
"OVT","PIK3CA","HM","M",1,5,0.2
"OVT","PIK3CA","HM","WT",4,5,0.8
"OVT","PIK3CA","Classic","WT",5,5,1
"OVT","PIK3R1","WGD","WT",21,21,1
"OVT","PLK4","WGD","CI_M",3,3,1
"OVT","POLD1","Classic","CNA_driver",1,1,1
"OVT","POLR3E","WGD","M",2,2,1
"OVT","PPP2R1A","WGD","WT",11,11,1
"OVT","PREX2","WGD","WT",18,18,1
"OVT","PREX2","HM","WT",4,4,1
"OVT","PTEN","WGD","CNA_driver",1,25,0.04
"OVT","PTEN","WGD","WT",24,25,0.96
"OVT","PTEN","HM","CNA_driver",1,3,0.333333333333333
"OVT","PTEN","HM","WT",2,3,0.666666666666667
"OVT","PTPRB","WGD","WT",21,21,1
"OVT","PTPRB","HM","WT",1,1,1
"OVT","PTPRB","Classic","WT",1,1,1
"OVT","PTPRD","WGD","WT",18,18,1
"OVT","PTPRD","HM","WT",1,1,1
"OVT","PTPRT","WGD","WT",14,14,1
"OVT","PTPRT","HM","WT",1,1,1
"OVT","PTPRT","Classic","WT",1,1,1
"OVT","RB1","WGD","CNA_driver",7,27,0.259259259259259
"OVT","RB1","WGD","M",3,27,0.111111111111111
"OVT","RB1","WGD","WT",17,27,0.62962962962963
"OVT","RB1","HM","CNA_driver",1,5,0.2
"OVT","RB1","HM","M",1,5,0.2
"OVT","RB1","HM","WT",3,5,0.6
"OVT","RB1","Classic","CNA_driver",1,2,0.5
"OVT","RB1","Classic","WT",1,2,0.5
"OVT","RBM10","Classic","CNA_driver",1,1,1
"OVT","RNF43","WGD","WT",13,13,1
"OVT","RNF43","HM","WT",3,3,1
"OVT","RNF43","Classic","M",1,5,0.2
"OVT","RNF43","Classic","WT",4,5,0.8
"OVT","RNF6","HM","CNA_driver",1,1,1
"OVT","ROS1","WGD","WT",18,18,1
"OVT","ROS1","HM","WT",2,2,1
"OVT","RTN4","WGD","M",2,2,1
"OVT","SETD1B","WGD","WT",18,18,1
"OVT","SETD1B","HM","WT",1,1,1
"OVT","SETD1B","Classic","WT",1,1,1
"OVT","SMAD4","WGD","M",1,1,1
"OVT","SMARCA4","WGD","WT",11,11,1
"OVT","SMARCA4","HM","WT",1,1,1
"OVT","SMARCA4","Classic","WT",1,1,1
"OVT","SMC3","WGD","CI_M",3,3,1
"OVT","STAG1","WGD","CI_M",17,17,1
"OVT","STAG1","HM","CI_M",3,3,1
"OVT","STAT5B","WGD","WT",15,15,1
"OVT","STAT5B","HM","WT",2,2,1
"OVT","STAT5B","Classic","WT",1,1,1
"OVT","TET2","WGD","CNA_driver",1,1,1
"OVT","TNC","WGD","WT",17,17,1
"OVT","TNC","Classic","WT",1,1,1
"OVT","TP53","WGD","CNA_driver",2,37,0.0540540540540541
"OVT","TP53","WGD","M",33,37,0.891891891891892
"OVT","TP53","WGD","WT",2,37,0.0540540540540541
"OVT","TP53","HM","CNA_driver",3,10,0.3
"OVT","TP53","HM","M",7,10,0.7
"OVT","TP53","Classic","M",13,13,1
"OVT","TUBGCP2","WGD","CI_M",3,3,1
"OVT","USP44","WGD","CI_M",2,2,1
"OVT","WAPAL","WGD","CI_M",4,4,1
"OVT","WWTR1","WGD","WT",8,8,1
"OVT","WWTR1","HM","WT",5,5,1
"OVT","WWTR1","Classic","WT",3,3,1
"OVT","ZNF521","WGD","WT",19,19,1
"OVT","ZNF521","HM","WT",1,1,1
"OVT","lncrna.promCore::gencode::RMRP::ENSG00000269900.2","WGD","M",1,1,1
"OVT","lncrna.promCore::gencode::RP11-440L14.1::ENSG00000249592.1","WGD","M",3,3,1
"PAAD","ACVR1B","WGD","CNA_driver",1,44,0.0227272727272727
"PAAD","ACVR1B","WGD","M",1,44,0.0227272727272727
"PAAD","ACVR1B","WGD","WT",42,44,0.954545454545455
"PAAD","ACVR1B","Classic","M",1,5,0.2
"PAAD","ACVR1B","Classic","WT",4,5,0.8
"PAAD","ACVR2A","WGD","M",1,38,0.0263157894736842
"PAAD","ACVR2A","WGD","WT",37,38,0.973684210526316
"PAAD","ACVR2A","HM","WT",1,1,1
"PAAD","ACVR2A","Classic","M",1,4,0.25
"PAAD","ACVR2A","Classic","WT",3,4,0.75
"PAAD","ALB","Classic","M",1,1,1
"PAAD","ALPK1","WGD","WT",40,40,1
"PAAD","ALPK1","Classic","WT",1,1,1
"PAAD","APC","WGD","M",2,2,1
"PAAD","APC","Classic","M",1,1,1
"PAAD","ARHGAP35","WGD","M",1,1,1
"PAAD","ARHGAP35","Classic","M",2,2,1
"PAAD","ARHGAP5","WGD","WT",45,45,1
"PAAD","ARHGAP5","Classic","WT",5,5,1
"PAAD","ARID1A","WGD","CNA_driver",8,40,0.2
"PAAD","ARID1A","WGD","M",4,40,0.1
"PAAD","ARID1A","WGD","WT",28,40,0.7
"PAAD","ARID1A","HM","CNA_driver",2,3,0.666666666666667
"PAAD","ARID1A","HM","M",1,3,0.333333333333333
"PAAD","ARID1A","Classic","CNA_driver",27,35,0.771428571428571
"PAAD","ARID1A","Classic","M",7,35,0.2
"PAAD","ARID1A","Classic","WT",1,35,0.0285714285714286
"PAAD","ARID1B","WGD","WT",36,36,1
"PAAD","ARID1B","HM","WT",2,2,1
"PAAD","ARID1B","Classic","CNA_driver",1,4,0.25
"PAAD","ARID1B","Classic","WT",3,4,0.75
"PAAD","ARID2","WGD","WT",38,38,1
"PAAD","ARID2","Classic","WT",3,3,1
"PAAD","ATM","WGD","M",1,45,0.0222222222222222
"PAAD","ATM","WGD","WT",44,45,0.977777777777778
"PAAD","ATM","Classic","CNA_driver",2,8,0.25
"PAAD","ATM","Classic","M",4,8,0.5
"PAAD","ATM","Classic","WT",2,8,0.25
"PAAD","B2M","Classic","M",1,1,1
"PAAD","BAX","Classic","M",1,1,1
"PAAD","BRAF","WGD","M",1,1,1
"PAAD","BRAF","Classic","M",1,1,1
"PAAD","BRCA1","Classic","CNA_driver",1,1,1
"PAAD","BRCA2","WGD","M",1,40,0.025
"PAAD","BRCA2","WGD","WT",39,40,0.975
"PAAD","BRCA2","HM","CNA_driver",1,2,0.5
"PAAD","BRCA2","HM","WT",1,2,0.5
"PAAD","BRCA2","Classic","CNA_driver",6,20,0.3
"PAAD","BRCA2","Classic","M",2,20,0.1
"PAAD","BRCA2","Classic","WT",12,20,0.6
"PAAD","BRD7","WGD","M",1,1,1
"PAAD","BUB1","WGD","CI_M",2,2,1
"PAAD","BUB1","Classic","CI_M",1,1,1
"PAAD","BUB1B","WGD","CI_M",2,2,1
"PAAD","BUB3","Classic","CI_M",1,1,1
"PAAD","CDH1","WGD","M",1,1,1
"PAAD","CDH10","WGD","WT",39,39,1
"PAAD","CDH10","HM","WT",1,1,1
"PAAD","CDH10","Classic","WT",5,5,1
"PAAD","CDKN1B","Classic","CNA_driver",1,2,0.5
"PAAD","CDKN1B","Classic","M",1,2,0.5
"PAAD","CDKN2A","WGD","CNA_driver",25,48,0.520833333333333
"PAAD","CDKN2A","WGD","M",9,48,0.1875
"PAAD","CDKN2A","WGD","WT",14,48,0.291666666666667
"PAAD","CDKN2A","HM","CNA_driver",1,1,1
"PAAD","CDKN2A","Classic","CNA_driver",45,60,0.75
"PAAD","CDKN2A","Classic","M",13,60,0.216666666666667
"PAAD","CDKN2A","Classic","WT",2,60,0.0333333333333333
"PAAD","CDKN2C","WGD","M",1,1,1
"PAAD","COL1A1","WGD","WT",43,43,1
"PAAD","COL1A1","Classic","WT",10,10,1
"PAAD","COL6A6","WGD","WT",43,43,1
"PAAD","COL6A6","HM","WT",1,1,1
"PAAD","COL6A6","Classic","WT",6,6,1
"PAAD","CSMD3","WGD","WT",34,34,1
"PAAD","CSMD3","HM","WT",1,1,1
"PAAD","CSMD3","Classic","WT",21,21,1
"PAAD","CTNNA2","WGD","WT",38,38,1
"PAAD","CTNNA2","Classic","WT",2,2,1
"PAAD","CTNNB1","WGD","M",1,1,1
"PAAD","CTNND2","WGD","WT",34,34,1
"PAAD","CTNND2","HM","WT",1,1,1
"PAAD","CTNND2","Classic","WT",5,5,1
"PAAD","CUL3","Classic","M",1,1,1
"PAAD","CUX1","WGD","WT",43,43,1
"PAAD","CUX1","HM","WT",1,1,1
"PAAD","CUX1","Classic","WT",6,6,1
"PAAD","CXCR4","WGD","WT",38,38,1
"PAAD","CXCR4","HM","WT",1,1,1
"PAAD","CXCR4","Classic","WT",2,2,1
"PAAD","DCC","WGD","CNA_driver",2,28,0.0714285714285714
"PAAD","DCC","WGD","WT",26,28,0.928571428571429
"PAAD","DCC","Classic","CNA_driver",4,6,0.666666666666667
"PAAD","DCC","Classic","WT",2,6,0.333333333333333
"PAAD","DROSHA","WGD","WT",41,41,1
"PAAD","DROSHA","HM","WT",1,1,1
"PAAD","DROSHA","Classic","WT",5,5,1
"PAAD","ELF3","WGD","M",1,1,1
"PAAD","EPHA2","Classic","CNA_driver",1,1,1
"PAAD","ERBB2","WGD","CNA_driver",1,1,1
"PAAD","ERBB2","Classic","CNA_driver",4,4,1
"PAAD","ERBB2IP","WGD","M",1,1,1
"PAAD","ERBB4","Classic","M",1,1,1
"PAAD","FAM135B","WGD","WT",36,36,1
"PAAD","FAM135B","HM","WT",1,1,1
"PAAD","FAM135B","Classic","WT",19,19,1
"PAAD","FANCD2","WGD","CI_M",2,2,1
"PAAD","FAT1","WGD","WT",38,38,1
"PAAD","FAT1","Classic","CNA_driver",1,3,0.333333333333333
"PAAD","FAT1","Classic","WT",2,3,0.666666666666667
"PAAD","FAT3","WGD","WT",44,44,1
"PAAD","FAT3","HM","WT",1,1,1
"PAAD","FAT3","Classic","WT",5,5,1
"PAAD","FBLN2","WGD","WT",43,43,1
"PAAD","FBLN2","Classic","WT",5,5,1
"PAAD","FBXW7","WGD","M",1,39,0.0256410256410256
"PAAD","FBXW7","WGD","WT",38,39,0.974358974358974
"PAAD","FBXW7","HM","WT",2,2,1
"PAAD","FBXW7","Classic","M",1,4,0.25
"PAAD","FBXW7","Classic","WT",3,4,0.75
"PAAD","FCRL4","WGD","WT",31,31,1
"PAAD","FCRL4","HM","WT",1,1,1
"PAAD","FCRL4","Classic","WT",30,30,1
"PAAD","FGFR1","Classic","M",1,1,1
"PAAD","FMN2","WGD","WT",29,29,1
"PAAD","FMN2","Classic","WT",27,27,1
"PAAD","GNAS","WGD","M",4,40,0.1
"PAAD","GNAS","WGD","WT",36,40,0.9
"PAAD","GNAS","HM","WT",3,3,1
"PAAD","GNAS","Classic","M",3,11,0.272727272727273
"PAAD","GNAS","Classic","WT",8,11,0.727272727272727
"PAAD","HLA-A","WGD","M",1,1,1
"PAAD","IGF2R","WGD","M",1,1,1
"PAAD","KDM6A","Classic","CNA_driver",1,1,1
"PAAD","KIF11","WGD","CI_M",5,5,1
"PAAD","KIF11","Classic","CI_M",1,1,1
"PAAD","KIF18A","WGD","CI_M",6,6,1
"PAAD","KIF18A","Classic","CI_M",1,1,1
"PAAD","KIF18B","WGD","CI_M",1,1,1
"PAAD","KIF2A","WGD","CI_M",13,13,1
"PAAD","KIF2A","Classic","CI_M",1,1,1
"PAAD","KIF2C","Classic","CI_M",1,1,1
"PAAD","KMT2A","WGD","WT",43,43,1
"PAAD","KMT2A","Classic","WT",6,6,1
"PAAD","KMT2C","WGD","WT",42,42,1
"PAAD","KMT2C","Classic","M",3,9,0.333333333333333
"PAAD","KMT2C","Classic","WT",6,9,0.666666666666667
"PAAD","KMT2D","WGD","WT",42,42,1
"PAAD","KMT2D","Classic","M",2,5,0.4
"PAAD","KMT2D","Classic","WT",3,5,0.6
"PAAD","KRAS","WGD","M",37,44,0.840909090909091
"PAAD","KRAS","WGD","WT",7,44,0.159090909090909
"PAAD","KRAS","HM","M",4,4,1
"PAAD","KRAS","Classic","M",68,68,1
"PAAD","LATS1","WGD","WT",37,37,1
"PAAD","LATS1","HM","WT",2,2,1
"PAAD","LATS1","Classic","WT",3,3,1
"PAAD","LPA","WGD","WT",36,36,1
"PAAD","LPA","HM","WT",2,2,1
"PAAD","LPA","Classic","WT",3,3,1
"PAAD","LRP1B","WGD","WT",37,37,1
"PAAD","LRP1B","HM","WT",1,1,1
"PAAD","LRP1B","Classic","WT",3,3,1
"PAAD","MAP2K1","WGD","M",1,1,1
"PAAD","MAP2K4","WGD","CNA_driver",5,47,0.106382978723404
"PAAD","MAP2K4","WGD","M",2,47,0.0425531914893617
"PAAD","MAP2K4","WGD","WT",40,47,0.851063829787234
"PAAD","MAP2K4","HM","CNA_driver",1,1,1
"PAAD","MAP2K4","Classic","CNA_driver",5,10,0.5
"PAAD","MAP2K4","Classic","M",3,10,0.3
"PAAD","MAP2K4","Classic","WT",2,10,0.2
"PAAD","MAP3K1","Classic","M",1,1,1
"PAAD","MARK2","WGD","WT",44,44,1
"PAAD","MXD1","WGD","CI_M",4,4,1
"PAAD","NCOA1","WGD","WT",40,40,1
"PAAD","NCOA1","Classic","WT",1,1,1
"PAAD","NF2","WGD","WT",27,27,1
"PAAD","NF2","Classic","WT",3,3,1
"PAAD","NFATC2","WGD","WT",37,37,1
"PAAD","NFATC2","HM","WT",3,3,1
"PAAD","NFATC2","Classic","WT",10,10,1
"PAAD","NRAS","Classic","M",1,1,1
"PAAD","PBRM1","Classic","CNA_driver",1,1,1
"PAAD","PDS5A","WGD","CI_M",7,7,1
"PAAD","PDS5B","WGD","CI_M",12,12,1
"PAAD","PDS5B","HM","CI_M",1,1,1
"PAAD","PDS5B","Classic","CI_M",4,4,1
"PAAD","PEG3","WGD","WT",37,37,1
"PAAD","PEG3","Classic","WT",12,12,1
"PAAD","PIK3CA","WGD","M",2,36,0.0555555555555556
"PAAD","PIK3CA","WGD","WT",34,36,0.944444444444444
"PAAD","PIK3CA","HM","WT",2,2,1
"PAAD","PIK3CA","Classic","M",2,10,0.2
"PAAD","PIK3CA","Classic","WT",8,10,0.8
"PAAD","PLK1","WGD","CI_M",1,1,1
"PAAD","PLK4","WGD","CI_M",1,1,1
"PAAD","PMS2","WGD","M",1,1,1
"PAAD","PRKAR1A","Classic","CNA_driver",1,1,1
"PAAD","PTDSS1","Classic","M",1,1,1
"PAAD","PTEN","Classic","CNA_driver",1,2,0.5
"PAAD","PTEN","Classic","M",1,2,0.5
"PAAD","PTPN3","WGD","WT",46,46,1
"PAAD","PTPN3","Classic","WT",5,5,1
"PAAD","PTPRB","Classic","M",1,1,1
"PAAD","PTPRD","WGD","WT",34,34,1
"PAAD","PTPRD","HM","WT",1,1,1
"PAAD","PTPRD","Classic","WT",6,6,1
"PAAD","PTPRT","WGD","WT",40,40,1
"PAAD","PTPRT","HM","WT",1,1,1
"PAAD","PTPRT","Classic","WT",9,9,1
"PAAD","RAD21","Classic","M",1,1,1
"PAAD","RAD50","Classic","M",1,1,1
"PAAD","RAF1","Classic","M",1,1,1
"PAAD","RB1","WGD","CNA_driver",2,3,0.666666666666667
"PAAD","RB1","WGD","M",1,3,0.333333333333333
"PAAD","RB1","Classic","CNA_driver",2,2,1
"PAAD","RBM10","WGD","CNA_driver",1,1,1
"PAAD","RIPK4","WGD","M",2,2,1
"PAAD","RIPK4","HM","M",1,1,1
"PAAD","RIPK4","Classic","M",1,1,1
"PAAD","RNF43","WGD","M",1,38,0.0263157894736842
"PAAD","RNF43","WGD","WT",37,38,0.973684210526316
"PAAD","RNF43","Classic","M",3,9,0.333333333333333
"PAAD","RNF43","Classic","WT",6,9,0.666666666666667
"PAAD","SETD1B","WGD","WT",39,39,1
"PAAD","SETD1B","Classic","WT",7,7,1
"PAAD","SETD2","WGD","WT",41,41,1
"PAAD","SETD2","Classic","M",4,5,0.8
"PAAD","SETD2","Classic","WT",1,5,0.2
"PAAD","SETDB1","WGD","WT",30,30,1
"PAAD","SETDB1","HM","WT",2,2,1
"PAAD","SETDB1","Classic","WT",29,29,1
"PAAD","SF3B1","WGD","M",1,37,0.027027027027027
"PAAD","SF3B1","WGD","WT",36,37,0.972972972972973
"PAAD","SF3B1","HM","M",1,1,1
"PAAD","SF3B1","Classic","M",1,8,0.125
"PAAD","SF3B1","Classic","WT",7,8,0.875
"PAAD","SF3B3","Classic","M",1,1,1
"PAAD","SMAD2","Classic","M",1,1,1
"PAAD","SMAD3","WGD","WT",39,39,1
"PAAD","SMAD3","HM","WT",1,1,1
"PAAD","SMAD3","Classic","WT",12,12,1
"PAAD","SMAD4","WGD","CNA_driver",11,33,0.333333333333333
"PAAD","SMAD4","WGD","M",9,33,0.272727272727273
"PAAD","SMAD4","WGD","WT",13,33,0.393939393939394
"PAAD","SMAD4","HM","CNA_driver",1,2,0.5
"PAAD","SMAD4","HM","M",1,2,0.5
"PAAD","SMAD4","Classic","CNA_driver",22,48,0.458333333333333
"PAAD","SMAD4","Classic","M",24,48,0.5
"PAAD","SMAD4","Classic","WT",2,48,0.0416666666666667
"PAAD","SMARCA4","WGD","WT",36,36,1
"PAAD","SMARCA4","Classic","WT",1,1,1
"PAAD","SMC3","WGD","CI_M",1,1,1
"PAAD","STAG1","WGD","CI_M",20,20,1
"PAAD","STAG1","HM","CI_M",1,1,1
"PAAD","STAG1","Classic","CI_M",5,5,1
"PAAD","STAT6","WGD","M",1,1,1
"PAAD","STK11","WGD","M",1,1,1
"PAAD","TET2","WGD","CNA_driver",1,1,1
"PAAD","TGFBR2","WGD","CNA_driver",5,45,0.111111111111111
"PAAD","TGFBR2","WGD","M",1,45,0.0222222222222222
"PAAD","TGFBR2","WGD","WT",39,45,0.866666666666667
"PAAD","TGFBR2","HM","CNA_driver",1,1,1
"PAAD","TGFBR2","Classic","CNA_driver",2,8,0.25
"PAAD","TGFBR2","Classic","M",3,8,0.375
"PAAD","TGFBR2","Classic","WT",3,8,0.375
"PAAD","TOB1","Classic","M",1,1,1
"PAAD","TP53","WGD","CNA_driver",5,63,0.0793650793650794
"PAAD","TP53","WGD","M",45,63,0.714285714285714
"PAAD","TP53","WGD","WT",13,63,0.206349206349206
"PAAD","TP53","HM","M",2,2,1
"PAAD","TP53","Classic","CNA_driver",8,65,0.123076923076923
"PAAD","TP53","Classic","M",56,65,0.861538461538462
"PAAD","TP53","Classic","WT",1,65,0.0153846153846154
"PAAD","TUBGCP2","WGD","CI_M",2,2,1
"PAAD","U2AF1","WGD","WT",28,28,1
"PAAD","U2AF1","Classic","WT",4,4,1
"PAAD","USP44","WGD","CI_M",3,3,1
"PAAD","USP44","Classic","CI_M",1,1,1
"PAAD","WAPAL","WGD","CI_M",5,5,1
"PAAD","WAPAL","Classic","CI_M",1,1,1
"PAAD","WT1","WGD","M",3,47,0.0638297872340425
"PAAD","WT1","WGD","WT",44,47,0.936170212765957
"PAAD","ZFP36L2","Classic","M",4,4,1
"PAAD","ZNF521","WGD","WT",19,19,1
"PAAD","ZNF521","Classic","WT",4,4,1
"PAAD","ZNRF3","Classic","CNA_driver",1,1,1
"PANET","ACVR1B","WGD","M",1,1,1
"PANET","ARID2","WGD","M",1,1,1
"PANET","ASXL1","Classic","M",1,1,1
"PANET","ATM","WGD","M",1,11,0.0909090909090909
"PANET","ATM","WGD","WT",10,11,0.909090909090909
"PANET","ATM","HM","WT",2,2,1
"PANET","ATM","Classic","CNA_driver",1,3,0.333333333333333
"PANET","ATM","Classic","M",1,3,0.333333333333333
"PANET","ATM","Classic","WT",1,3,0.333333333333333
"PANET","ATRX","WGD","CNA_driver",1,1,1
"PANET","ATRX","Classic","CNA_driver",2,2,1
"PANET","BCOR","Classic","CNA_driver",1,1,1
"PANET","BUB1","WGD","CI_M",2,2,1
"PANET","CDKN2A","WGD","M",1,1,1
"PANET","CDKN2C","WGD","CNA_driver",1,1,1
"PANET","CTNNB1","Classic","M",1,1,1
"PANET","DAXX","WGD","M",3,9,0.333333333333333
"PANET","DAXX","WGD","WT",6,9,0.666666666666667
"PANET","DAXX","HM","WT",2,2,1
"PANET","DAXX","Classic","M",4,4,1
"PANET","DDB2","Classic","CNA_driver",1,1,1
"PANET","DDX3X","Classic","CNA_driver",1,1,1
"PANET","DLC1","WGD","M",1,1,1
"PANET","DLC1","Classic","M",1,1,1
"PANET","DYNC1I1","WGD","M",2,2,1
"PANET","DYNC1I1","Classic","M",2,2,1
"PANET","EIF1AX","Classic","CNA_driver",1,1,1
"PANET","FANCD2","WGD","CI_M",2,2,1
"PANET","INPPL1","WGD","M",1,1,1
"PANET","INPPL1","Classic","CNA_driver",1,1,1
"PANET","KDM6A","Classic","CNA_driver",1,1,1
"PANET","KIF2A","WGD","CI_M",2,2,1
"PANET","KMT2C","WGD","WT",11,11,1
"PANET","KMT2C","HM","WT",5,5,1
"PANET","KMT2C","Classic","WT",5,5,1
"PANET","MEN1","WGD","CNA_driver",1,12,0.0833333333333333
"PANET","MEN1","WGD","M",5,12,0.416666666666667
"PANET","MEN1","WGD","WT",6,12,0.5
"PANET","MEN1","HM","M",1,2,0.5
"PANET","MEN1","HM","WT",1,2,0.5
"PANET","MEN1","Classic","CNA_driver",2,7,0.285714285714286
"PANET","MEN1","Classic","M",5,7,0.714285714285714
"PANET","MGA","Classic","M",1,1,1
"PANET","MTOR","WGD","WT",8,8,1
"PANET","MXD1","WGD","CI_M",1,1,1
"PANET","MYC","Classic","M",1,1,1
"PANET","NXF1","Classic","CNA_driver",1,1,1
"PANET","PDS5A","Classic","CI_M",1,1,1
"PANET","PDS5B","WGD","CI_M",2,2,1
"PANET","POLR3E","Classic","M",1,1,1
"PANET","PTEN","WGD","WT",9,9,1
"PANET","PTEN","HM","WT",2,2,1
"PANET","PTEN","Classic","WT",2,2,1
"PANET","RAD50","WGD","M",1,1,1
"PANET","RB1","Classic","M",1,1,1
"PANET","SETD2","WGD","M",1,12,0.0833333333333333
"PANET","SETD2","WGD","WT",11,12,0.916666666666667
"PANET","SETD2","HM","WT",2,2,1
"PANET","SETD2","Classic","WT",1,1,1
"PANET","SMAD4","WGD","M",1,1,1
"PANET","SMAD4","Classic","CNA_driver",1,1,1
"PANET","SMARCB1","WGD","WT",5,5,1
"PANET","SMARCB1","HM","WT",1,1,1
"PANET","SMARCB1","Classic","WT",1,1,1
"PANET","STAG1","WGD","CI_M",3,3,1
"PANET","STAG1","HM","CI_M",1,1,1
"PANET","TP53","WGD","M",1,1,1
"PANET","TP53","Classic","M",2,2,1
"PANET","TSC1","WGD","M",1,1,1
"PANET","TSC2","WGD","WT",11,11,1
"PANET","TSC2","HM","WT",3,3,1
"PANET","TSC2","Classic","M",1,1,1
"PANET","VHL","WGD","M",1,1,1
"PANET","VHL","Classic","M",1,1,1
"PANET","WT1","Classic","CNA_driver",1,1,1
"PANET","lncrna.ncrna::gencode::RMRP::ENSG00000269900.2","Classic","M",1,1,1
"PAST","ARID1B","Classic","WT",2,2,1
"PAST","ARID2","Classic","WT",1,1,1
"PAST","BRAF","Classic","WT",1,1,1
"PAST","EGFR","Classic","WT",1,1,1
"PAST","FBXW7","Classic","WT",1,1,1
"PAST","FGFR1","Classic","M",1,1,1
"PAST","KDM3B","Classic","WT",2,2,1
"PAST","KMT2C","Classic","WT",1,1,1
"PAST","KMT2D","Classic","WT",1,1,1
"PAST","KRAS","Classic","WT",1,1,1
"PAST","LDB1","Classic","WT",1,1,1
"PAST","NF1","Classic","M",1,1,1
"PAST","NSD1","Classic","WT",2,2,1
"PAST","PDGFRA","Classic","WT",1,1,1
"PAST","PTEN","Classic","WT",1,1,1
"PAST","PTPN11","Classic","WT",1,1,1
"PAST","SMO","Classic","WT",1,1,1
"PAST","SUFU","Classic","WT",1,1,1
"PRAD","ACVR2A","WGD","WT",14,14,1
"PRAD","ACVR2A","HM","WT",5,5,1
"PRAD","AKT1","WGD","WT",15,15,1
"PRAD","AKT1","HM","WT",5,5,1
"PRAD","AKT1","Classic","WT",2,2,1
"PRAD","ANK1","WGD","WT",20,20,1
"PRAD","ANK1","HM","WT",5,5,1
"PRAD","APC","WGD","WT",19,19,1
"PRAD","APC","HM","WT",1,1,1
"PRAD","ARID1A","WGD","WT",18,18,1
"PRAD","ARID1A","HM","M",1,2,0.5
"PRAD","ARID1A","HM","WT",1,2,0.5
"PRAD","ARID1B","WGD","WT",21,21,1
"PRAD","ARID1B","HM","WT",1,1,1
"PRAD","ARID2","Classic","M",1,1,1
"PRAD","ASXL1","WGD","WT",17,17,1
"PRAD","ASXL1","HM","WT",3,3,1
"PRAD","ASXL1","Classic","WT",3,3,1
"PRAD","ATM","WGD","WT",10,10,1
"PRAD","ATM","HM","M",1,9,0.111111111111111
"PRAD","ATM","HM","WT",8,9,0.888888888888889
"PRAD","BARD1","WGD","WT",11,11,1
"PRAD","BARD1","HM","WT",4,4,1
"PRAD","BCLAF1","WGD","WT",13,13,1
"PRAD","BCLAF1","HM","WT",3,3,1
"PRAD","BMP6","WGD","WT",12,12,1
"PRAD","BMP6","HM","WT",10,10,1
"PRAD","BRAF","WGD","WT",13,13,1
"PRAD","BRAF","HM","WT",8,8,1
"PRAD","BRAF","Classic","WT",3,3,1
"PRAD","BRCA1","HM","CNA_driver",1,1,1
"PRAD","BRCA2","WGD","WT",4,4,1
"PRAD","BRCA2","HM","WT",7,7,1
"PRAD","BRCA2","Classic","CNA_driver",1,1,1
"PRAD","BRD4","WGD","WT",15,15,1
"PRAD","BUB1B","WGD","CI_M",8,8,1
"PRAD","CAMTA1","WGD","WT",21,21,1
"PRAD","CAMTA1","HM","WT",4,4,1
"PRAD","CASZ1","WGD","WT",18,18,1
"PRAD","CASZ1","HM","WT",4,4,1
"PRAD","CDC20","WGD","CI_M",1,1,1
"PRAD","CDK12","WGD","WT",20,20,1
"PRAD","CDKN1B","WGD","CNA_driver",2,16,0.125
"PRAD","CDKN1B","WGD","WT",14,16,0.875
"PRAD","CDKN1B","HM","CNA_driver",2,3,0.666666666666667
"PRAD","CDKN1B","HM","WT",1,3,0.333333333333333
"PRAD","CDKN1B","Classic","CNA_driver",3,3,1
"PRAD","CLTCL1","WGD","WT",12,12,1
"PRAD","CNOT3","WGD","WT",11,11,1
"PRAD","CSMD3","WGD","WT",10,10,1
"PRAD","CSMD3","HM","WT",8,8,1
"PRAD","CSMD3","Classic","WT",6,6,1
"PRAD","CTNNA2","WGD","WT",10,10,1
"PRAD","CTNNB1","WGD","WT",20,20,1
"PRAD","CTNNB1","HM","WT",5,5,1
"PRAD","CTNNB1","Classic","M",1,5,0.2
"PRAD","CTNNB1","Classic","WT",4,5,0.8
"PRAD","DCC","WGD","WT",12,12,1
"PRAD","DCC","HM","WT",4,4,1
"PRAD","EPHA3","WGD","WT",10,10,1
"PRAD","EPHA3","HM","WT",1,1,1
"PRAD","EPHA3","Classic","WT",1,1,1
"PRAD","EPS15","WGD","WT",20,20,1
"PRAD","ERBB3","WGD","WT",16,16,1
"PRAD","ERBB3","HM","WT",1,1,1
"PRAD","ERBB4","WGD","WT",11,11,1
"PRAD","ERBB4","HM","WT",3,3,1
"PRAD","FAM174B","WGD","WT",21,21,1
"PRAD","FAM174B","HM","WT",4,4,1
"PRAD","FAM174B","Classic","WT",1,1,1
"PRAD","FANCA","WGD","WT",10,10,1
"PRAD","FANCA","HM","WT",1,1,1
"PRAD","FANCA","Classic","WT",1,1,1
"PRAD","FAT1","WGD","WT",6,6,1
"PRAD","FAT1","HM","WT",2,2,1
"PRAD","FAT3","WGD","WT",9,9,1
"PRAD","FAT3","HM","WT",5,5,1
"PRAD","FAT4","WGD","WT",6,6,1
"PRAD","FAT4","HM","WT",7,7,1
"PRAD","FBLN2","WGD","WT",21,21,1
"PRAD","FBLN2","HM","WT",7,7,1
"PRAD","FBLN2","Classic","WT",3,3,1
"PRAD","FOXA1","WGD","M",2,20,0.1
"PRAD","FOXA1","WGD","WT",18,20,0.9
"PRAD","FOXA1","HM","M",1,6,0.166666666666667
"PRAD","FOXA1","HM","WT",5,6,0.833333333333333
"PRAD","FOXA1","Classic","M",3,4,0.75
"PRAD","FOXA1","Classic","WT",1,4,0.25
"PRAD","FOXP1","WGD","WT",15,15,1
"PRAD","HRAS","WGD","WT",13,13,1
"PRAD","HRAS","HM","WT",6,6,1
"PRAD","IDH1","WGD","WT",11,11,1
"PRAD","IDH1","HM","WT",2,2,1
"PRAD","IL6ST","WGD","WT",10,10,1
"PRAD","IL6ST","HM","WT",1,1,1
"PRAD","JAK1","WGD","WT",14,14,1
"PRAD","KAT6B","WGD","WT",12,12,1
"PRAD","KAT6B","HM","WT",7,7,1
"PRAD","KIF11","WGD","CI_M",3,3,1
"PRAD","KIF18B","WGD","CI_M",1,1,1
"PRAD","KIF2A","WGD","CI_M",10,10,1
"PRAD","KIF2A","HM","CI_M",4,4,1
"PRAD","KMT2A","WGD","WT",9,9,1
"PRAD","KMT2A","HM","WT",8,8,1
"PRAD","KMT2C","WGD","WT",10,10,1
"PRAD","KMT2C","HM","WT",9,9,1
"PRAD","KMT2C","Classic","M",1,3,0.333333333333333
"PRAD","KMT2C","Classic","WT",2,3,0.666666666666667
"PRAD","KMT2D","WGD","WT",19,19,1
"PRAD","KMT2D","HM","WT",1,1,1
"PRAD","KRAS","WGD","WT",22,22,1
"PRAD","KRAS","HM","WT",1,1,1
"PRAD","LRP1B","WGD","WT",13,13,1
"PRAD","LRP1B","HM","WT",4,4,1
"PRAD","LZTR1","WGD","WT",12,12,1
"PRAD","MECOM","WGD","WT",20,20,1
"PRAD","MECOM","HM","WT",5,5,1
"PRAD","MECOM","Classic","WT",3,3,1
"PRAD","MGA","WGD","WT",19,19,1
"PRAD","MGA","HM","WT",2,2,1
"PRAD","MUC4","HM","M",1,1,1
"PRAD","MYEOV","WGD","WT",11,11,1
"PRAD","MYEOV","HM","WT",8,8,1
"PRAD","MYH11","WGD","WT",8,8,1
"PRAD","MYH11","HM","WT",4,4,1
"PRAD","NCOR1","WGD","WT",14,14,1
"PRAD","NCOR2","WGD","WT",5,5,1
"PRAD","NCOR2","HM","WT",14,14,1
"PRAD","NOTCH2","WGD","WT",13,13,1
"PRAD","PAX5","WGD","WT",16,16,1
"PRAD","PAX5","HM","WT",2,2,1
"PRAD","PDS5A","WGD","CI_M",2,2,1
"PRAD","PDS5B","WGD","CI_M",1,1,1
"PRAD","PIK3CA","WGD","WT",21,21,1
"PRAD","PIK3CA","HM","WT",10,10,1
"PRAD","PIK3CA","Classic","WT",2,2,1
"PRAD","PIK3CB","WGD","WT",20,20,1
"PRAD","PIK3CB","HM","WT",10,10,1
"PRAD","PIK3CB","Classic","WT",5,5,1
"PRAD","PIK3R1","WGD","WT",15,15,1
"PRAD","PIK3R1","HM","WT",1,1,1
"PRAD","PREX2","WGD","WT",9,9,1
"PRAD","PREX2","HM","WT",10,10,1
"PRAD","PREX2","Classic","WT",4,4,1
"PRAD","PRKCB","WGD","WT",7,7,1
"PRAD","PRKCB","HM","WT",4,4,1
"PRAD","PRKD1","WGD","WT",20,20,1
"PRAD","PRKD1","HM","WT",4,4,1
"PRAD","PRKD1","Classic","WT",2,2,1
"PRAD","PTEN","WGD","CNA_driver",1,9,0.111111111111111
"PRAD","PTEN","WGD","M",1,9,0.111111111111111
"PRAD","PTEN","WGD","WT",7,9,0.777777777777778
"PRAD","PTEN","HM","M",1,3,0.333333333333333
"PRAD","PTEN","HM","WT",2,3,0.666666666666667
"PRAD","PTEN","Classic","CNA_driver",4,5,0.8
"PRAD","PTEN","Classic","M",1,5,0.2
"PRAD","RB1","WGD","M",1,7,0.142857142857143
"PRAD","RB1","WGD","WT",6,7,0.857142857142857
"PRAD","RBFOX1","WGD","WT",13,13,1
"PRAD","RBFOX1","HM","WT",4,4,1
"PRAD","RHOA","WGD","WT",20,20,1
"PRAD","RHOA","HM","WT",1,1,1
"PRAD","RHOA","Classic","WT",2,2,1
"PRAD","RNF213","WGD","WT",15,15,1
"PRAD","RNF213","HM","WT",3,3,1
"PRAD","RNF43","WGD","WT",17,17,1
"PRAD","RNF43","HM","WT",3,3,1
"PRAD","ROBO2","WGD","WT",18,18,1
"PRAD","ROBO2","HM","WT",4,4,1
"PRAD","ROBO2","Classic","WT",3,3,1
"PRAD","ROS1","WGD","WT",15,15,1
"PRAD","ROS1","HM","WT",1,1,1
"PRAD","RUNX1T1","WGD","WT",8,8,1
"PRAD","RUNX1T1","HM","WT",8,8,1
"PRAD","RUNX1T1","Classic","WT",5,5,1
"PRAD","SETD2","WGD","WT",20,20,1
"PRAD","SETD2","HM","WT",4,4,1
"PRAD","SETD2","Classic","WT",2,2,1
"PRAD","SF3B1","WGD","WT",10,10,1
"PRAD","SF3B1","HM","WT",8,8,1
"PRAD","SMAD2","HM","CNA_driver",1,1,1
"PRAD","SMAD4","WGD","WT",12,12,1
"PRAD","SMAD4","HM","WT",4,4,1
"PRAD","SMC3","WGD","CI_M",4,4,1
"PRAD","SOX21","WGD","WT",13,13,1
"PRAD","SPEN","WGD","WT",15,15,1
"PRAD","SPEN","HM","WT",6,6,1
"PRAD","SPOP","WGD","M",1,20,0.05
"PRAD","SPOP","WGD","WT",19,20,0.95
"PRAD","SPOP","HM","M",1,4,0.25
"PRAD","SPOP","HM","WT",3,4,0.75
"PRAD","SPOP","Classic","M",3,3,1
"PRAD","STAG1","WGD","CI_M",15,15,1
"PRAD","STAG1","HM","CI_M",8,8,1
"PRAD","STAG1","Classic","CI_M",1,1,1
"PRAD","SUZ12","WGD","WT",22,22,1
"PRAD","TBX3","Classic","M",1,1,1
"PRAD","TFRC","WGD","WT",21,21,1
"PRAD","TFRC","HM","WT",1,1,1
"PRAD","TFRC","Classic","WT",2,2,1
"PRAD","TMPRSS2","WGD","WT",4,4,1
"PRAD","TP53","WGD","M",2,5,0.4
"PRAD","TP53","WGD","WT",3,5,0.6
"PRAD","TP53","HM","CNA_driver",1,1,1
"PRAD","TP53","Classic","CNA_driver",4,6,0.666666666666667
"PRAD","TP53","Classic","M",2,6,0.333333333333333
"PRAD","TRIM24","WGD","WT",14,14,1
"PRAD","TRIM24","HM","WT",8,8,1
"PRAD","TRIM24","Classic","WT",3,3,1
"PRAD","U2AF1","WGD","WT",3,3,1
"PRAD","USP44","WGD","CI_M",1,1,1
"PRAD","USP6","WGD","WT",4,4,1
"PRAD","ZBTB16","WGD","WT",10,10,1
"PRAD","ZBTB16","HM","WT",8,8,1
"PRAD","ZFHX3","WGD","CNA_driver",1,13,0.0769230769230769
"PRAD","ZFHX3","WGD","WT",12,13,0.923076923076923
"PRAD","ZFHX3","HM","WT",1,1,1
"PRAD","ZFHX3","Classic","CNA_driver",6,7,0.857142857142857
"PRAD","ZFHX3","Classic","WT",1,7,0.142857142857143
"PRAD","ZMYM2","WGD","WT",7,7,1
"PRAD","ZMYM2","HM","WT",10,10,1
"PRAD","ZNF429","WGD","WT",15,15,1
"STAD","ACVR2A","WGD","WT",2,2,1
"STAD","ACVR2A","HM","WT",1,1,1
"STAD","APC","WGD","WT",2,2,1
"STAD","ARID1A","WGD","CNA_driver",2,3,0.666666666666667
"STAD","ARID1A","WGD","WT",1,3,0.333333333333333
"STAD","ARID1B","WGD","WT",2,2,1
"STAD","ARID2","WGD","WT",3,3,1
"STAD","ARID2","HM","WT",1,1,1
"STAD","ARID2","Classic","WT",1,1,1
"STAD","ATM","WGD","WT",2,2,1
"STAD","ATM","Classic","WT",1,1,1
"STAD","ATR","WGD","WT",2,2,1
"STAD","ATR","HM","WT",1,1,1
"STAD","B2M","Classic","M",1,1,1
"STAD","BAP1","WGD","WT",1,1,1
"STAD","BAP1","Classic","WT",2,2,1
"STAD","BCL9","WGD","WT",1,1,1
"STAD","BCLAF1","WGD","WT",1,1,1
"STAD","BMPR1A","WGD","WT",1,1,1
"STAD","BMPR1A","HM","WT",1,1,1
"STAD","BRAF","WGD","WT",1,1,1
"STAD","BRAF","Classic","WT",1,1,1
"STAD","BUB1","WGD","CI_M",1,1,1
"STAD","CACNA1D","WGD","WT",1,1,1
"STAD","CACNA1D","Classic","WT",2,2,1
"STAD","CASP8","WGD","WT",1,1,1
"STAD","CASP8","HM","WT",1,1,1
"STAD","CD209","WGD","WT",2,2,1
"STAD","CDH1","WGD","WT",1,1,1
"STAD","CDH1","HM","WT",1,1,1
"STAD","CDH11","WGD","WT",1,1,1
"STAD","CDH11","HM","WT",1,1,1
"STAD","CDK12","WGD","M",1,2,0.5
"STAD","CDK12","WGD","WT",1,2,0.5
"STAD","CDKN2A","WGD","WT",1,1,1
"STAD","CDKN2A","HM","CNA_driver",1,1,1
"STAD","CDKN2A","Classic","CNA_driver",1,1,1
"STAD","CSMD3","Classic","WT",2,2,1
"STAD","CTNNB1","WGD","WT",1,1,1
"STAD","CTNNB1","Classic","M",1,2,0.5
"STAD","CTNNB1","Classic","WT",1,2,0.5
"STAD","ERBB2","WGD","CNA_driver",1,2,0.5
"STAD","ERBB2","WGD","WT",1,2,0.5
"STAD","ERBB3","WGD","WT",3,3,1
"STAD","ERBB3","Classic","WT",1,1,1
"STAD","ERBB4","WGD","WT",2,2,1
"STAD","ERBB4","HM","WT",1,1,1
"STAD","FAT3","WGD","WT",2,2,1
"STAD","FAT3","HM","WT",1,1,1
"STAD","FAT3","Classic","WT",1,1,1
"STAD","FAT4","WGD","WT",1,1,1
"STAD","FBXW7","WGD","WT",2,2,1
"STAD","GSK3B","WGD","WT",2,2,1
"STAD","IL7R","WGD","WT",2,2,1
"STAD","IL7R","HM","WT",1,1,1
"STAD","ITGAV","WGD","WT",2,2,1
"STAD","ITGAV","HM","WT",1,1,1
"STAD","KIF18A","WGD","CI_M",1,1,1
"STAD","KIT","Classic","M",1,1,1
"STAD","KMT2C","WGD","WT",1,1,1
"STAD","KMT2C","Classic","WT",1,1,1
"STAD","KMT2D","WGD","WT",3,3,1
"STAD","KMT2D","HM","WT",1,1,1
"STAD","KMT2D","Classic","WT",1,1,1
"STAD","KRAS","WGD","WT",3,3,1
"STAD","KRAS","HM","WT",1,1,1
"STAD","LRP1B","WGD","WT",2,2,1
"STAD","LRP1B","HM","WT",1,1,1
"STAD","MAP2K7","WGD","WT",2,2,1
"STAD","MET","WGD","CNA_driver",1,1,1
"STAD","NBEA","WGD","WT",1,1,1
"STAD","NBEA","HM","WT",1,1,1
"STAD","NCOA2","Classic","WT",2,2,1
"STAD","NF1","WGD","WT",2,2,1
"STAD","NIN","WGD","WT",2,2,1
"STAD","NOTCH1","WGD","M",1,1,1
"STAD","NRG1","WGD","WT",1,1,1
"STAD","NRG1","Classic","WT",3,3,1
"STAD","PBRM1","WGD","WT",1,1,1
"STAD","PBRM1","Classic","WT",2,2,1
"STAD","PDS5A","WGD","CI_M",1,1,1
"STAD","PDS5B","WGD","CI_M",3,3,1
"STAD","PIK3CA","WGD","WT",1,1,1
"STAD","PIK3CA","HM","WT",1,1,1
"STAD","PIK3R1","WGD","WT",2,2,1
"STAD","PLK1","WGD","CI_M",1,1,1
"STAD","PPP3CA","WGD","WT",1,1,1
"STAD","PREX2","Classic","WT",2,2,1
"STAD","PRKCB","WGD","WT",3,3,1
"STAD","PRKCB","HM","WT",1,1,1
"STAD","PTDSS1","WGD","M",1,1,1
"STAD","PTEN","WGD","WT",1,1,1
"STAD","PTEN","HM","WT",1,1,1
"STAD","PTPRT","WGD","WT",1,1,1
"STAD","PTPRT","HM","WT",1,1,1
"STAD","PTPRT","Classic","WT",2,2,1
"STAD","PWWP2A","WGD","WT",1,1,1
"STAD","RB1","WGD","WT",1,1,1
"STAD","RB1","HM","WT",1,1,1
"STAD","RECQL4","HM","WT",1,1,1
"STAD","RECQL4","Classic","WT",2,2,1
"STAD","RELA","WGD","M",1,2,0.5
"STAD","RELA","WGD","WT",1,2,0.5
"STAD","RELA","HM","M",1,2,0.5
"STAD","RELA","HM","WT",1,2,0.5
"STAD","RHOA","WGD","WT",1,1,1
"STAD","RHOA","Classic","WT",2,2,1
"STAD","RNF43","WGD","WT",3,3,1
"STAD","ROS1","WGD","WT",3,3,1
"STAD","SETD1B","WGD","WT",2,2,1
"STAD","SETD1B","Classic","WT",1,1,1
"STAD","SMAD4","WGD","WT",2,2,1
"STAD","SMARCA4","WGD","WT",1,1,1
"STAD","SMARCA4","HM","M",1,1,1
"STAD","STAG1","HM","CI_M",1,1,1
"STAD","TET1","WGD","WT",1,1,1
"STAD","TET1","HM","WT",1,1,1
"STAD","TGFBR2","WGD","CNA_driver",1,1,1
"STAD","TGFBR2","Classic","WT",2,2,1
"STAD","TOP2A","WGD","WT",1,1,1
"STAD","TP53","WGD","M",3,4,0.75
"STAD","TP53","WGD","WT",1,4,0.25
"STAD","TP53","HM","WT",1,1,1
"STAD","TP53","Classic","M",1,1,1
"STAD","TRIM49C","WGD","WT",2,2,1
"STAD","TRIM49C","HM","WT",1,1,1
"STAD","TRIM49C","Classic","WT",1,1,1
"STAD","TSC1","WGD","WT",4,4,1
"STAD","TSC1","Classic","M",1,2,0.5
"STAD","TSC1","Classic","WT",1,2,0.5
"STAD","TSC2","WGD","WT",2,2,1
"STAD","TSC2","HM","WT",1,1,1
"STAD","U2AF1","WGD","WT",1,1,1
"STAD","UBR5","Classic","WT",2,2,1
"STAD","USP44","WGD","CI_M",1,1,1
"STAD","ZCCHC8","WGD","WT",2,2,1
"STAD","ZCCHC8","Classic","WT",1,1,1
"STAD","ZNF814","WGD","WT",1,1,1
"UCEC","ABL2","WGD","WT",1,1,1
"UCEC","ABL2","Classic","WT",4,4,1
"UCEC","ARHGAP35","WGD","WT",2,2,1
"UCEC","ARHGAP35","Classic","WT",1,1,1
"UCEC","ATM","WGD","WT",1,1,1
"UCEC","BIRC6","WGD","WT",1,1,1
"UCEC","BUB3","Classic","CI_M",1,1,1
"UCEC","CCND1","WGD","WT",1,1,1
"UCEC","CDC73","WGD","WT",1,1,1
"UCEC","CDC73","Classic","WT",4,4,1
"UCEC","CSMD3","WGD","WT",1,1,1
"UCEC","CSMD3","Classic","WT",1,1,1
"UCEC","FAM135B","WGD","WT",1,1,1
"UCEC","FAM135B","Classic","WT",1,1,1
"UCEC","FGFR2","Classic","WT",3,3,1
"UCEC","FOXA2","WGD","WT",1,1,1
"UCEC","INPPL1","WGD","WT",1,1,1
"UCEC","KIF2C","WGD","CI_M",1,1,1
"UCEC","LSM14A","WGD","WT",1,1,1
"UCEC","LSM14A","Classic","WT",1,1,1
"UCEC","MYCN","WGD","WT",1,1,1
"UCEC","PPP2R1A","WGD","WT",2,2,1
"UCEC","PPP2R1A","Classic","WT",1,1,1
"UCEC","PTEN","Classic","WT",3,3,1
"UCEC","RBM39","WGD","WT",1,1,1
"UCEC","RRAS2","WGD","WT",1,1,1
"UCEC","SETDB1","WGD","WT",1,1,1
"UCEC","SETDB1","Classic","WT",3,3,1
"UCEC","SOS1","WGD","WT",1,1,1
"UCEC","SOX17","WGD","WT",1,1,1
"UCEC","TUBGCP2","Classic","CI_M",2,2,1
"UCEC","WAPAL","Classic","CI_M",2,2,1
"pan_cancer","ABL2","WGD","WT",10,10,1
"pan_cancer","ABL2","HM","WT",2,2,1
"pan_cancer","ABL2","Classic","WT",18,18,1
"pan_cancer","ACKR3","WGD","WT",11,11,1
"pan_cancer","ACKR3","HM","WT",1,1,1
"pan_cancer","ACKR3","Classic","WT",1,1,1
"pan_cancer","ACVR1","WGD","WT",1,1,1
"pan_cancer","ACVR1","Classic","WT",1,1,1
"pan_cancer","ACVR1B","WGD","CNA_driver",1,68,0.0147058823529412
"pan_cancer","ACVR1B","WGD","M",2,68,0.0294117647058824
"pan_cancer","ACVR1B","WGD","WT",65,68,0.955882352941177
"pan_cancer","ACVR1B","Classic","M",1,8,0.125
"pan_cancer","ACVR1B","Classic","WT",7,8,0.875
"pan_cancer","ACVR2A","WGD","M",3,82,0.0365853658536585
"pan_cancer","ACVR2A","WGD","WT",79,82,0.963414634146341
"pan_cancer","ACVR2A","HM","WT",10,10,1
"pan_cancer","ACVR2A","Classic","M",6,12,0.5
"pan_cancer","ACVR2A","Classic","WT",6,12,0.5
"pan_cancer","AFF1","WGD","WT",26,26,1
"pan_cancer","AFF1","HM","WT",1,1,1
"pan_cancer","AFF3","WGD","WT",2,2,1
"pan_cancer","AFF4","WGD","WT",23,23,1
"pan_cancer","AFF4","HM","WT",9,9,1
"pan_cancer","AFF4","Classic","WT",12,12,1
"pan_cancer","AJUBA","WGD","WT",1,1,1
"pan_cancer","AKAP9","WGD","WT",47,47,1
"pan_cancer","AKAP9","HM","WT",15,15,1
"pan_cancer","AKAP9","Classic","WT",40,40,1
"pan_cancer","AKT1","WGD","M",1,33,0.0303030303030303
"pan_cancer","AKT1","WGD","WT",32,33,0.96969696969697
"pan_cancer","AKT1","HM","WT",6,6,1
"pan_cancer","AKT1","Classic","M",1,3,0.333333333333333
"pan_cancer","AKT1","Classic","WT",2,3,0.666666666666667
"pan_cancer","ALB","WGD","M",3,3,1
"pan_cancer","ALB","HM","M",2,2,1
"pan_cancer","ALB","Classic","M",12,12,1
"pan_cancer","ALDH2","WGD","WT",12,12,1
"pan_cancer","ALDH2","Classic","WT",2,2,1
"pan_cancer","ALK","WGD","WT",50,50,1
"pan_cancer","ALK","HM","WT",4,4,1
"pan_cancer","ALK","Classic","WT",7,7,1
"pan_cancer","ALPK1","WGD","WT",40,40,1
"pan_cancer","ALPK1","Classic","WT",1,1,1
"pan_cancer","ANK1","WGD","WT",23,23,1
"pan_cancer","ANK1","HM","WT",5,5,1
"pan_cancer","ANK1","Classic","WT",2,2,1
"pan_cancer","APAF1","Classic","M",1,1,1
"pan_cancer","APC","WGD","CNA_driver",1,85,0.0117647058823529
"pan_cancer","APC","WGD","M",4,85,0.0470588235294118
"pan_cancer","APC","WGD","WT",80,85,0.941176470588235
"pan_cancer","APC","HM","CNA_driver",2,13,0.153846153846154
"pan_cancer","APC","HM","M",1,13,0.0769230769230769
"pan_cancer","APC","HM","WT",10,13,0.769230769230769
"pan_cancer","APC","Classic","CNA_driver",1,18,0.0555555555555556
"pan_cancer","APC","Classic","M",2,18,0.111111111111111
"pan_cancer","APC","Classic","WT",15,18,0.833333333333333
"pan_cancer","APOB","WGD","M",2,2,1
"pan_cancer","APOB","Classic","M",9,9,1
"pan_cancer","ARFGEF1","WGD","M",1,1,1
"pan_cancer","ARHGAP35","WGD","CNA_driver",1,45,0.0222222222222222
"pan_cancer","ARHGAP35","WGD","M",1,45,0.0222222222222222
"pan_cancer","ARHGAP35","WGD","WT",43,45,0.955555555555556
"pan_cancer","ARHGAP35","HM","WT",3,3,1
"pan_cancer","ARHGAP35","Classic","M",8,11,0.727272727272727
"pan_cancer","ARHGAP35","Classic","WT",3,11,0.272727272727273
"pan_cancer","ARHGAP5","WGD","WT",47,47,1
"pan_cancer","ARHGAP5","Classic","WT",5,5,1
"pan_cancer","ARHGEF10L","WGD","WT",5,5,1
"pan_cancer","ARHGEF12","WGD","WT",26,26,1
"pan_cancer","ARHGEF12","HM","WT",2,2,1
"pan_cancer","ARID1A","WGD","CNA_driver",30,191,0.157068062827225
"pan_cancer","ARID1A","WGD","M",12,191,0.06282722513089
"pan_cancer","ARID1A","WGD","WT",149,191,0.780104712041885
"pan_cancer","ARID1A","HM","CNA_driver",9,16,0.5625
"pan_cancer","ARID1A","HM","M",3,16,0.1875
"pan_cancer","ARID1A","HM","WT",4,16,0.25
"pan_cancer","ARID1A","Classic","CNA_driver",50,74,0.675675675675676
"pan_cancer","ARID1A","Classic","M",19,74,0.256756756756757
"pan_cancer","ARID1A","Classic","WT",5,74,0.0675675675675676
"pan_cancer","ARID1B","WGD","WT",106,106,1
"pan_cancer","ARID1B","HM","CNA_driver",1,8,0.125
"pan_cancer","ARID1B","HM","WT",7,8,0.875
"pan_cancer","ARID1B","Classic","CNA_driver",1,17,0.0588235294117647
"pan_cancer","ARID1B","Classic","M",2,17,0.117647058823529
"pan_cancer","ARID1B","Classic","WT",14,17,0.823529411764706
"pan_cancer","ARID2","WGD","M",5,153,0.0326797385620915
"pan_cancer","ARID2","WGD","WT",148,153,0.967320261437909
"pan_cancer","ARID2","HM","M",2,6,0.333333333333333
"pan_cancer","ARID2","HM","WT",4,6,0.666666666666667
"pan_cancer","ARID2","Classic","M",10,22,0.454545454545455
"pan_cancer","ARID2","Classic","WT",12,22,0.545454545454545
"pan_cancer","ARID4B","Classic","M",1,1,1
"pan_cancer","ARID5B","Classic","M",1,1,1
"pan_cancer","ARNTL","WGD","M",1,1,1
"pan_cancer","ASXL1","WGD","M",1,56,0.0178571428571429
"pan_cancer","ASXL1","WGD","WT",55,56,0.982142857142857
"pan_cancer","ASXL1","HM","WT",14,14,1
"pan_cancer","ASXL1","Classic","M",3,16,0.1875
"pan_cancer","ASXL1","Classic","WT",13,16,0.8125
"pan_cancer","ASXL2","WGD","WT",3,3,1
"pan_cancer","ATF7IP","WGD","WT",3,3,1
"pan_cancer","ATG7","WGD","WT",4,4,1
"pan_cancer","ATM","WGD","M",5,160,0.03125
"pan_cancer","ATM","WGD","WT",155,160,0.96875
"pan_cancer","ATM","HM","CNA_driver",1,20,0.05
"pan_cancer","ATM","HM","M",1,20,0.05
"pan_cancer","ATM","HM","WT",18,20,0.9
"pan_cancer","ATM","Classic","CNA_driver",5,26,0.192307692307692
"pan_cancer","ATM","Classic","M",14,26,0.538461538461538
"pan_cancer","ATM","Classic","WT",7,26,0.269230769230769
"pan_cancer","ATP1A1","WGD","WT",20,20,1
"pan_cancer","ATP1A1","Classic","WT",2,2,1
"pan_cancer","ATR","WGD","M",1,26,0.0384615384615385
"pan_cancer","ATR","WGD","WT",25,26,0.961538461538462
"pan_cancer","ATR","HM","WT",2,2,1
"pan_cancer","ATR","Classic","M",2,3,0.666666666666667
"pan_cancer","ATR","Classic","WT",1,3,0.333333333333333
"pan_cancer","ATRX","WGD","CNA_driver",1,1,1
"pan_cancer","ATRX","Classic","CNA_driver",2,2,1
"pan_cancer","AXIN1","WGD","CNA_driver",1,29,0.0344827586206897
"pan_cancer","AXIN1","WGD","M",1,29,0.0344827586206897
"pan_cancer","AXIN1","WGD","WT",27,29,0.931034482758621
"pan_cancer","AXIN1","HM","CNA_driver",1,3,0.333333333333333
"pan_cancer","AXIN1","HM","WT",2,3,0.666666666666667
"pan_cancer","AXIN1","Classic","CNA_driver",5,18,0.277777777777778
"pan_cancer","AXIN1","Classic","M",10,18,0.555555555555556
"pan_cancer","AXIN1","Classic","WT",3,18,0.166666666666667
"pan_cancer","AXIN2","Classic","M",1,1,1
"pan_cancer","B2M","WGD","CNA_driver",5,37,0.135135135135135
"pan_cancer","B2M","WGD","M",1,37,0.027027027027027
"pan_cancer","B2M","WGD","WT",31,37,0.837837837837838
"pan_cancer","B2M","HM","CNA_driver",1,4,0.25
"pan_cancer","B2M","HM","M",1,4,0.25
"pan_cancer","B2M","HM","WT",2,4,0.5
"pan_cancer","B2M","Classic","CNA_driver",3,14,0.214285714285714
"pan_cancer","B2M","Classic","M",9,14,0.642857142857143
"pan_cancer","B2M","Classic","WT",2,14,0.142857142857143
"pan_cancer","BAP1","WGD","M",3,70,0.0428571428571429
"pan_cancer","BAP1","WGD","WT",67,70,0.957142857142857
"pan_cancer","BAP1","HM","M",1,9,0.111111111111111
"pan_cancer","BAP1","HM","WT",8,9,0.888888888888889
"pan_cancer","BAP1","Classic","CNA_driver",1,17,0.0588235294117647
"pan_cancer","BAP1","Classic","M",7,17,0.411764705882353
"pan_cancer","BAP1","Classic","WT",9,17,0.529411764705882
"pan_cancer","BARD1","WGD","WT",11,11,1
"pan_cancer","BARD1","HM","WT",4,4,1
"pan_cancer","BAX","Classic","M",1,1,1
"pan_cancer","BCL11A","WGD","WT",5,5,1
"pan_cancer","BCL11A","HM","WT",2,2,1
"pan_cancer","BCL11A","Classic","WT",7,7,1
"pan_cancer","BCL2","WGD","WT",3,3,1
"pan_cancer","BCL2","HM","WT",3,3,1
"pan_cancer","BCL2","Classic","WT",13,13,1
"pan_cancer","BCL6","Classic","WT",1,1,1
"pan_cancer","BCL9","WGD","WT",1,1,1
"pan_cancer","BCL9L","WGD","WT",1,1,1
"pan_cancer","BCLAF1","WGD","WT",41,41,1
"pan_cancer","BCLAF1","HM","WT",4,4,1
"pan_cancer","BCLAF1","Classic","WT",1,1,1
"pan_cancer","BCOR","Classic","CNA_driver",1,1,1
"pan_cancer","BCR","WGD","WT",9,9,1
"pan_cancer","BCR","HM","WT",1,1,1
"pan_cancer","BIRC3","Classic","WT",2,2,1
"pan_cancer","BIRC6","WGD","WT",69,69,1
"pan_cancer","BIRC6","HM","WT",7,7,1
"pan_cancer","BIRC6","Classic","WT",12,12,1
"pan_cancer","BMP6","WGD","WT",12,12,1
"pan_cancer","BMP6","HM","WT",10,10,1
"pan_cancer","BMPR1A","WGD","WT",1,1,1
"pan_cancer","BMPR1A","HM","WT",1,1,1
"pan_cancer","BRAF","WGD","M",12,71,0.169014084507042
"pan_cancer","BRAF","WGD","WT",59,71,0.830985915492958
"pan_cancer","BRAF","HM","M",2,15,0.133333333333333
"pan_cancer","BRAF","HM","WT",13,15,0.866666666666667
"pan_cancer","BRAF","Classic","M",14,32,0.4375
"pan_cancer","BRAF","Classic","WT",18,32,0.5625
"pan_cancer","BRCA1","WGD","CNA_driver",4,46,0.0869565217391304
"pan_cancer","BRCA1","WGD","M",1,46,0.0217391304347826
"pan_cancer","BRCA1","WGD","WT",41,46,0.891304347826087
"pan_cancer","BRCA1","HM","CNA_driver",8,12,0.666666666666667
"pan_cancer","BRCA1","HM","WT",4,12,0.333333333333333
"pan_cancer","BRCA1","Classic","CNA_driver",2,9,0.222222222222222
"pan_cancer","BRCA1","Classic","WT",7,9,0.777777777777778
"pan_cancer","BRCA2","WGD","CNA_driver",2,112,0.0178571428571429
"pan_cancer","BRCA2","WGD","M",2,112,0.0178571428571429
"pan_cancer","BRCA2","WGD","WT",108,112,0.964285714285714
"pan_cancer","BRCA2","HM","CNA_driver",1,15,0.0666666666666667
"pan_cancer","BRCA2","HM","WT",14,15,0.933333333333333
"pan_cancer","BRCA2","Classic","CNA_driver",10,32,0.3125
"pan_cancer","BRCA2","Classic","M",4,32,0.125
"pan_cancer","BRCA2","Classic","WT",18,32,0.5625
"pan_cancer","BRD4","WGD","CNA_driver",8,30,0.266666666666667
"pan_cancer","BRD4","WGD","WT",22,30,0.733333333333333
"pan_cancer","BRD4","Classic","WT",1,1,1
"pan_cancer","BRD7","WGD","M",2,54,0.037037037037037
"pan_cancer","BRD7","WGD","WT",52,54,0.962962962962963
"pan_cancer","BRD7","HM","WT",1,1,1
"pan_cancer","BRD7","Classic","CNA_driver",1,5,0.2
"pan_cancer","BRD7","Classic","M",2,5,0.4
"pan_cancer","BRD7","Classic","WT",2,5,0.4
"pan_cancer","BRPF1","Classic","M",1,1,1
"pan_cancer","BTG1","WGD","M",1,6,0.166666666666667
"pan_cancer","BTG1","WGD","WT",5,6,0.833333333333333
"pan_cancer","BTG1","HM","M",2,3,0.666666666666667
"pan_cancer","BTG1","HM","WT",1,3,0.333333333333333
"pan_cancer","BTG1","Classic","M",9,23,0.391304347826087
"pan_cancer","BTG1","Classic","WT",14,23,0.608695652173913
"pan_cancer","BTG2","WGD","WT",4,4,1
"pan_cancer","BTG2","Classic","WT",13,13,1
"pan_cancer","BUB1","WGD","CI_M",22,22,1
"pan_cancer","BUB1","HM","CI_M",2,2,1
"pan_cancer","BUB1","Classic","CI_M",2,2,1
"pan_cancer","BUB1B","WGD","CI_M",37,37,1
"pan_cancer","BUB1B","HM","CI_M",1,1,1
"pan_cancer","BUB1B","Classic","CI_M",2,2,1
"pan_cancer","BUB3","WGD","CI_M",6,6,1
"pan_cancer","BUB3","Classic","CI_M",2,2,1
"pan_cancer","CACNA1D","WGD","WT",58,58,1
"pan_cancer","CACNA1D","HM","WT",4,4,1
"pan_cancer","CACNA1D","Classic","WT",9,9,1
"pan_cancer","CADM2","WGD","WT",25,25,1
"pan_cancer","CADM2","Classic","WT",2,2,1
"pan_cancer","CAMK1","WGD","M",1,1,1
"pan_cancer","CAMK1","Classic","M",2,2,1
"pan_cancer","CAMTA1","WGD","WT",21,21,1
"pan_cancer","CAMTA1","HM","WT",4,4,1
"pan_cancer","CANT1","WGD","WT",13,13,1
"pan_cancer","CANT1","HM","WT",6,6,1
"pan_cancer","CANT1","Classic","WT",1,1,1
"pan_cancer","CARD11","WGD","WT",40,40,1
"pan_cancer","CARD11","HM","WT",9,9,1
"pan_cancer","CARD11","Classic","M",10,36,0.277777777777778
"pan_cancer","CARD11","Classic","WT",26,36,0.722222222222222
"pan_cancer","CASP8","WGD","WT",25,25,1
"pan_cancer","CASP8","HM","WT",2,2,1
"pan_cancer","CASP8","Classic","M",3,9,0.333333333333333
"pan_cancer","CASP8","Classic","WT",6,9,0.666666666666667
"pan_cancer","CASZ1","WGD","WT",18,18,1
"pan_cancer","CASZ1","HM","WT",4,4,1
"pan_cancer","CBFB","WGD","WT",16,16,1
"pan_cancer","CBFB","HM","WT",1,1,1
"pan_cancer","CBFB","Classic","M",4,4,1
"pan_cancer","CBL","WGD","WT",14,14,1
"pan_cancer","CBL","HM","WT",3,3,1
"pan_cancer","CBL","Classic","WT",1,1,1
"pan_cancer","CBLB","WGD","M",2,3,0.666666666666667
"pan_cancer","CBLB","WGD","WT",1,3,0.333333333333333
"pan_cancer","CBLB","HM","M",1,1,1
"pan_cancer","CBLB","Classic","WT",1,1,1
"pan_cancer","CBLC","Classic","M",1,1,1
"pan_cancer","CCAR1","WGD","WT",6,6,1
"pan_cancer","CCND1","WGD","CNA_driver",17,18,0.944444444444444
"pan_cancer","CCND1","WGD","WT",1,18,0.0555555555555556
"pan_cancer","CCND1","HM","CNA_driver",1,1,1
"pan_cancer","CCND1","Classic","CNA_driver",11,12,0.916666666666667
"pan_cancer","CCND1","Classic","WT",1,12,0.0833333333333333
"pan_cancer","CCND2","Classic","WT",8,8,1
"pan_cancer","CCND3","WGD","WT",6,6,1
"pan_cancer","CCND3","Classic","M",2,13,0.153846153846154
"pan_cancer","CCND3","Classic","WT",11,13,0.846153846153846
"pan_cancer","CD209","WGD","WT",17,17,1
"pan_cancer","CD209","HM","WT",1,1,1
"pan_cancer","CD209","Classic","WT",1,1,1
"pan_cancer","CD58","WGD","WT",5,5,1
"pan_cancer","CD58","Classic","WT",3,3,1
"pan_cancer","CD79B","WGD","WT",5,5,1
"pan_cancer","CD79B","HM","WT",1,1,1
"pan_cancer","CD79B","Classic","WT",9,9,1
"pan_cancer","CDC20","WGD","CI_M",3,3,1
"pan_cancer","CDC27","WGD","M",1,1,1
"pan_cancer","CDC73","WGD","WT",1,1,1
"pan_cancer","CDC73","Classic","M",1,5,0.2
"pan_cancer","CDC73","Classic","WT",4,5,0.8
"pan_cancer","CDH1","WGD","M",1,35,0.0285714285714286
"pan_cancer","CDH1","WGD","WT",34,35,0.971428571428571
"pan_cancer","CDH1","HM","M",1,3,0.333333333333333
"pan_cancer","CDH1","HM","WT",2,3,0.666666666666667
"pan_cancer","CDH1","Classic","CNA_driver",3,7,0.428571428571429
"pan_cancer","CDH1","Classic","M",4,7,0.571428571428571
"pan_cancer","CDH10","WGD","WT",40,40,1
"pan_cancer","CDH10","HM","WT",1,1,1
"pan_cancer","CDH10","Classic","WT",5,5,1
"pan_cancer","CDH11","WGD","WT",45,45,1
"pan_cancer","CDH11","HM","WT",2,2,1
"pan_cancer","CDH11","Classic","WT",3,3,1
"pan_cancer","CDK12","WGD","M",5,62,0.0806451612903226
"pan_cancer","CDK12","WGD","WT",57,62,0.919354838709677
"pan_cancer","CDK12","HM","WT",3,3,1
"pan_cancer","CDK12","Classic","M",2,3,0.666666666666667
"pan_cancer","CDK12","Classic","WT",1,3,0.333333333333333
"pan_cancer","CDK4","WGD","CNA_driver",4,31,0.129032258064516
"pan_cancer","CDK4","WGD","WT",27,31,0.870967741935484
"pan_cancer","CDK4","HM","CNA_driver",1,1,1
"pan_cancer","CDK4","Classic","WT",1,1,1
"pan_cancer","CDKN1A","WGD","M",2,19,0.105263157894737
"pan_cancer","CDKN1A","WGD","WT",17,19,0.894736842105263
"pan_cancer","CDKN1A","HM","WT",7,7,1
"pan_cancer","CDKN1A","Classic","M",2,15,0.133333333333333
"pan_cancer","CDKN1A","Classic","WT",13,15,0.866666666666667
"pan_cancer","CDKN1B","WGD","CNA_driver",4,59,0.0677966101694915
"pan_cancer","CDKN1B","WGD","M",1,59,0.0169491525423729
"pan_cancer","CDKN1B","WGD","WT",54,59,0.915254237288136
"pan_cancer","CDKN1B","HM","CNA_driver",2,5,0.4
"pan_cancer","CDKN1B","HM","M",1,5,0.2
"pan_cancer","CDKN1B","HM","WT",2,5,0.4
"pan_cancer","CDKN1B","Classic","CNA_driver",5,12,0.416666666666667
"pan_cancer","CDKN1B","Classic","M",2,12,0.166666666666667
"pan_cancer","CDKN1B","Classic","WT",5,12,0.416666666666667
"pan_cancer","CDKN2A","WGD","CNA_driver",50,156,0.320512820512821
"pan_cancer","CDKN2A","WGD","M",22,156,0.141025641025641
"pan_cancer","CDKN2A","WGD","WT",84,156,0.538461538461538
"pan_cancer","CDKN2A","HM","CNA_driver",10,17,0.588235294117647
"pan_cancer","CDKN2A","HM","M",2,17,0.117647058823529
"pan_cancer","CDKN2A","HM","WT",5,17,0.294117647058824
"pan_cancer","CDKN2A","Classic","CNA_driver",73,103,0.70873786407767
"pan_cancer","CDKN2A","Classic","M",20,103,0.194174757281553
"pan_cancer","CDKN2A","Classic","WT",10,103,0.0970873786407767
"pan_cancer","CDKN2C","WGD","CNA_driver",1,2,0.5
"pan_cancer","CDKN2C","WGD","M",1,2,0.5
"pan_cancer","CDX2","WGD","WT",8,8,1
"pan_cancer","CDX2","HM","WT",5,5,1
"pan_cancer","CDX2","Classic","WT",2,2,1
"pan_cancer","CEP89","WGD","WT",1,1,1
"pan_cancer","CHD2","WGD","WT",1,1,1
"pan_cancer","CHD4","WGD","WT",5,5,1
"pan_cancer","CHD4","HM","WT",3,3,1
"pan_cancer","CHD4","Classic","WT",3,3,1
"pan_cancer","CHD6","WGD","M",1,1,1
"pan_cancer","CHD6","HM","M",1,1,1
"pan_cancer","CHD7","WGD","WT",4,4,1
"pan_cancer","CHD7","Classic","WT",1,1,1
"pan_cancer","CHD8","WGD","M",1,1,1
"pan_cancer","CHEK2","WGD","CNA_driver",1,18,0.0555555555555556
"pan_cancer","CHEK2","WGD","WT",17,18,0.944444444444444
"pan_cancer","CHEK2","HM","WT",1,1,1
"pan_cancer","CHEK2","Classic","M",1,1,1
"pan_cancer","CIC","WGD","WT",18,18,1
"pan_cancer","CIC","HM","WT",2,2,1
"pan_cancer","CIC","Classic","WT",8,8,1
"pan_cancer","CLASP2","Classic","M",1,1,1
"pan_cancer","CLTC","WGD","WT",33,33,1
"pan_cancer","CLTC","HM","WT",6,6,1
"pan_cancer","CLTC","Classic","WT",28,28,1
"pan_cancer","CLTCL1","WGD","WT",31,31,1
"pan_cancer","CLTCL1","HM","WT",3,3,1
"pan_cancer","CLTCL1","Classic","WT",5,5,1
"pan_cancer","CNOT1","WGD","M",1,1,1
"pan_cancer","CNOT3","WGD","WT",11,11,1
"pan_cancer","COL1A1","WGD","WT",62,62,1
"pan_cancer","COL1A1","Classic","WT",12,12,1
"pan_cancer","COL6A3","WGD","WT",21,21,1
"pan_cancer","COL6A3","HM","WT",1,1,1
"pan_cancer","COL6A3","Classic","WT",1,1,1
"pan_cancer","COL6A6","WGD","WT",43,43,1
"pan_cancer","COL6A6","HM","WT",1,1,1
"pan_cancer","COL6A6","Classic","WT",6,6,1
"pan_cancer","CREBBP","WGD","CNA_driver",5,86,0.0581395348837209
"pan_cancer","CREBBP","WGD","M",2,86,0.0232558139534884
"pan_cancer","CREBBP","WGD","WT",79,86,0.918604651162791
"pan_cancer","CREBBP","HM","M",1,10,0.1
"pan_cancer","CREBBP","HM","WT",9,10,0.9
"pan_cancer","CREBBP","Classic","CNA_driver",1,36,0.0277777777777778
"pan_cancer","CREBBP","Classic","M",20,36,0.555555555555556
"pan_cancer","CREBBP","Classic","WT",15,36,0.416666666666667
"pan_cancer","CSF1R","WGD","WT",27,27,1
"pan_cancer","CSF3R","WGD","WT",2,2,1
"pan_cancer","CSF3R","Classic","WT",1,1,1
"pan_cancer","CSMD3","WGD","WT",93,93,1
"pan_cancer","CSMD3","HM","WT",24,24,1
"pan_cancer","CSMD3","Classic","WT",82,82,1
"pan_cancer","CSNK1A1","Classic","M",1,1,1
"pan_cancer","CSPG4","WGD","WT",19,19,1
"pan_cancer","CSPG4","HM","WT",1,1,1
"pan_cancer","CSPG4","Classic","WT",2,2,1
"pan_cancer","CTCF","WGD","WT",16,16,1
"pan_cancer","CTCF","HM","WT",1,1,1
"pan_cancer","CTCF","Classic","M",1,1,1
"pan_cancer","CTDNEP1","Classic","M",1,1,1
"pan_cancer","CTNNA2","WGD","WT",105,105,1
"pan_cancer","CTNNA2","HM","WT",4,4,1
"pan_cancer","CTNNA2","Classic","WT",5,5,1
"pan_cancer","CTNNB1","WGD","M",17,121,0.140495867768595
"pan_cancer","CTNNB1","WGD","WT",104,121,0.859504132231405
"pan_cancer","CTNNB1","HM","M",5,21,0.238095238095238
"pan_cancer","CTNNB1","HM","WT",16,21,0.761904761904762
"pan_cancer","CTNNB1","Classic","M",42,56,0.75
"pan_cancer","CTNNB1","Classic","WT",14,56,0.25
"pan_cancer","CTNND2","WGD","WT",75,75,1
"pan_cancer","CTNND2","HM","WT",9,9,1
"pan_cancer","CTNND2","Classic","WT",10,10,1
"pan_cancer","CUL2","Classic","M",1,1,1
"pan_cancer","CUL3","WGD","M",1,5,0.2
"pan_cancer","CUL3","WGD","WT",4,5,0.8
"pan_cancer","CUL3","Classic","M",1,1,1
"pan_cancer","CUX1","WGD","WT",66,66,1
"pan_cancer","CUX1","HM","WT",3,3,1
"pan_cancer","CUX1","Classic","M",1,20,0.05
"pan_cancer","CUX1","Classic","WT",19,20,0.95
"pan_cancer","CXCR4","WGD","WT",38,38,1
"pan_cancer","CXCR4","HM","WT",1,1,1
"pan_cancer","CXCR4","Classic","WT",2,2,1
"pan_cancer","CYLD","WGD","M",1,21,0.0476190476190476
"pan_cancer","CYLD","WGD","WT",20,21,0.952380952380952
"pan_cancer","CYLD","HM","WT",1,1,1
"pan_cancer","CYLD","Classic","M",1,1,1
"pan_cancer","CYP2C8","WGD","WT",21,21,1
"pan_cancer","DAXX","WGD","M",3,9,0.333333333333333
"pan_cancer","DAXX","WGD","WT",6,9,0.666666666666667
"pan_cancer","DAXX","HM","WT",2,2,1
"pan_cancer","DAXX","Classic","M",4,4,1
"pan_cancer","DCC","WGD","CNA_driver",2,75,0.0266666666666667
"pan_cancer","DCC","WGD","WT",73,75,0.973333333333333
"pan_cancer","DCC","HM","WT",7,7,1
"pan_cancer","DCC","Classic","CNA_driver",5,10,0.5
"pan_cancer","DCC","Classic","M",2,10,0.2
"pan_cancer","DCC","Classic","WT",3,10,0.3
"pan_cancer","DDB2","HM","M",1,1,1
"pan_cancer","DDB2","Classic","CNA_driver",1,2,0.5
"pan_cancer","DDB2","Classic","WT",1,2,0.5
"pan_cancer","DDR2","WGD","WT",10,10,1
"pan_cancer","DDR2","HM","WT",7,7,1
"pan_cancer","DDR2","Classic","WT",49,49,1
"pan_cancer","DDX3X","Classic","CNA_driver",2,2,1
"pan_cancer","DDX6","WGD","WT",4,4,1
"pan_cancer","DDX6","HM","WT",1,1,1
"pan_cancer","DGCR8","WGD","WT",1,1,1
"pan_cancer","DHX9","WGD","WT",12,12,1
"pan_cancer","DHX9","HM","WT",6,6,1
"pan_cancer","DHX9","Classic","WT",50,50,1
"pan_cancer","DICER1","WGD","WT",22,22,1
"pan_cancer","DICER1","HM","WT",1,1,1
"pan_cancer","DICER1","Classic","WT",1,1,1
"pan_cancer","DIS3","WGD","M",1,1,1
"pan_cancer","DLC1","WGD","M",1,1,1
"pan_cancer","DLC1","Classic","M",1,1,1
"pan_cancer","DNM2","Classic","M",3,3,1
"pan_cancer","DNMT3A","WGD","WT",52,52,1
"pan_cancer","DNMT3A","HM","WT",5,5,1
"pan_cancer","DNMT3A","Classic","M",2,9,0.222222222222222
"pan_cancer","DNMT3A","Classic","WT",7,9,0.777777777777778
"pan_cancer","DROSHA","WGD","WT",41,41,1
"pan_cancer","DROSHA","HM","WT",1,1,1
"pan_cancer","DROSHA","Classic","WT",5,5,1
"pan_cancer","DTX1","Classic","WT",9,9,1
"pan_cancer","DYNC1I1","WGD","M",2,2,1
"pan_cancer","DYNC1I1","Classic","M",2,2,1
"pan_cancer","DYRK1A","Classic","M",1,1,1
"pan_cancer","EBF1","WGD","M",2,5,0.4
"pan_cancer","EBF1","WGD","WT",3,5,0.6
"pan_cancer","EBF1","HM","WT",1,1,1
"pan_cancer","EBF1","Classic","M",5,9,0.555555555555556
"pan_cancer","EBF1","Classic","WT",4,9,0.444444444444444
"pan_cancer","EEF1A1","WGD","M",1,1,1
"pan_cancer","EEF1A1","Classic","M",4,4,1
"pan_cancer","EFTUD2","Classic","M",1,1,1
"pan_cancer","EGFR","WGD","CNA_driver",1,19,0.0526315789473684
"pan_cancer","EGFR","WGD","WT",18,19,0.947368421052632
"pan_cancer","EGFR","HM","M",1,1,1
"pan_cancer","EGFR","Classic","WT",7,7,1
"pan_cancer","EIF1AX","Classic","CNA_driver",1,1,1
"pan_cancer","EIF4A2","WGD","WT",15,15,1
"pan_cancer","EIF4A2","HM","WT",3,3,1
"pan_cancer","EIF4A2","Classic","WT",5,5,1
"pan_cancer","ELF3","WGD","M",1,6,0.166666666666667
"pan_cancer","ELF3","WGD","WT",5,6,0.833333333333333
"pan_cancer","ELF3","Classic","M",2,3,0.666666666666667
"pan_cancer","ELF3","Classic","WT",1,3,0.333333333333333
"pan_cancer","ELK4","WGD","WT",1,1,1
"pan_cancer","ELK4","Classic","WT",3,3,1
"pan_cancer","ELL","WGD","WT",38,38,1
"pan_cancer","ELL","HM","WT",1,1,1
"pan_cancer","ELN","WGD","WT",15,15,1
"pan_cancer","ELN","Classic","WT",7,7,1
"pan_cancer","EP300","WGD","WT",63,63,1
"pan_cancer","EP300","HM","WT",8,8,1
"pan_cancer","EP300","Classic","CNA_driver",2,12,0.166666666666667
"pan_cancer","EP300","Classic","M",2,12,0.166666666666667
"pan_cancer","EP300","Classic","WT",8,12,0.666666666666667
"pan_cancer","EPHA2","WGD","M",1,5,0.2
"pan_cancer","EPHA2","WGD","WT",4,5,0.8
"pan_cancer","EPHA2","HM","M",1,1,1
"pan_cancer","EPHA2","Classic","CNA_driver",1,2,0.5
"pan_cancer","EPHA2","Classic","M",1,2,0.5
"pan_cancer","EPHA3","WGD","WT",24,24,1
"pan_cancer","EPHA3","HM","WT",2,2,1
"pan_cancer","EPHA3","Classic","WT",2,2,1
"pan_cancer","EPHA7","WGD","WT",23,23,1
"pan_cancer","EPHA7","HM","WT",4,4,1
"pan_cancer","EPHA7","Classic","WT",4,4,1
"pan_cancer","EPHB2","Classic","M",1,1,1
"pan_cancer","EPS15","WGD","WT",20,20,1
"pan_cancer","ERBB2","WGD","CNA_driver",6,57,0.105263157894737
"pan_cancer","ERBB2","WGD","WT",51,57,0.894736842105263
"pan_cancer","ERBB2","HM","CNA_driver",2,10,0.2
"pan_cancer","ERBB2","HM","WT",8,10,0.8
"pan_cancer","ERBB2","Classic","CNA_driver",4,11,0.363636363636364
"pan_cancer","ERBB2","Classic","M",1,11,0.0909090909090909
"pan_cancer","ERBB2","Classic","WT",6,11,0.545454545454545
"pan_cancer","ERBB2IP","WGD","M",1,1,1
"pan_cancer","ERBB3","WGD","WT",46,46,1
"pan_cancer","ERBB3","HM","WT",1,1,1
"pan_cancer","ERBB3","Classic","WT",5,5,1
"pan_cancer","ERBB4","WGD","M",4,99,0.0404040404040404
"pan_cancer","ERBB4","WGD","WT",95,99,0.95959595959596
"pan_cancer","ERBB4","HM","M",1,11,0.0909090909090909
"pan_cancer","ERBB4","HM","WT",10,11,0.909090909090909
"pan_cancer","ERBB4","Classic","M",2,10,0.2
"pan_cancer","ERBB4","Classic","WT",8,10,0.8
"pan_cancer","ERCC2","WGD","CNA_driver",1,6,0.166666666666667
"pan_cancer","ERCC2","WGD","WT",5,6,0.833333333333333
"pan_cancer","ERCC3","WGD","WT",24,24,1
"pan_cancer","ERCC3","HM","WT",1,1,1
"pan_cancer","ERCC3","Classic","M",2,3,0.666666666666667
"pan_cancer","ERCC3","Classic","WT",1,3,0.333333333333333
"pan_cancer","ERCC5","Classic","M",1,1,1
"pan_cancer","ESR1","WGD","WT",37,37,1
"pan_cancer","ESR1","HM","WT",1,1,1
"pan_cancer","ESR1","Classic","WT",2,2,1
"pan_cancer","ETV1","WGD","WT",17,17,1
"pan_cancer","ETV1","Classic","WT",9,9,1
"pan_cancer","ETV6","WGD","WT",2,2,1
"pan_cancer","EZH2","WGD","WT",4,4,1
"pan_cancer","EZH2","Classic","M",8,14,0.571428571428571
"pan_cancer","EZH2","Classic","WT",6,14,0.428571428571429
"pan_cancer","FAM135B","WGD","WT",37,37,1
"pan_cancer","FAM135B","HM","WT",1,1,1
"pan_cancer","FAM135B","Classic","WT",20,20,1
"pan_cancer","FAM174B","WGD","WT",27,27,1
"pan_cancer","FAM174B","HM","WT",4,4,1
"pan_cancer","FAM174B","Classic","WT",2,2,1
"pan_cancer","FANCA","WGD","CNA_driver",1,11,0.0909090909090909
"pan_cancer","FANCA","WGD","WT",10,11,0.909090909090909
"pan_cancer","FANCA","HM","CNA_driver",1,2,0.5
"pan_cancer","FANCA","HM","WT",1,2,0.5
"pan_cancer","FANCA","Classic","CNA_driver",1,2,0.5
"pan_cancer","FANCA","Classic","WT",1,2,0.5
"pan_cancer","FANCD2","WGD","CI_M",38,38,1
"pan_cancer","FANCD2","HM","CI_M",3,3,1
"pan_cancer","FANCD2","Classic","CI_M",5,5,1
"pan_cancer","FANCE","HM","M",1,1,1
"pan_cancer","FANCE","Classic","M",1,1,1
"pan_cancer","FAS","WGD","CNA_driver",1,1,1
"pan_cancer","FAS","HM","M",1,1,1
"pan_cancer","FAS","Classic","CNA_driver",2,3,0.666666666666667
"pan_cancer","FAS","Classic","M",1,3,0.333333333333333
"pan_cancer","FAT1","WGD","WT",110,110,1
"pan_cancer","FAT1","HM","WT",10,10,1
"pan_cancer","FAT1","Classic","CNA_driver",2,11,0.181818181818182
"pan_cancer","FAT1","Classic","WT",9,11,0.818181818181818
"pan_cancer","FAT3","WGD","WT",106,106,1
"pan_cancer","FAT3","HM","WT",10,10,1
"pan_cancer","FAT3","Classic","WT",10,10,1
"pan_cancer","FAT4","WGD","WT",95,95,1
"pan_cancer","FAT4","HM","WT",12,12,1
"pan_cancer","FAT4","Classic","WT",4,4,1
"pan_cancer","FBLN2","WGD","WT",100,100,1
"pan_cancer","FBLN2","HM","WT",12,12,1
"pan_cancer","FBLN2","Classic","WT",16,16,1
"pan_cancer","FBXO11","WGD","WT",5,5,1
"pan_cancer","FBXO11","HM","WT",1,1,1
"pan_cancer","FBXO11","Classic","M",6,10,0.6
"pan_cancer","FBXO11","Classic","WT",4,10,0.4
"pan_cancer","FBXW7","WGD","M",2,87,0.0229885057471264
"pan_cancer","FBXW7","WGD","WT",85,87,0.977011494252874
"pan_cancer","FBXW7","HM","CNA_driver",1,7,0.142857142857143
"pan_cancer","FBXW7","HM","M",1,7,0.142857142857143
"pan_cancer","FBXW7","HM","WT",5,7,0.714285714285714
"pan_cancer","FBXW7","Classic","M",4,15,0.266666666666667
"pan_cancer","FBXW7","Classic","WT",11,15,0.733333333333333
"pan_cancer","FCGR2B","Classic","WT",1,1,1
"pan_cancer","FCRL4","WGD","WT",31,31,1
"pan_cancer","FCRL4","HM","WT",1,1,1
"pan_cancer","FCRL4","Classic","WT",30,30,1
"pan_cancer","FGFR1","WGD","WT",17,17,1
"pan_cancer","FGFR1","HM","CNA_driver",1,2,0.5
"pan_cancer","FGFR1","HM","WT",1,2,0.5
"pan_cancer","FGFR1","Classic","M",2,2,1
"pan_cancer","FGFR2","WGD","M",2,21,0.0952380952380952
"pan_cancer","FGFR2","WGD","WT",19,21,0.904761904761905
"pan_cancer","FGFR2","Classic","WT",6,6,1
"pan_cancer","FGFR3","WGD","WT",2,2,1
"pan_cancer","FLCN","WGD","CNA_driver",1,2,0.5
"pan_cancer","FLCN","WGD","WT",1,2,0.5
"pan_cancer","FLT4","WGD","M",1,28,0.0357142857142857
"pan_cancer","FLT4","WGD","WT",27,28,0.964285714285714
"pan_cancer","FLT4","HM","WT",11,11,1
"pan_cancer","FLT4","Classic","WT",38,38,1
"pan_cancer","FMN2","WGD","WT",29,29,1
"pan_cancer","FMN2","Classic","WT",27,27,1
"pan_cancer","FOXA1","WGD","M",3,40,0.075
"pan_cancer","FOXA1","WGD","WT",37,40,0.925
"pan_cancer","FOXA1","HM","M",1,6,0.166666666666667
"pan_cancer","FOXA1","HM","WT",5,6,0.833333333333333
"pan_cancer","FOXA1","Classic","M",4,5,0.8
"pan_cancer","FOXA1","Classic","WT",1,5,0.2
"pan_cancer","FOXA2","WGD","WT",1,1,1
"pan_cancer","FOXL2","WGD","WT",9,9,1
"pan_cancer","FOXL2","HM","WT",4,4,1
"pan_cancer","FOXL2","Classic","WT",2,2,1
"pan_cancer","FOXO1","WGD","WT",6,6,1
"pan_cancer","FOXO1","HM","WT",1,1,1
"pan_cancer","FOXO1","Classic","M",5,5,1
"pan_cancer","FOXO3","WGD","WT",6,6,1
"pan_cancer","FOXO3","HM","WT",1,1,1
"pan_cancer","FOXO3","Classic","WT",3,3,1
"pan_cancer","FOXP1","WGD","WT",35,35,1
"pan_cancer","FOXP1","Classic","WT",1,1,1
"pan_cancer","FUBP1","WGD","M",1,24,0.0416666666666667
"pan_cancer","FUBP1","WGD","WT",23,24,0.958333333333333
"pan_cancer","FUBP1","Classic","M",1,2,0.5
"pan_cancer","FUBP1","Classic","WT",1,2,0.5
"pan_cancer","FUS","WGD","WT",22,22,1
"pan_cancer","FUS","HM","WT",1,1,1
"pan_cancer","FUS","Classic","WT",2,2,1
"pan_cancer","GATA2","Classic","WT",1,1,1
"pan_cancer","GATA3","WGD","M",1,13,0.0769230769230769
"pan_cancer","GATA3","WGD","WT",12,13,0.923076923076923
"pan_cancer","GATA3","HM","WT",1,1,1
"pan_cancer","GATA3","Classic","M",6,6,1
"pan_cancer","GMPS","WGD","WT",31,31,1
"pan_cancer","GMPS","HM","WT",5,5,1
"pan_cancer","GMPS","Classic","WT",4,4,1
"pan_cancer","GNA11","WGD","WT",17,17,1
"pan_cancer","GNA11","Classic","WT",1,1,1
"pan_cancer","GNA13","WGD","M",2,4,0.5
"pan_cancer","GNA13","WGD","WT",2,4,0.5
"pan_cancer","GNA13","HM","CNA_driver",1,1,1
"pan_cancer","GNA13","Classic","M",3,3,1
"pan_cancer","GNAI2","WGD","M",1,8,0.125
"pan_cancer","GNAI2","WGD","WT",7,8,0.875
"pan_cancer","GNAI2","Classic","M",7,8,0.875
"pan_cancer","GNAI2","Classic","WT",1,8,0.125
"pan_cancer","GNAQ","WGD","WT",30,30,1
"pan_cancer","GNAQ","HM","WT",1,1,1
"pan_cancer","GNAQ","Classic","WT",2,2,1
"pan_cancer","GNAS","WGD","M",5,87,0.0574712643678161
"pan_cancer","GNAS","WGD","WT",82,87,0.942528735632184
"pan_cancer","GNAS","HM","WT",15,15,1
"pan_cancer","GNAS","Classic","M",4,39,0.102564102564103
"pan_cancer","GNAS","Classic","WT",35,39,0.897435897435897
"pan_cancer","GNG2","Classic","M",1,1,1
"pan_cancer","GPAA1","WGD","WT",1,1,1
"pan_cancer","GPC5","WGD","WT",22,22,1
"pan_cancer","GPC5","HM","WT",6,6,1
"pan_cancer","GPS2","Classic","M",1,1,1
"pan_cancer","GPSM2","Classic","M",1,1,1
"pan_cancer","GRB2","WGD","M",1,1,1
"pan_cancer","GRB2","Classic","M",1,1,1
"pan_cancer","GRIN2A","WGD","WT",6,6,1
"pan_cancer","GRM3","WGD","WT",18,18,1
"pan_cancer","GRM3","HM","WT",2,2,1
"pan_cancer","GRM3","Classic","WT",6,6,1
"pan_cancer","GSK3B","WGD","WT",2,2,1
"pan_cancer","H3F3A","Classic","M",1,1,1
"pan_cancer","HDAC2","Classic","M",1,1,1
"pan_cancer","HES1","WGD","M",1,1,1
"pan_cancer","HES1","Classic","M",2,2,1
"pan_cancer","HIP1","WGD","WT",3,3,1
"pan_cancer","HIP1","Classic","WT",4,4,1
"pan_cancer","HIST1H2AG","WGD","M",1,1,1
"pan_cancer","HIST1H2AG","Classic","M",4,4,1
"pan_cancer","HIST1H3I","Classic","M",1,1,1
"pan_cancer","HLA-A","WGD","M",3,35,0.0857142857142857
"pan_cancer","HLA-A","WGD","WT",32,35,0.914285714285714
"pan_cancer","HLA-A","HM","WT",7,7,1
"pan_cancer","HLA-A","Classic","M",2,15,0.133333333333333
"pan_cancer","HLA-A","Classic","WT",13,15,0.866666666666667
"pan_cancer","HLA-B","WGD","M",2,16,0.125
"pan_cancer","HLA-B","WGD","WT",14,16,0.875
"pan_cancer","HLA-B","HM","M",1,4,0.25
"pan_cancer","HLA-B","HM","WT",3,4,0.75
"pan_cancer","HLA-B","Classic","M",3,5,0.6
"pan_cancer","HLA-B","Classic","WT",2,5,0.4
"pan_cancer","HLA-C","WGD","WT",1,1,1
"pan_cancer","HNF1A","WGD","WT",26,26,1
"pan_cancer","HNF1A","HM","WT",2,2,1
"pan_cancer","HNF1A","Classic","WT",5,5,1
"pan_cancer","HNF4A","WGD","M",1,1,1
"pan_cancer","HNF4A","HM","M",1,1,1
"pan_cancer","HNRNPA2B1","WGD","WT",19,19,1
"pan_cancer","HNRNPA2B1","HM","WT",8,8,1
"pan_cancer","HNRNPA2B1","Classic","WT",19,19,1
"pan_cancer","HOXC13","WGD","WT",20,20,1
"pan_cancer","HOXC13","Classic","WT",3,3,1
"pan_cancer","HRAS","WGD","WT",33,33,1
"pan_cancer","HRAS","HM","WT",6,6,1
"pan_cancer","HSP90AA1","WGD","WT",17,17,1
"pan_cancer","HSP90AA1","HM","WT",1,1,1
"pan_cancer","HSP90AA1","Classic","WT",1,1,1
"pan_cancer","HSP90AB1","WGD","WT",18,18,1
"pan_cancer","HSP90AB1","HM","WT",3,3,1
"pan_cancer","HSP90AB1","Classic","WT",11,11,1
"pan_cancer","HSPA8","Classic","M",2,2,1
"pan_cancer","HSPG2","WGD","WT",2,2,1
"pan_cancer","ID3","WGD","WT",7,7,1
"pan_cancer","ID3","Classic","WT",4,4,1
"pan_cancer","IDH1","WGD","WT",74,74,1
"pan_cancer","IDH1","HM","WT",7,7,1
"pan_cancer","IDH1","Classic","M",4,13,0.307692307692308
"pan_cancer","IDH1","Classic","WT",9,13,0.692307692307692
"pan_cancer","IDH2","WGD","WT",16,16,1
"pan_cancer","IDH2","Classic","M",1,1,1
"pan_cancer","IGF2R","WGD","M",2,2,1
"pan_cancer","IKZF3","WGD","WT",4,4,1
"pan_cancer","IL6ST","WGD","WT",31,31,1
"pan_cancer","IL6ST","HM","WT",9,9,1
"pan_cancer","IL6ST","Classic","WT",11,11,1
"pan_cancer","IL7R","WGD","WT",32,32,1
"pan_cancer","IL7R","HM","WT",14,14,1
"pan_cancer","IL7R","Classic","WT",16,16,1
"pan_cancer","ING1","Classic","M",1,1,1
"pan_cancer","INPPL1","WGD","M",1,2,0.5
"pan_cancer","INPPL1","WGD","WT",1,2,0.5
"pan_cancer","INPPL1","Classic","CNA_driver",1,2,0.5
"pan_cancer","INPPL1","Classic","M",1,2,0.5
"pan_cancer","IRF1","HM","M",1,1,1
"pan_cancer","IRF1","Classic","M",1,1,1
"pan_cancer","IRF2","Classic","M",1,1,1
"pan_cancer","IRF4","WGD","WT",5,5,1
"pan_cancer","IRF4","Classic","WT",15,15,1
"pan_cancer","IRF8","WGD","M",2,2,1
"pan_cancer","ITGAV","WGD","WT",2,2,1
"pan_cancer","ITGAV","HM","WT",1,1,1
"pan_cancer","JAK1","WGD","WT",56,56,1
"pan_cancer","JAK1","HM","WT",2,2,1
"pan_cancer","JAK1","Classic","WT",1,1,1
"pan_cancer","JAK2","WGD","WT",13,13,1
"pan_cancer","JAK2","HM","WT",1,1,1
"pan_cancer","JAK2","Classic","WT",1,1,1
"pan_cancer","KAT6A","WGD","WT",8,8,1
"pan_cancer","KAT6A","HM","WT",4,4,1
"pan_cancer","KAT6B","WGD","WT",32,32,1
"pan_cancer","KAT6B","HM","WT",7,7,1
"pan_cancer","KAT6B","Classic","WT",2,2,1
"pan_cancer","KAT7","WGD","WT",2,2,1
"pan_cancer","KBTBD4","Classic","M",2,2,1
"pan_cancer","KDM3B","WGD","WT",5,5,1
"pan_cancer","KDM3B","Classic","WT",4,4,1
"pan_cancer","KDM5C","Classic","CNA_driver",4,4,1
"pan_cancer","KDM6A","WGD","CNA_driver",1,1,1
"pan_cancer","KDM6A","Classic","CNA_driver",3,3,1
"pan_cancer","KDR","WGD","M",1,23,0.0434782608695652
"pan_cancer","KDR","WGD","WT",22,23,0.956521739130435
"pan_cancer","KDR","HM","WT",1,1,1
"pan_cancer","KDR","Classic","WT",3,3,1
"pan_cancer","KEAP1","WGD","M",2,29,0.0689655172413793
"pan_cancer","KEAP1","WGD","WT",27,29,0.931034482758621
"pan_cancer","KEAP1","HM","M",1,3,0.333333333333333
"pan_cancer","KEAP1","HM","WT",2,3,0.666666666666667
"pan_cancer","KEAP1","Classic","M",2,4,0.5
"pan_cancer","KEAP1","Classic","WT",2,4,0.5
"pan_cancer","KIF11","WGD","CI_M",28,28,1
"pan_cancer","KIF11","HM","CI_M",1,1,1
"pan_cancer","KIF11","Classic","CI_M",1,1,1
"pan_cancer","KIF18A","WGD","CI_M",41,41,1
"pan_cancer","KIF18A","HM","CI_M",6,6,1
"pan_cancer","KIF18A","Classic","CI_M",3,3,1
"pan_cancer","KIF18B","WGD","CI_M",18,18,1
"pan_cancer","KIF18B","HM","CI_M",1,1,1
"pan_cancer","KIF18B","Classic","CI_M",3,3,1
"pan_cancer","KIF2A","WGD","CI_M",82,82,1
"pan_cancer","KIF2A","HM","CI_M",12,12,1
"pan_cancer","KIF2A","Classic","CI_M",17,17,1
"pan_cancer","KIF2B","WGD","CI_M",9,9,1
"pan_cancer","KIF2B","Classic","CI_M",4,4,1
"pan_cancer","KIF2C","WGD","CI_M",15,15,1
"pan_cancer","KIF2C","HM","CI_M",1,1,1
"pan_cancer","KIF2C","Classic","CI_M",1,1,1
"pan_cancer","KIF5B","WGD","WT",1,1,1
"pan_cancer","KIT","WGD","CNA_driver",1,27,0.037037037037037
"pan_cancer","KIT","WGD","M",1,27,0.037037037037037
"pan_cancer","KIT","WGD","WT",25,27,0.925925925925926
"pan_cancer","KIT","HM","WT",1,1,1
"pan_cancer","KIT","Classic","M",2,2,1
"pan_cancer","KLF4","WGD","WT",46,46,1
"pan_cancer","KLF4","HM","WT",3,3,1
"pan_cancer","KLF4","Classic","WT",5,5,1
"pan_cancer","KLF6","WGD","WT",14,14,1
"pan_cancer","KLF6","HM","WT",1,1,1
"pan_cancer","KLF6","Classic","M",2,2,1
"pan_cancer","KLHL6","WGD","M",2,8,0.25
"pan_cancer","KLHL6","WGD","WT",6,8,0.75
"pan_cancer","KLHL6","HM","WT",1,1,1
"pan_cancer","KLHL6","Classic","M",4,10,0.4
"pan_cancer","KLHL6","Classic","WT",6,10,0.6
"pan_cancer","KMT2A","WGD","WT",89,89,1
"pan_cancer","KMT2A","HM","WT",14,14,1
"pan_cancer","KMT2A","Classic","WT",7,7,1
"pan_cancer","KMT2B","WGD","WT",18,18,1
"pan_cancer","KMT2B","HM","WT",3,3,1
"pan_cancer","KMT2B","Classic","WT",8,8,1
"pan_cancer","KMT2C","WGD","M",1,155,0.00645161290322581
"pan_cancer","KMT2C","WGD","WT",154,155,0.993548387096774
"pan_cancer","KMT2C","HM","WT",32,32,1
"pan_cancer","KMT2C","Classic","M",11,76,0.144736842105263
"pan_cancer","KMT2C","Classic","WT",65,76,0.855263157894737
"pan_cancer","KMT2D","WGD","M",4,180,0.0222222222222222
"pan_cancer","KMT2D","WGD","WT",176,180,0.977777777777778
"pan_cancer","KMT2D","HM","M",2,13,0.153846153846154
"pan_cancer","KMT2D","HM","WT",11,13,0.846153846153846
"pan_cancer","KMT2D","Classic","M",32,62,0.516129032258065
"pan_cancer","KMT2D","Classic","WT",30,62,0.483870967741935
"pan_cancer","KRAS","WGD","CNA_driver",2,180,0.0111111111111111
"pan_cancer","KRAS","WGD","M",37,180,0.205555555555556
"pan_cancer","KRAS","WGD","WT",141,180,0.783333333333333
"pan_cancer","KRAS","HM","M",5,12,0.416666666666667
"pan_cancer","KRAS","HM","WT",7,12,0.583333333333333
"pan_cancer","KRAS","Classic","M",74,89,0.831460674157303
"pan_cancer","KRAS","Classic","WT",15,89,0.168539325842697
"pan_cancer","LATS1","WGD","M",2,68,0.0294117647058824
"pan_cancer","LATS1","WGD","WT",66,68,0.970588235294118
"pan_cancer","LATS1","HM","WT",5,5,1
"pan_cancer","LATS1","Classic","M",1,7,0.142857142857143
"pan_cancer","LATS1","Classic","WT",6,7,0.857142857142857
"pan_cancer","LDB1","WGD","WT",6,6,1
"pan_cancer","LDB1","Classic","M",1,2,0.5
"pan_cancer","LDB1","Classic","WT",1,2,0.5
"pan_cancer","LEF1","WGD","WT",24,24,1
"pan_cancer","LEF1","HM","WT",2,2,1
"pan_cancer","LIFR","WGD","WT",20,20,1
"pan_cancer","LIFR","HM","WT",2,2,1
"pan_cancer","LPA","WGD","WT",36,36,1
"pan_cancer","LPA","HM","WT",2,2,1
"pan_cancer","LPA","Classic","WT",3,3,1
"pan_cancer","LRIG3","WGD","WT",4,4,1
"pan_cancer","LRP1B","WGD","WT",162,162,1
"pan_cancer","LRP1B","HM","WT",15,15,1
"pan_cancer","LRP1B","Classic","WT",12,12,1
"pan_cancer","LRPPRC","Classic","M",1,1,1
"pan_cancer","LSM14A","WGD","WT",1,1,1
"pan_cancer","LSM14A","Classic","WT",1,1,1
"pan_cancer","LZTR1","WGD","WT",30,30,1
"pan_cancer","LZTR1","HM","WT",3,3,1
"pan_cancer","LZTR1","Classic","WT",5,5,1
"pan_cancer","MACF1","Classic","M",1,1,1
"pan_cancer","MAD2L2","WGD","CI_M",5,5,1
"pan_cancer","MAD2L2","Classic","CI_M",1,1,1
"pan_cancer","MAP2K1","WGD","M",1,28,0.0357142857142857
"pan_cancer","MAP2K1","WGD","WT",27,28,0.964285714285714
"pan_cancer","MAP2K1","HM","WT",2,2,1
"pan_cancer","MAP2K1","Classic","M",2,3,0.666666666666667
"pan_cancer","MAP2K1","Classic","WT",1,3,0.333333333333333
"pan_cancer","MAP2K4","WGD","CNA_driver",10,103,0.0970873786407767
"pan_cancer","MAP2K4","WGD","M",4,103,0.0388349514563107
"pan_cancer","MAP2K4","WGD","WT",89,103,0.864077669902913
"pan_cancer","MAP2K4","HM","CNA_driver",1,2,0.5
"pan_cancer","MAP2K4","HM","M",1,2,0.5
"pan_cancer","MAP2K4","Classic","CNA_driver",12,20,0.6
"pan_cancer","MAP2K4","Classic","M",3,20,0.15
"pan_cancer","MAP2K4","Classic","WT",5,20,0.25
"pan_cancer","MAP2K7","WGD","M",1,3,0.333333333333333
"pan_cancer","MAP2K7","WGD","WT",2,3,0.666666666666667
"pan_cancer","MAP2K7","Classic","M",1,1,1
"pan_cancer","MAP3K1","WGD","M",4,48,0.0833333333333333
"pan_cancer","MAP3K1","WGD","WT",44,48,0.916666666666667
"pan_cancer","MAP3K1","HM","WT",11,11,1
"pan_cancer","MAP3K1","Classic","CNA_driver",2,25,0.08
"pan_cancer","MAP3K1","Classic","M",5,25,0.2
"pan_cancer","MAP3K1","Classic","WT",18,25,0.72
"pan_cancer","MAPK1","WGD","WT",18,18,1
"pan_cancer","MAPK1","HM","WT",3,3,1
"pan_cancer","MAPK1","Classic","WT",5,5,1
"pan_cancer","MARK2","WGD","WT",44,44,1
"pan_cancer","MAX","WGD","WT",24,24,1
"pan_cancer","MB21D2","Classic","WT",3,3,1
"pan_cancer","MCC","Classic","M",1,1,1
"pan_cancer","MCL1","WGD","M",1,1,1
"pan_cancer","MCL1","HM","M",2,2,1
"pan_cancer","MCL1","Classic","M",4,4,1
"pan_cancer","MDGA2","WGD","WT",21,21,1
"pan_cancer","MDGA2","HM","WT",1,1,1
"pan_cancer","MDGA2","Classic","WT",2,2,1
"pan_cancer","MDM2","WGD","CNA_driver",5,5,1
"pan_cancer","MECOM","WGD","CNA_driver",2,60,0.0333333333333333
"pan_cancer","MECOM","WGD","WT",58,60,0.966666666666667
"pan_cancer","MECOM","HM","CNA_driver",2,9,0.222222222222222
"pan_cancer","MECOM","HM","WT",7,9,0.777777777777778
"pan_cancer","MECOM","Classic","WT",9,9,1
"pan_cancer","MED23","WGD","WT",10,10,1
"pan_cancer","MED23","HM","WT",1,1,1
"pan_cancer","MED23","Classic","WT",1,1,1
"pan_cancer","MEF2B","WGD","M",1,5,0.2
"pan_cancer","MEF2B","WGD","WT",4,5,0.8
"pan_cancer","MEF2B","Classic","M",4,6,0.666666666666667
"pan_cancer","MEF2B","Classic","WT",2,6,0.333333333333333
"pan_cancer","MEN1","WGD","CNA_driver",1,49,0.0204081632653061
"pan_cancer","MEN1","WGD","M",7,49,0.142857142857143
"pan_cancer","MEN1","WGD","WT",41,49,0.836734693877551
"pan_cancer","MEN1","HM","M",1,6,0.166666666666667
"pan_cancer","MEN1","HM","WT",5,6,0.833333333333333
"pan_cancer","MEN1","Classic","CNA_driver",2,7,0.285714285714286
"pan_cancer","MEN1","Classic","M",5,7,0.714285714285714
"pan_cancer","MET","WGD","CNA_driver",3,22,0.136363636363636
"pan_cancer","MET","WGD","WT",19,22,0.863636363636364
"pan_cancer","MET","HM","CNA_driver",1,4,0.25
"pan_cancer","MET","HM","WT",3,4,0.75
"pan_cancer","MET","Classic","WT",11,11,1
"pan_cancer","MGA","WGD","WT",19,19,1
"pan_cancer","MGA","HM","WT",2,2,1
"pan_cancer","MGA","Classic","M",4,4,1
"pan_cancer","MIB2","WGD","WT",1,1,1
"pan_cancer","MIB2","Classic","WT",2,2,1
"pan_cancer","MLH1","Classic","M",1,1,1
"pan_cancer","MLLT3","WGD","WT",16,16,1
"pan_cancer","MLLT3","HM","WT",2,2,1
"pan_cancer","MLLT3","Classic","WT",2,2,1
"pan_cancer","MPL","WGD","WT",2,2,1
"pan_cancer","MPL","Classic","WT",1,1,1
"pan_cancer","MTG2","WGD","M",1,1,1
"pan_cancer","MTG2","Classic","M",1,1,1
"pan_cancer","MTOR","WGD","M",1,63,0.0158730158730159
"pan_cancer","MTOR","WGD","WT",62,63,0.984126984126984
"pan_cancer","MTOR","HM","WT",1,1,1
"pan_cancer","MTOR","Classic","M",3,4,0.75
"pan_cancer","MTOR","Classic","WT",1,4,0.25
"pan_cancer","MUC4","HM","M",1,1,1
"pan_cancer","MUC6","WGD","WT",23,23,1
"pan_cancer","MUC6","HM","WT",4,4,1
"pan_cancer","MUC6","Classic","WT",4,4,1
"pan_cancer","MUTYH","Classic","M",1,1,1
"pan_cancer","MXD1","WGD","CI_M",23,23,1
"pan_cancer","MXD1","HM","CI_M",2,2,1
"pan_cancer","MXD1","Classic","CI_M",2,2,1
"pan_cancer","MYC","WGD","CNA_driver",15,19,0.789473684210526
"pan_cancer","MYC","WGD","M",2,19,0.105263157894737
"pan_cancer","MYC","WGD","WT",2,19,0.105263157894737
"pan_cancer","MYC","HM","CNA_driver",4,4,1
"pan_cancer","MYC","Classic","CNA_driver",4,18,0.222222222222222
"pan_cancer","MYC","Classic","M",5,18,0.277777777777778
"pan_cancer","MYC","Classic","WT",9,18,0.5
"pan_cancer","MYCN","WGD","CNA_driver",1,7,0.142857142857143
"pan_cancer","MYCN","WGD","WT",6,7,0.857142857142857
"pan_cancer","MYCN","HM","WT",1,1,1
"pan_cancer","MYCN","Classic","CNA_driver",1,1,1
"pan_cancer","MYD88","WGD","M",1,7,0.142857142857143
"pan_cancer","MYD88","WGD","WT",6,7,0.857142857142857
"pan_cancer","MYD88","HM","M",1,1,1
"pan_cancer","MYD88","Classic","M",4,7,0.571428571428571
"pan_cancer","MYD88","Classic","WT",3,7,0.428571428571429
"pan_cancer","MYEOV","WGD","WT",11,11,1
"pan_cancer","MYEOV","HM","WT",8,8,1
"pan_cancer","MYH11","WGD","WT",57,57,1
"pan_cancer","MYH11","HM","WT",5,5,1
"pan_cancer","MYH11","Classic","WT",9,9,1
"pan_cancer","MYH9","WGD","M",1,54,0.0185185185185185
"pan_cancer","MYH9","WGD","WT",53,54,0.981481481481482
"pan_cancer","MYH9","HM","WT",3,3,1
"pan_cancer","MYH9","Classic","WT",1,1,1
"pan_cancer","MYO5A","WGD","WT",52,52,1
"pan_cancer","MYO5A","HM","WT",4,4,1
"pan_cancer","MYO5A","Classic","WT",12,12,1
"pan_cancer","N4BP2","WGD","WT",27,27,1
"pan_cancer","N4BP2","HM","WT",4,4,1
"pan_cancer","N4BP2","Classic","WT",6,6,1
"pan_cancer","NACA","WGD","WT",32,32,1
"pan_cancer","NACA","Classic","WT",1,1,1
"pan_cancer","NBEA","WGD","WT",70,70,1
"pan_cancer","NBEA","HM","WT",10,10,1
"pan_cancer","NBEA","Classic","WT",7,7,1
"pan_cancer","NBN","Classic","M",1,1,1
"pan_cancer","NCOA1","WGD","WT",40,40,1
"pan_cancer","NCOA1","Classic","WT",1,1,1
"pan_cancer","NCOA2","WGD","WT",9,9,1
"pan_cancer","NCOA2","HM","WT",9,9,1
"pan_cancer","NCOA2","Classic","WT",2,2,1
"pan_cancer","NCOR1","WGD","CNA_driver",2,37,0.0540540540540541
"pan_cancer","NCOR1","WGD","M",1,37,0.027027027027027
"pan_cancer","NCOR1","WGD","WT",34,37,0.918918918918919
"pan_cancer","NCOR1","Classic","CNA_driver",6,8,0.75
"pan_cancer","NCOR1","Classic","WT",2,8,0.25
"pan_cancer","NCOR2","WGD","WT",64,64,1
"pan_cancer","NCOR2","HM","WT",19,19,1
"pan_cancer","NCOR2","Classic","WT",8,8,1
"pan_cancer","NF1","WGD","CNA_driver",6,90,0.0666666666666667
"pan_cancer","NF1","WGD","M",4,90,0.0444444444444444
"pan_cancer","NF1","WGD","WT",80,90,0.888888888888889
"pan_cancer","NF1","HM","CNA_driver",3,5,0.6
"pan_cancer","NF1","HM","WT",2,5,0.4
"pan_cancer","NF1","Classic","CNA_driver",6,30,0.2
"pan_cancer","NF1","Classic","M",8,30,0.266666666666667
"pan_cancer","NF1","Classic","WT",16,30,0.533333333333333
"pan_cancer","NF2","WGD","M",1,83,0.0120481927710843
"pan_cancer","NF2","WGD","WT",82,83,0.987951807228916
"pan_cancer","NF2","HM","WT",7,7,1
"pan_cancer","NF2","Classic","CNA_driver",1,14,0.0714285714285714
"pan_cancer","NF2","Classic","WT",13,14,0.928571428571429
"pan_cancer","NFATC2","WGD","WT",37,37,1
"pan_cancer","NFATC2","HM","WT",3,3,1
"pan_cancer","NFATC2","Classic","WT",10,10,1
"pan_cancer","NFE2L2","WGD","WT",45,45,1
"pan_cancer","NFE2L2","HM","M",1,6,0.166666666666667
"pan_cancer","NFE2L2","HM","WT",5,6,0.833333333333333
"pan_cancer","NFE2L2","Classic","M",6,10,0.6
"pan_cancer","NFE2L2","Classic","WT",4,10,0.4
"pan_cancer","NFKBIA","WGD","WT",6,6,1
"pan_cancer","NFKBIA","HM","WT",2,2,1
"pan_cancer","NFKBIA","Classic","WT",1,1,1
"pan_cancer","NFKBIE","WGD","WT",7,7,1
"pan_cancer","NFKBIE","Classic","M",2,11,0.181818181818182
"pan_cancer","NFKBIE","Classic","WT",9,11,0.818181818181818
"pan_cancer","NFKBIZ","HM","M",1,1,1
"pan_cancer","NFKBIZ","Classic","M",3,3,1
"pan_cancer","NIN","WGD","WT",2,2,1
"pan_cancer","NOTCH1","WGD","M",2,71,0.028169014084507
"pan_cancer","NOTCH1","WGD","WT",69,71,0.971830985915493
"pan_cancer","NOTCH1","HM","M",1,6,0.166666666666667
"pan_cancer","NOTCH1","HM","WT",5,6,0.833333333333333
"pan_cancer","NOTCH1","Classic","M",4,17,0.235294117647059
"pan_cancer","NOTCH1","Classic","WT",13,17,0.764705882352941
"pan_cancer","NOTCH2","WGD","CNA_driver",2,58,0.0344827586206897
"pan_cancer","NOTCH2","WGD","M",2,58,0.0344827586206897
"pan_cancer","NOTCH2","WGD","WT",54,58,0.931034482758621
"pan_cancer","NOTCH2","HM","WT",1,1,1
"pan_cancer","NOTCH2","Classic","CNA_driver",1,11,0.0909090909090909
"pan_cancer","NOTCH2","Classic","M",3,11,0.272727272727273
"pan_cancer","NOTCH2","Classic","WT",7,11,0.636363636363636
"pan_cancer","NPM1","WGD","WT",23,23,1
"pan_cancer","NPM1","HM","WT",9,9,1
"pan_cancer","NPM1","Classic","WT",15,15,1
"pan_cancer","NRAS","WGD","M",6,81,0.0740740740740741
"pan_cancer","NRAS","WGD","WT",75,81,0.925925925925926
"pan_cancer","NRAS","HM","M",1,3,0.333333333333333
"pan_cancer","NRAS","HM","WT",2,3,0.666666666666667
"pan_cancer","NRAS","Classic","M",9,12,0.75
"pan_cancer","NRAS","Classic","WT",3,12,0.25
"pan_cancer","NRG1","WGD","WT",10,10,1
"pan_cancer","NRG1","HM","WT",6,6,1
"pan_cancer","NRG1","Classic","WT",4,4,1
"pan_cancer","NSD1","WGD","WT",31,31,1
"pan_cancer","NSD1","HM","WT",3,3,1
"pan_cancer","NSD1","Classic","WT",6,6,1
"pan_cancer","NTRK1","WGD","WT",9,9,1
"pan_cancer","NTRK1","HM","WT",3,3,1
"pan_cancer","NTRK1","Classic","WT",12,12,1
"pan_cancer","NTRK2","WGD","WT",5,5,1
"pan_cancer","NTRK2","Classic","WT",5,5,1
"pan_cancer","NUMA1","WGD","WT",22,22,1
"pan_cancer","NUMA1","HM","WT",4,4,1
"pan_cancer","NUMA1","Classic","WT",1,1,1
"pan_cancer","NUP93","Classic","M",1,1,1
"pan_cancer","NUP98","WGD","WT",1,1,1
"pan_cancer","NUTM1","WGD","WT",34,34,1
"pan_cancer","NUTM1","HM","WT",3,3,1
"pan_cancer","NUTM1","Classic","WT",2,2,1
"pan_cancer","NXF1","Classic","CNA_driver",1,2,0.5
"pan_cancer","NXF1","Classic","WT",1,2,0.5
"pan_cancer","PA2G4","Classic","M",1,1,1
"pan_cancer","PABPC1","WGD","WT",16,16,1
"pan_cancer","PABPC1","HM","WT",5,5,1
"pan_cancer","PABPC1","Classic","WT",31,31,1
"pan_cancer","PALB2","WGD","WT",20,20,1
"pan_cancer","PALB2","Classic","M",1,1,1
"pan_cancer","PAX5","WGD","WT",16,16,1
"pan_cancer","PAX5","HM","WT",2,2,1
"pan_cancer","PBRM1","WGD","M",5,46,0.108695652173913
"pan_cancer","PBRM1","WGD","WT",41,46,0.891304347826087
"pan_cancer","PBRM1","HM","CNA_driver",1,6,0.166666666666667
"pan_cancer","PBRM1","HM","M",1,6,0.166666666666667
"pan_cancer","PBRM1","HM","WT",4,6,0.666666666666667
"pan_cancer","PBRM1","Classic","CNA_driver",4,26,0.153846153846154
"pan_cancer","PBRM1","Classic","M",18,26,0.692307692307692
"pan_cancer","PBRM1","Classic","WT",4,26,0.153846153846154
"pan_cancer","PCBP1","WGD","WT",1,1,1
"pan_cancer","PCBP1","Classic","WT",1,1,1
"pan_cancer","PCMTD1","Classic","WT",1,1,1
"pan_cancer","PDCD1LG2","WGD","WT",17,17,1
"pan_cancer","PDCD1LG2","HM","WT",3,3,1
"pan_cancer","PDCD1LG2","Classic","WT",3,3,1
"pan_cancer","PDGFRA","WGD","WT",2,2,1
"pan_cancer","PDGFRA","Classic","WT",1,1,1
"pan_cancer","PDS5A","WGD","CI_M",55,55,1
"pan_cancer","PDS5A","HM","CI_M",2,2,1
"pan_cancer","PDS5A","Classic","CI_M",4,4,1
"pan_cancer","PDS5B","WGD","CI_M",50,50,1
"pan_cancer","PDS5B","HM","CI_M",10,10,1
"pan_cancer","PDS5B","Classic","CI_M",7,7,1
"pan_cancer","PEG3","WGD","WT",37,37,1
"pan_cancer","PEG3","Classic","WT",12,12,1
"pan_cancer","PER3","WGD","WT",3,3,1
"pan_cancer","PHF6","Classic","CNA_driver",2,2,1
"pan_cancer","PIK3CA","WGD","CNA_driver",1,140,0.00714285714285714
"pan_cancer","PIK3CA","WGD","M",13,140,0.0928571428571429
"pan_cancer","PIK3CA","WGD","WT",126,140,0.9
"pan_cancer","PIK3CA","HM","CNA_driver",1,38,0.0263157894736842
"pan_cancer","PIK3CA","HM","M",1,38,0.0263157894736842
"pan_cancer","PIK3CA","HM","WT",36,38,0.947368421052632
"pan_cancer","PIK3CA","Classic","M",19,49,0.387755102040816
"pan_cancer","PIK3CA","Classic","WT",30,49,0.612244897959184
"pan_cancer","PIK3CB","WGD","WT",20,20,1
"pan_cancer","PIK3CB","HM","WT",10,10,1
"pan_cancer","PIK3CB","Classic","M",1,6,0.166666666666667
"pan_cancer","PIK3CB","Classic","WT",5,6,0.833333333333333
"pan_cancer","PIK3CD","Classic","M",1,1,1
"pan_cancer","PIK3R1","WGD","M",1,68,0.0147058823529412
"pan_cancer","PIK3R1","WGD","WT",67,68,0.985294117647059
"pan_cancer","PIK3R1","HM","M",1,2,0.5
"pan_cancer","PIK3R1","HM","WT",1,2,0.5
"pan_cancer","PIK3R1","Classic","M",5,7,0.714285714285714
"pan_cancer","PIK3R1","Classic","WT",2,7,0.285714285714286
"pan_cancer","PIM1","WGD","WT",6,6,1
"pan_cancer","PIM1","Classic","WT",13,13,1
"pan_cancer","PLAG1","WGD","WT",9,9,1
"pan_cancer","PLAG1","HM","WT",1,1,1
"pan_cancer","PLAG1","Classic","WT",7,7,1
"pan_cancer","PLCG1","Classic","M",1,1,1
"pan_cancer","PLK1","WGD","CI_M",13,13,1
"pan_cancer","PLK1","Classic","CI_M",5,5,1
"pan_cancer","PLK4","WGD","CI_M",14,14,1
"pan_cancer","PLXNC1","WGD","WT",27,27,1
"pan_cancer","PLXNC1","Classic","WT",1,1,1
"pan_cancer","PMS2","WGD","M",1,20,0.05
"pan_cancer","PMS2","WGD","WT",19,20,0.95
"pan_cancer","PMS2","HM","WT",8,8,1
"pan_cancer","PMS2","Classic","WT",19,19,1
"pan_cancer","POLD1","WGD","WT",31,31,1
"pan_cancer","POLD1","HM","WT",1,1,1
"pan_cancer","POLD1","Classic","CNA_driver",1,3,0.333333333333333
"pan_cancer","POLD1","Classic","WT",2,3,0.666666666666667
"pan_cancer","POLE","WGD","WT",4,4,1
"pan_cancer","POLQ","WGD","CNA_driver",2,24,0.0833333333333333
"pan_cancer","POLQ","WGD","WT",22,24,0.916666666666667
"pan_cancer","POLQ","Classic","WT",1,1,1
"pan_cancer","POLR3E","WGD","M",2,2,1
"pan_cancer","POLR3E","Classic","M",1,1,1
"pan_cancer","POT1","WGD","WT",10,10,1
"pan_cancer","POT1","HM","WT",2,2,1
"pan_cancer","POT1","Classic","WT",8,8,1
"pan_cancer","POU2F2","WGD","WT",5,5,1
"pan_cancer","POU2F2","HM","WT",1,1,1
"pan_cancer","POU2F2","Classic","WT",1,1,1
"pan_cancer","PPARG","Classic","M",1,1,1
"pan_cancer","PPM1D","WGD","CNA_driver",1,9,0.111111111111111
"pan_cancer","PPM1D","WGD","WT",8,9,0.888888888888889
"pan_cancer","PPM1D","HM","WT",3,3,1
"pan_cancer","PPM1D","Classic","WT",7,7,1
"pan_cancer","PPP2R1A","WGD","WT",14,14,1
"pan_cancer","PPP2R1A","Classic","WT",1,1,1
"pan_cancer","PPP3CA","WGD","WT",1,1,1
"pan_cancer","PPP6C","WGD","WT",14,14,1
"pan_cancer","PPP6C","HM","CNA_driver",1,3,0.333333333333333
"pan_cancer","PPP6C","HM","WT",2,3,0.666666666666667
"pan_cancer","PPP6C","Classic","M",2,4,0.5
"pan_cancer","PPP6C","Classic","WT",2,4,0.5
"pan_cancer","PRDM1","WGD","WT",6,6,1
"pan_cancer","PRDM1","Classic","CNA_driver",1,2,0.5
"pan_cancer","PRDM1","Classic","WT",1,2,0.5
"pan_cancer","PRDM2","WGD","WT",29,29,1
"pan_cancer","PRDM2","HM","WT",1,1,1
"pan_cancer","PREX2","WGD","WT",76,76,1
"pan_cancer","PREX2","HM","WT",29,29,1
"pan_cancer","PREX2","Classic","WT",42,42,1
"pan_cancer","PRKAR1A","WGD","WT",3,3,1
"pan_cancer","PRKAR1A","Classic","CNA_driver",1,10,0.1
"pan_cancer","PRKAR1A","Classic","M",3,10,0.3
"pan_cancer","PRKAR1A","Classic","WT",6,10,0.6
"pan_cancer","PRKCB","WGD","WT",10,10,1
"pan_cancer","PRKCB","HM","WT",5,5,1
"pan_cancer","PRKCD","WGD","WT",7,7,1
"pan_cancer","PRKCD","Classic","M",6,8,0.75
"pan_cancer","PRKCD","Classic","WT",2,8,0.25
"pan_cancer","PRKD1","WGD","WT",24,24,1
"pan_cancer","PRKD1","HM","WT",4,4,1
"pan_cancer","PRKD1","Classic","WT",2,2,1
"pan_cancer","PSIP1","WGD","WT",1,1,1
"pan_cancer","PSMD11","Classic","M",1,1,1
"pan_cancer","PTCH1","WGD","WT",28,28,1
"pan_cancer","PTCH1","HM","WT",3,3,1
"pan_cancer","PTCH1","Classic","CNA_driver",1,8,0.125
"pan_cancer","PTCH1","Classic","M",5,8,0.625
"pan_cancer","PTCH1","Classic","WT",2,8,0.25
"pan_cancer","PTDSS1","WGD","M",3,3,1
"pan_cancer","PTDSS1","HM","M",2,2,1
"pan_cancer","PTDSS1","Classic","M",2,2,1
"pan_cancer","PTEN","WGD","CNA_driver",8,139,0.0575539568345324
"pan_cancer","PTEN","WGD","M",3,139,0.0215827338129496
"pan_cancer","PTEN","WGD","WT",128,139,0.920863309352518
"pan_cancer","PTEN","HM","CNA_driver",3,15,0.2
"pan_cancer","PTEN","HM","M",1,15,0.0666666666666667
"pan_cancer","PTEN","HM","WT",11,15,0.733333333333333
"pan_cancer","PTEN","Classic","CNA_driver",18,41,0.439024390243902
"pan_cancer","PTEN","Classic","M",12,41,0.292682926829268
"pan_cancer","PTEN","Classic","WT",11,41,0.268292682926829
"pan_cancer","PTPN11","Classic","WT",10,10,1
"pan_cancer","PTPN13","WGD","WT",2,2,1
"pan_cancer","PTPN3","WGD","WT",46,46,1
"pan_cancer","PTPN3","Classic","WT",5,5,1
"pan_cancer","PTPN6","WGD","WT",26,26,1
"pan_cancer","PTPN6","Classic","WT",1,1,1
"pan_cancer","PTPRB","WGD","WT",46,46,1
"pan_cancer","PTPRB","HM","WT",1,1,1
"pan_cancer","PTPRB","Classic","M",1,3,0.333333333333333
"pan_cancer","PTPRB","Classic","WT",2,3,0.666666666666667
"pan_cancer","PTPRC","WGD","WT",24,24,1
"pan_cancer","PTPRC","HM","WT",6,6,1
"pan_cancer","PTPRC","Classic","WT",55,55,1
"pan_cancer","PTPRD","WGD","WT",98,98,1
"pan_cancer","PTPRD","HM","WT",8,8,1
"pan_cancer","PTPRD","Classic","WT",12,12,1
"pan_cancer","PTPRK","WGD","WT",6,6,1
"pan_cancer","PTPRK","HM","WT",1,1,1
"pan_cancer","PTPRT","WGD","WT",100,100,1
"pan_cancer","PTPRT","HM","WT",18,18,1
"pan_cancer","PTPRT","Classic","WT",30,30,1
"pan_cancer","PWWP2A","WGD","WT",1,1,1
"pan_cancer","QKI","WGD","WT",24,24,1
"pan_cancer","QKI","HM","WT",1,1,1
"pan_cancer","QKI","Classic","CNA_driver",1,2,0.5
"pan_cancer","QKI","Classic","WT",1,2,0.5
"pan_cancer","RAC1","WGD","M",1,10,0.1
"pan_cancer","RAC1","WGD","WT",9,10,0.9
"pan_cancer","RAC1","HM","WT",2,2,1
"pan_cancer","RAC1","Classic","M",1,5,0.2
"pan_cancer","RAC1","Classic","WT",4,5,0.8
"pan_cancer","RAD21","Classic","M",2,3,0.666666666666667
"pan_cancer","RAD21","Classic","WT",1,3,0.333333333333333
"pan_cancer","RAD50","WGD","M",1,1,1
"pan_cancer","RAD50","Classic","M",1,1,1
"pan_cancer","RAD54L","WGD","M",1,1,1
"pan_cancer","RAF1","WGD","WT",1,1,1
"pan_cancer","RAF1","Classic","M",1,1,1
"pan_cancer","RANBP2","WGD","WT",33,33,1
"pan_cancer","RANBP2","HM","WT",5,5,1
"pan_cancer","RANBP2","Classic","WT",2,2,1
"pan_cancer","RAP1B","WGD","WT",4,4,1
"pan_cancer","RAP1GDS1","WGD","WT",3,3,1
"pan_cancer","RASA1","WGD","CNA_driver",1,1,1
"pan_cancer","RASA1","HM","M",1,1,1
"pan_cancer","RASA1","Classic","CNA_driver",1,5,0.2
"pan_cancer","RASA1","Classic","M",2,5,0.4
"pan_cancer","RASA1","Classic","WT",2,5,0.4
"pan_cancer","RASA2","Classic","M",1,1,1
"pan_cancer","RB1","WGD","CNA_driver",18,124,0.145161290322581
"pan_cancer","RB1","WGD","M",11,124,0.0887096774193548
"pan_cancer","RB1","WGD","WT",95,124,0.766129032258065
"pan_cancer","RB1","HM","CNA_driver",4,17,0.235294117647059
"pan_cancer","RB1","HM","M",1,17,0.0588235294117647
"pan_cancer","RB1","HM","WT",12,17,0.705882352941177
"pan_cancer","RB1","Classic","CNA_driver",14,27,0.518518518518518
"pan_cancer","RB1","Classic","M",6,27,0.222222222222222
"pan_cancer","RB1","Classic","WT",7,27,0.259259259259259
"pan_cancer","RBFOX1","WGD","WT",13,13,1
"pan_cancer","RBFOX1","HM","WT",4,4,1
"pan_cancer","RBM10","WGD","CNA_driver",1,1,1
"pan_cancer","RBM10","Classic","CNA_driver",1,1,1
"pan_cancer","RBM15","WGD","WT",3,3,1
"pan_cancer","RBM39","WGD","WT",1,1,1
"pan_cancer","RECQL4","HM","WT",1,1,1
"pan_cancer","RECQL4","Classic","WT",2,2,1
"pan_cancer","RELA","WGD","M",1,2,0.5
"pan_cancer","RELA","WGD","WT",1,2,0.5
"pan_cancer","RELA","HM","M",1,2,0.5
"pan_cancer","RELA","HM","WT",1,2,0.5
"pan_cancer","RET","WGD","WT",20,20,1
"pan_cancer","RFTN1","WGD","M",1,1,1
"pan_cancer","RFTN1","HM","M",2,2,1
"pan_cancer","RFTN1","Classic","M",8,8,1
"pan_cancer","RGPD3","WGD","WT",55,55,1
"pan_cancer","RGPD3","HM","WT",4,4,1
"pan_cancer","RGPD3","Classic","WT",3,3,1
"pan_cancer","RGS7","WGD","WT",27,27,1
"pan_cancer","RGS7","HM","WT",1,1,1
"pan_cancer","RGS7","Classic","WT",20,20,1
"pan_cancer","RHOA","WGD","WT",30,30,1
"pan_cancer","RHOA","HM","WT",1,1,1
"pan_cancer","RHOA","Classic","M",3,10,0.3
"pan_cancer","RHOA","Classic","WT",7,10,0.7
"pan_cancer","RHPN2","WGD","WT",21,21,1
"pan_cancer","RHPN2","Classic","WT",2,2,1
"pan_cancer","RIPK4","WGD","M",2,2,1
"pan_cancer","RIPK4","HM","M",1,1,1
"pan_cancer","RIPK4","Classic","M",1,1,1
"pan_cancer","RNF213","WGD","WT",44,44,1
"pan_cancer","RNF213","HM","WT",10,10,1
"pan_cancer","RNF213","Classic","WT",11,11,1
"pan_cancer","RNF34","WGD","M",1,1,1
"pan_cancer","RNF34","HM","M",1,1,1
"pan_cancer","RNF34","Classic","M",2,2,1
"pan_cancer","RNF43","WGD","M",1,93,0.010752688172043
"pan_cancer","RNF43","WGD","WT",92,93,0.989247311827957
"pan_cancer","RNF43","HM","WT",14,14,1
"pan_cancer","RNF43","Classic","CNA_driver",1,20,0.05
"pan_cancer","RNF43","Classic","M",5,20,0.25
"pan_cancer","RNF43","Classic","WT",14,20,0.7
"pan_cancer","RNF6","HM","CNA_driver",1,1,1
"pan_cancer","ROBO2","WGD","WT",82,82,1
"pan_cancer","ROBO2","HM","WT",14,14,1
"pan_cancer","ROBO2","Classic","WT",10,10,1
"pan_cancer","ROS1","WGD","WT",62,62,1
"pan_cancer","ROS1","HM","WT",6,6,1
"pan_cancer","ROS1","Classic","WT",4,4,1
"pan_cancer","RPL22","WGD","WT",28,28,1
"pan_cancer","RPL22","HM","WT",2,2,1
"pan_cancer","RPL22","Classic","M",2,2,1
"pan_cancer","RPL5","WGD","M",1,31,0.032258064516129
"pan_cancer","RPL5","WGD","WT",30,31,0.967741935483871
"pan_cancer","RPL5","Classic","WT",3,3,1
"pan_cancer","RRAGC","WGD","M",1,8,0.125
"pan_cancer","RRAGC","WGD","WT",7,8,0.875
"pan_cancer","RRAGC","Classic","M",6,10,0.6
"pan_cancer","RRAGC","Classic","WT",4,10,0.4
"pan_cancer","RRAS2","WGD","WT",1,1,1
"pan_cancer","RRAS2","HM","M",1,1,1
"pan_cancer","RSPO2","Classic","WT",3,3,1
"pan_cancer","RTN4","WGD","M",2,2,1
"pan_cancer","RUNX1","WGD","CNA_driver",1,14,0.0714285714285714
"pan_cancer","RUNX1","WGD","WT",13,14,0.928571428571429
"pan_cancer","RUNX1","Classic","WT",2,2,1
"pan_cancer","RUNX1T1","WGD","WT",36,36,1
"pan_cancer","RUNX1T1","HM","WT",14,14,1
"pan_cancer","RUNX1T1","Classic","WT",37,37,1
"pan_cancer","RXRA","WGD","WT",2,2,1
"pan_cancer","SDHA","WGD","WT",17,17,1
"pan_cancer","SDHA","HM","WT",5,5,1
"pan_cancer","SDHA","Classic","WT",7,7,1
"pan_cancer","SDHB","Classic","M",1,1,1
"pan_cancer","SETD1B","WGD","WT",79,79,1
"pan_cancer","SETD1B","HM","WT",3,3,1
"pan_cancer","SETD1B","Classic","WT",11,11,1
"pan_cancer","SETD2","WGD","M",4,148,0.027027027027027
"pan_cancer","SETD2","WGD","WT",144,148,0.972972972972973
"pan_cancer","SETD2","HM","M",2,12,0.166666666666667
"pan_cancer","SETD2","HM","WT",10,12,0.833333333333333
"pan_cancer","SETD2","Classic","CNA_driver",2,24,0.0833333333333333
"pan_cancer","SETD2","Classic","M",9,24,0.375
"pan_cancer","SETD2","Classic","WT",13,24,0.541666666666667
"pan_cancer","SETDB1","WGD","M",3,53,0.0566037735849057
"pan_cancer","SETDB1","WGD","WT",50,53,0.943396226415094
"pan_cancer","SETDB1","HM","M",1,7,0.142857142857143
"pan_cancer","SETDB1","HM","WT",6,7,0.857142857142857
"pan_cancer","SETDB1","Classic","M",3,93,0.032258064516129
"pan_cancer","SETDB1","Classic","WT",90,93,0.967741935483871
"pan_cancer","SF3B1","WGD","M",1,124,0.00806451612903226
"pan_cancer","SF3B1","WGD","WT",123,124,0.991935483870968
"pan_cancer","SF3B1","HM","M",1,15,0.0666666666666667
"pan_cancer","SF3B1","HM","WT",14,15,0.933333333333333
"pan_cancer","SF3B1","Classic","M",5,18,0.277777777777778
"pan_cancer","SF3B1","Classic","WT",13,18,0.722222222222222
"pan_cancer","SF3B3","Classic","M",1,1,1
"pan_cancer","SGK1","WGD","WT",7,7,1
"pan_cancer","SGK1","HM","M",1,1,1
"pan_cancer","SGK1","Classic","M",4,5,0.8
"pan_cancer","SGK1","Classic","WT",1,5,0.2
"pan_cancer","SIN3A","WGD","WT",6,6,1
"pan_cancer","SIN3A","HM","WT",2,2,1
"pan_cancer","SIN3A","Classic","WT",3,3,1
"pan_cancer","SLC34A2","WGD","WT",1,1,1
"pan_cancer","SMAD2","HM","CNA_driver",1,1,1
"pan_cancer","SMAD2","Classic","M",1,1,1
"pan_cancer","SMAD3","WGD","WT",39,39,1
"pan_cancer","SMAD3","HM","WT",1,1,1
"pan_cancer","SMAD3","Classic","WT",13,13,1
"pan_cancer","SMAD4","WGD","CNA_driver",14,78,0.179487179487179
"pan_cancer","SMAD4","WGD","M",14,78,0.179487179487179
"pan_cancer","SMAD4","WGD","WT",50,78,0.641025641025641
"pan_cancer","SMAD4","HM","CNA_driver",3,13,0.230769230769231
"pan_cancer","SMAD4","HM","M",4,13,0.307692307692308
"pan_cancer","SMAD4","HM","WT",6,13,0.461538461538462
"pan_cancer","SMAD4","Classic","CNA_driver",23,58,0.396551724137931
"pan_cancer","SMAD4","Classic","M",31,58,0.53448275862069
"pan_cancer","SMAD4","Classic","WT",4,58,0.0689655172413793
"pan_cancer","SMARCA4","WGD","CNA_driver",1,109,0.00917431192660551
"pan_cancer","SMARCA4","WGD","M",3,109,0.0275229357798165
"pan_cancer","SMARCA4","WGD","WT",105,109,0.963302752293578
"pan_cancer","SMARCA4","HM","M",1,8,0.125
"pan_cancer","SMARCA4","HM","WT",7,8,0.875
"pan_cancer","SMARCA4","Classic","CNA_driver",1,16,0.0625
"pan_cancer","SMARCA4","Classic","M",5,16,0.3125
"pan_cancer","SMARCA4","Classic","WT",10,16,0.625
"pan_cancer","SMARCB1","WGD","WT",8,8,1
"pan_cancer","SMARCB1","HM","WT",2,2,1
"pan_cancer","SMARCB1","Classic","WT",1,1,1
"pan_cancer","SMARCD1","WGD","WT",20,20,1
"pan_cancer","SMARCD1","Classic","WT",3,3,1
"pan_cancer","SMC3","WGD","CI_M",18,18,1
"pan_cancer","SMC3","HM","CI_M",3,3,1
"pan_cancer","SMO","WGD","M",2,25,0.08
"pan_cancer","SMO","WGD","WT",23,25,0.92
"pan_cancer","SMO","HM","M",1,8,0.125
"pan_cancer","SMO","HM","WT",7,8,0.875
"pan_cancer","SMO","Classic","M",1,29,0.0344827586206897
"pan_cancer","SMO","Classic","WT",28,29,0.96551724137931
"pan_cancer","SNX29","WGD","WT",1,1,1
"pan_cancer","SOCS1","WGD","WT",7,7,1
"pan_cancer","SOCS1","HM","WT",1,1,1
"pan_cancer","SOCS1","Classic","CNA_driver",1,10,0.1
"pan_cancer","SOCS1","Classic","WT",9,10,0.9
"pan_cancer","SOS1","WGD","WT",1,1,1
"pan_cancer","SOX17","WGD","WT",1,1,1
"pan_cancer","SOX21","WGD","WT",13,13,1
"pan_cancer","SOX9","Classic","CNA_driver",1,2,0.5
"pan_cancer","SOX9","Classic","M",1,2,0.5
"pan_cancer","SPEN","WGD","WT",44,44,1
"pan_cancer","SPEN","HM","WT",6,6,1
"pan_cancer","SPEN","Classic","WT",1,1,1
"pan_cancer","SPOP","WGD","M",1,24,0.0416666666666667
"pan_cancer","SPOP","WGD","WT",23,24,0.958333333333333
"pan_cancer","SPOP","HM","M",1,4,0.25
"pan_cancer","SPOP","HM","WT",3,4,0.75
"pan_cancer","SPOP","Classic","M",3,8,0.375
"pan_cancer","SPOP","Classic","WT",5,8,0.625
"pan_cancer","SRSF2","WGD","M",1,1,1
"pan_cancer","SRSF7","WGD","M",1,1,1
"pan_cancer","STAG1","WGD","CI_M",152,152,1
"pan_cancer","STAG1","HM","CI_M",23,23,1
"pan_cancer","STAG1","Classic","CI_M",17,17,1
"pan_cancer","STAT3","WGD","WT",4,4,1
"pan_cancer","STAT3","HM","M",2,2,1
"pan_cancer","STAT3","Classic","M",4,7,0.571428571428571
"pan_cancer","STAT3","Classic","WT",3,7,0.428571428571429
"pan_cancer","STAT5B","WGD","WT",15,15,1
"pan_cancer","STAT5B","HM","WT",2,2,1
"pan_cancer","STAT5B","Classic","WT",1,1,1
"pan_cancer","STAT6","WGD","M",1,5,0.2
"pan_cancer","STAT6","WGD","WT",4,5,0.8
"pan_cancer","STAT6","HM","WT",3,3,1
"pan_cancer","STAT6","Classic","M",8,16,0.5
"pan_cancer","STAT6","Classic","WT",8,16,0.5
"pan_cancer","STK11","WGD","M",2,3,0.666666666666667
"pan_cancer","STK11","WGD","WT",1,3,0.333333333333333
"pan_cancer","STK11","Classic","M",1,1,1
"pan_cancer","SUFU","Classic","CNA_driver",1,2,0.5
"pan_cancer","SUFU","Classic","WT",1,2,0.5
"pan_cancer","SUZ12","WGD","WT",22,22,1
"pan_cancer","TAF15","WGD","WT",2,2,1
"pan_cancer","TAF1L","Classic","WT",1,1,1
"pan_cancer","TAL1","WGD","WT",29,29,1
"pan_cancer","TAL1","HM","WT",1,1,1
"pan_cancer","TAL1","Classic","WT",3,3,1
"pan_cancer","TBL1XR1","WGD","WT",17,17,1
"pan_cancer","TBL1XR1","HM","M",1,3,0.333333333333333
"pan_cancer","TBL1XR1","HM","WT",2,3,0.666666666666667
"pan_cancer","TBL1XR1","Classic","M",5,15,0.333333333333333
"pan_cancer","TBL1XR1","Classic","WT",10,15,0.666666666666667
"pan_cancer","TBR1","WGD","M",1,1,1
"pan_cancer","TBR1","Classic","M",2,2,1
"pan_cancer","TBX3","WGD","WT",15,15,1
"pan_cancer","TBX3","Classic","M",2,5,0.4
"pan_cancer","TBX3","Classic","WT",3,5,0.6
"pan_cancer","TCF4","WGD","M",1,5,0.2
"pan_cancer","TCF4","WGD","WT",4,5,0.8
"pan_cancer","TCF4","HM","WT",1,1,1
"pan_cancer","TCF4","Classic","M",1,3,0.333333333333333
"pan_cancer","TCF4","Classic","WT",2,3,0.666666666666667
"pan_cancer","TCF7L2","WGD","WT",22,22,1
"pan_cancer","TCF7L2","HM","WT",3,3,1
"pan_cancer","TCF7L2","Classic","WT",4,4,1
"pan_cancer","TERT","WGD","CNA_driver",3,12,0.25
"pan_cancer","TERT","WGD","M",9,12,0.75
"pan_cancer","TERT","HM","M",4,4,1
"pan_cancer","TERT","Classic","M",15,15,1
"pan_cancer","TET1","WGD","WT",31,31,1
"pan_cancer","TET1","HM","WT",4,4,1
"pan_cancer","TET1","Classic","WT",4,4,1
"pan_cancer","TET2","WGD","CNA_driver",2,9,0.222222222222222
"pan_cancer","TET2","WGD","M",1,9,0.111111111111111
"pan_cancer","TET2","WGD","WT",6,9,0.666666666666667
"pan_cancer","TET2","Classic","M",1,1,1
"pan_cancer","TFAP4","WGD","WT",6,6,1
"pan_cancer","TFAP4","Classic","WT",9,9,1
"pan_cancer","TFG","WGD","WT",33,33,1
"pan_cancer","TFG","HM","WT",6,6,1
"pan_cancer","TFG","Classic","WT",3,3,1
"pan_cancer","TFRC","WGD","WT",21,21,1
"pan_cancer","TFRC","HM","WT",1,1,1
"pan_cancer","TFRC","Classic","WT",2,2,1
"pan_cancer","TGFBR1","WGD","WT",9,9,1
"pan_cancer","TGFBR1","HM","WT",3,3,1
"pan_cancer","TGFBR2","WGD","CNA_driver",6,62,0.0967741935483871
"pan_cancer","TGFBR2","WGD","M",2,62,0.032258064516129
"pan_cancer","TGFBR2","WGD","WT",54,62,0.870967741935484
"pan_cancer","TGFBR2","HM","CNA_driver",1,7,0.142857142857143
"pan_cancer","TGFBR2","HM","M",1,7,0.142857142857143
"pan_cancer","TGFBR2","HM","WT",5,7,0.714285714285714
"pan_cancer","TGFBR2","Classic","CNA_driver",2,10,0.2
"pan_cancer","TGFBR2","Classic","M",3,10,0.3
"pan_cancer","TGFBR2","Classic","WT",5,10,0.5
"pan_cancer","TMEM107","Classic","M",2,2,1
"pan_cancer","TMEM127","HM","M",1,1,1
"pan_cancer","TMEM30A","HM","M",1,1,1
"pan_cancer","TMEM30A","Classic","M",4,4,1
"pan_cancer","TMPRSS2","WGD","WT",4,4,1
"pan_cancer","TMSB4X","Classic","CNA_driver",1,1,1
"pan_cancer","TNC","WGD","WT",19,19,1
"pan_cancer","TNC","Classic","WT",1,1,1
"pan_cancer","TNFAIP3","WGD","WT",1,1,1
"pan_cancer","TNFAIP3","Classic","CNA_driver",1,2,0.5
"pan_cancer","TNFAIP3","Classic","M",1,2,0.5
"pan_cancer","TNFRSF14","WGD","WT",7,7,1
"pan_cancer","TNFRSF14","Classic","M",7,8,0.875
"pan_cancer","TNFRSF14","Classic","WT",1,8,0.125
"pan_cancer","TOB1","WGD","M",1,1,1
"pan_cancer","TOB1","HM","M",1,1,1
"pan_cancer","TOB1","Classic","M",2,2,1
"pan_cancer","TOP1","WGD","WT",22,22,1
"pan_cancer","TOP1","HM","WT",4,4,1
"pan_cancer","TOP1","Classic","WT",9,9,1
"pan_cancer","TOP2A","WGD","WT",1,1,1
"pan_cancer","TP53","WGD","CNA_driver",13,253,0.0513833992094862
"pan_cancer","TP53","WGD","M",157,253,0.620553359683794
"pan_cancer","TP53","WGD","WT",83,253,0.328063241106719
"pan_cancer","TP53","HM","CNA_driver",4,36,0.111111111111111
"pan_cancer","TP53","HM","M",30,36,0.833333333333333
"pan_cancer","TP53","HM","WT",2,36,0.0555555555555556
"pan_cancer","TP53","Classic","CNA_driver",17,170,0.1
"pan_cancer","TP53","Classic","M",149,170,0.876470588235294
"pan_cancer","TP53","Classic","WT",4,170,0.0235294117647059
"pan_cancer","TP63","WGD","WT",20,20,1
"pan_cancer","TP63","HM","WT",1,1,1
"pan_cancer","TP63","Classic","WT",5,5,1
"pan_cancer","TPR","WGD","WT",17,17,1
"pan_cancer","TPR","HM","WT",8,8,1
"pan_cancer","TPR","Classic","WT",52,52,1
"pan_cancer","TRAF3","Classic","CNA_driver",1,1,1
"pan_cancer","TRAF7","WGD","CNA_driver",1,1,1
"pan_cancer","TRIB3","WGD","CI_M",4,4,1
"pan_cancer","TRIB3","HM","CI_M",2,2,1
"pan_cancer","TRIM24","WGD","WT",14,14,1
"pan_cancer","TRIM24","HM","WT",8,8,1
"pan_cancer","TRIM24","Classic","WT",3,3,1
"pan_cancer","TRIM33","WGD","WT",5,5,1
"pan_cancer","TRIM49C","WGD","WT",2,2,1
"pan_cancer","TRIM49C","HM","WT",1,1,1
"pan_cancer","TRIM49C","Classic","WT",1,1,1
"pan_cancer","TRIP11","WGD","WT",1,1,1
"pan_cancer","TRIP12","Classic","M",1,1,1
"pan_cancer","TRRAP","WGD","WT",20,20,1
"pan_cancer","TRRAP","HM","M",1,4,0.25
"pan_cancer","TRRAP","HM","WT",3,4,0.75
"pan_cancer","TRRAP","Classic","M",2,17,0.117647058823529
"pan_cancer","TRRAP","Classic","WT",15,17,0.882352941176471
"pan_cancer","TSC1","WGD","M",1,49,0.0204081632653061
"pan_cancer","TSC1","WGD","WT",48,49,0.979591836734694
"pan_cancer","TSC1","HM","CNA_driver",1,3,0.333333333333333
"pan_cancer","TSC1","HM","WT",2,3,0.666666666666667
"pan_cancer","TSC1","Classic","CNA_driver",1,13,0.0769230769230769
"pan_cancer","TSC1","Classic","M",3,13,0.230769230769231
"pan_cancer","TSC1","Classic","WT",9,13,0.692307692307692
"pan_cancer","TSC2","WGD","CNA_driver",1,51,0.0196078431372549
"pan_cancer","TSC2","WGD","WT",50,51,0.980392156862745
"pan_cancer","TSC2","HM","WT",6,6,1
"pan_cancer","TSC2","Classic","M",3,6,0.5
"pan_cancer","TSC2","Classic","WT",3,6,0.5
"pan_cancer","TUBGCP2","WGD","CI_M",28,28,1
"pan_cancer","TUBGCP2","HM","CI_M",2,2,1
"pan_cancer","TUBGCP2","Classic","CI_M",4,4,1
"pan_cancer","U2AF1","WGD","M",1,38,0.0263157894736842
"pan_cancer","U2AF1","WGD","WT",37,38,0.973684210526316
"pan_cancer","U2AF1","Classic","WT",4,4,1
"pan_cancer","UBR5","WGD","WT",17,17,1
"pan_cancer","UBR5","HM","WT",1,1,1
"pan_cancer","UBR5","Classic","WT",20,20,1
"pan_cancer","USP44","WGD","CI_M",25,25,1
"pan_cancer","USP44","HM","CI_M",2,2,1
"pan_cancer","USP44","Classic","CI_M",2,2,1
"pan_cancer","USP6","WGD","WT",51,51,1
"pan_cancer","USP6","Classic","WT",3,3,1
"pan_cancer","USP8","WGD","WT",28,28,1
"pan_cancer","USP8","HM","WT",4,4,1
"pan_cancer","USP8","Classic","WT",11,11,1
"pan_cancer","VAV1","WGD","WT",1,1,1
"pan_cancer","VHL","WGD","M",5,6,0.833333333333333
"pan_cancer","VHL","WGD","WT",1,6,0.166666666666667
"pan_cancer","VHL","HM","CNA_driver",1,4,0.25
"pan_cancer","VHL","HM","M",3,4,0.75
"pan_cancer","VHL","Classic","CNA_driver",5,26,0.192307692307692
"pan_cancer","VHL","Classic","M",21,26,0.807692307692308
"pan_cancer","WAPAL","WGD","CI_M",33,33,1
"pan_cancer","WAPAL","HM","CI_M",1,1,1
"pan_cancer","WAPAL","Classic","CI_M",5,5,1
"pan_cancer","WNK1","Classic","M",1,1,1
"pan_cancer","WNK2","WGD","WT",28,28,1
"pan_cancer","WNK2","HM","WT",1,1,1
"pan_cancer","WNK2","Classic","WT",2,2,1
"pan_cancer","WRN","Classic","M",1,1,1
"pan_cancer","WT1","WGD","M",4,75,0.0533333333333333
"pan_cancer","WT1","WGD","WT",71,75,0.946666666666667
"pan_cancer","WT1","Classic","CNA_driver",1,3,0.333333333333333
"pan_cancer","WT1","Classic","WT",2,3,0.666666666666667
"pan_cancer","WWTR1","WGD","WT",8,8,1
"pan_cancer","WWTR1","HM","WT",5,5,1
"pan_cancer","WWTR1","Classic","WT",3,3,1
"pan_cancer","XPA","WGD","M",1,1,1
"pan_cancer","XPO1","WGD","WT",4,4,1
"pan_cancer","XPO1","HM","WT",1,1,1
"pan_cancer","XPO1","Classic","M",4,12,0.333333333333333
"pan_cancer","XPO1","Classic","WT",8,12,0.666666666666667
"pan_cancer","XRN1","Classic","M",1,1,1
"pan_cancer","ZBTB16","WGD","WT",10,10,1
"pan_cancer","ZBTB16","HM","WT",8,8,1
"pan_cancer","ZCCHC8","WGD","WT",2,2,1
"pan_cancer","ZCCHC8","Classic","WT",1,1,1
"pan_cancer","ZEB1","WGD","WT",4,4,1
"pan_cancer","ZFHX3","WGD","CNA_driver",1,63,0.0158730158730159
"pan_cancer","ZFHX3","WGD","WT",62,63,0.984126984126984
"pan_cancer","ZFHX3","HM","WT",3,3,1
"pan_cancer","ZFHX3","Classic","CNA_driver",6,10,0.6
"pan_cancer","ZFHX3","Classic","WT",4,10,0.4
"pan_cancer","ZFP36L1","WGD","WT",2,2,1
"pan_cancer","ZFP36L1","HM","CNA_driver",1,2,0.5
"pan_cancer","ZFP36L1","HM","M",1,2,0.5
"pan_cancer","ZFP36L1","Classic","M",3,3,1
"pan_cancer","ZFP36L2","Classic","M",4,4,1
"pan_cancer","ZMYM2","WGD","WT",7,7,1
"pan_cancer","ZMYM2","HM","WT",10,10,1
"pan_cancer","ZNF208","WGD","WT",13,13,1
"pan_cancer","ZNF208","HM","WT",1,1,1
"pan_cancer","ZNF208","Classic","WT",1,1,1
"pan_cancer","ZNF274","WGD","WT",3,3,1
"pan_cancer","ZNF429","WGD","WT",42,42,1
"pan_cancer","ZNF429","HM","WT",2,2,1
"pan_cancer","ZNF429","Classic","WT",3,3,1
"pan_cancer","ZNF521","WGD","WT",70,70,1
"pan_cancer","ZNF521","HM","WT",4,4,1
"pan_cancer","ZNF521","Classic","WT",5,5,1
"pan_cancer","ZNF750","WGD","WT",14,14,1
"pan_cancer","ZNF750","HM","WT",5,5,1
"pan_cancer","ZNF750","Classic","WT",1,1,1
"pan_cancer","ZNF814","WGD","WT",1,1,1
"pan_cancer","ZNRF3","Classic","CNA_driver",1,1,1
"pan_cancer","enhancers::chr6:152022800-152024800::NA::NA","Classic","M",1,1,1
"pan_cancer","enhancers::chr7:86865600-86866400::NA::NA","WGD","M",3,3,1
"pan_cancer","enhancers::chr7:86865600-86866400::NA::NA","Classic","M",1,1,1
"pan_cancer","hsa-mir-142","WGD","M",1,1,1
"pan_cancer","hsa-mir-142","HM","M",2,2,1
"pan_cancer","hsa-mir-142","Classic","M",5,5,1
"pan_cancer","lncrna.ncrna::gencode::RMRP::ENSG00000269900.2","Classic","M",3,3,1
"pan_cancer","lncrna.ncrna::gencode::RPPH1::ENSG00000259001.2","Classic","M",2,2,1
"pan_cancer","lncrna.promCore::gencode::RMRP::ENSG00000269900.2","WGD","M",3,3,1
"pan_cancer","lncrna.promCore::gencode::RMRP::ENSG00000269900.2","Classic","M",7,7,1
"pan_cancer","lncrna.promCore::gencode::RP11-440L14.1::ENSG00000249592.1","WGD","M",3,3,1
