THIS FILE CONTAINS THE METADATA ABOUT SYSTEM AND RUNTIME


-------System Info-------
Operating System Name: Linux
Nodename: genoa002.hpc.rd.areasciencepark.it
Release: 6.14.5-200.fc41.x86_64
Version: #1 SMP PREEMPT_DYNAMIC Fri May  2 14:06:21 UTC 2025

-------Python and Package Versions------- 
Python Version: 3.11.8
SigProfilerMatrixGenerator Version: 1.3.4
SigProfilerPlotting version: 1.4.1
matplotlib version: 3.9.0
statsmodels version: 0.14.2
scipy version: 1.13.1
pandas version: 2.3.3
numpy version: 2.4.2

-------Vital Parameters Used for the execution -------
Project: PCAWG
Genome: GRCh37
Input File Path: /orfeo/cephfs/scratch/cdslab/gsantacatterina/material-tickTack-2026/PCAWG/Analysis_results/Signatures//BRCA/
exome: False
bed_file: None
chrom_based: False
plot: False
tsb_stat: False
seqInfo: False

-------Date and Time Data------- 
Date and Clock time when the execution started: 2026-04-17 18:37:49.180511


-------Runtime Checkpoints------- 
NA is not supported. You will need to download that chromosome and create the required files. Continuing with the matrix generation...
NA is not supported. You will need to download that chromosome and create the required files. Continuing with the matrix generation...
NA is not supported. You will need to download that chromosome and create the required files. Continuing with the matrix generation...
NA is not supported. You will need to download that chromosome and create the required files. Continuing with the matrix generation...
NA is not supported. You will need to download that chromosome and create the required files. Continuing with the matrix generation...
NA is not supported. You will need to download that chromosome and create the required files. Continuing with the matrix generation...
NA is not supported. You will need to download that chromosome and create the required files. Continuing with the matrix generation...
NA is not supported. You will need to download that chromosome and create the required files. Continuing with the matrix generation...
NA is not supported. You will need to download that chromosome and create the required files. Continuing with the matrix generation...
NA is not supported. You will need to download that chromosome and create the required files. Continuing with the matrix generation...
NA is not supported. You will need to download that chromosome and create the required files. Continuing with the matrix generation...
NA is not supported. You will need to download that chromosome and create the required files. Continuing with the matrix generation...
NA is not supported. You will need to download that chromosome and create the required files. Continuing with the matrix generation...
NA is not supported. You will need to download that chromosome and create the required files. Continuing with the matrix generation...
NA is not supported. You will need to download that chromosome and create the required files. Continuing with the matrix generation...
NA is not supported. You will need to download that chromosome and create the required files. Continuing with the matrix generation...
NA is not supported. You will need to download that chromosome and create the required files. Continuing with the matrix generation...
NA is not supported. You will need to download that chromosome and create the required files. Continuing with the matrix generation...
NA is not supported. You will need to download that chromosome and create the required files. Continuing with the matrix generation...
NA is not supported. You will need to download that chromosome and create the required files. Continuing with the matrix generation...
NA is not supported. You will need to download that chromosome and create the required files. Continuing with the matrix generation...
NA is not supported. You will need to download that chromosome and create the required files. Continuing with the matrix generation...
NA is not supported. You will need to download that chromosome and create the required files. Continuing with the matrix generation...
NA is not supported. You will need to download that chromosome and create the required files. Continuing with the matrix generation...
NA is not supported. You will need to download that chromosome and create the required files. Continuing with the matrix generation...
NA is not supported. You will need to download that chromosome and create the required files. Continuing with the matrix generation...
NA is not supported. You will need to download that chromosome and create the required files. Continuing with the matrix generation...
NA is not supported. You will need to download that chromosome and create the required files. Continuing with the matrix generation...
NA is not supported. You will need to download that chromosome and create the required files. Continuing with the matrix generation...
NA is not supported. You will need to download that chromosome and create the required files. Continuing with the matrix generation...
NA is not supported. You will need to download that chromosome and create the required files. Continuing with the matrix generation...
NA is not supported. You will need to download that chromosome and create the required files. Continuing with the matrix generation...
NA is not supported. You will need to download that chromosome and create the required files. Continuing with the matrix generation...
NA is not supported. You will need to download that chromosome and create the required files. Continuing with the matrix generation...
NA is not supported. You will need to download that chromosome and create the required files. Continuing with the matrix generation...
NA is not supported. You will need to download that chromosome and create the required files. Continuing with the matrix generation...
NA is not supported. You will need to download that chromosome and create the required files. Continuing with the matrix generation...
NA is not supported. You will need to download that chromosome and create the required files. Continuing with the matrix generation...
NA is not supported. You will need to download that chromosome and create the required files. Continuing with the matrix generation...
NA is not supported. You will need to download that chromosome and create the required files. Continuing with the matrix generation...
NA is not supported. You will need to download that chromosome and create the required files. Continuing with the matrix generation...
NA is not supported. You will need to download that chromosome and create the required files. Continuing with the matrix generation...
NA is not supported. You will need to download that chromosome and create the required files. Continuing with the matrix generation...
NA is not supported. You will need to download that chromosome and create the required files. Continuing with the matrix generation...
NA is not supported. You will need to download that chromosome and create the required files. Continuing with the matrix generation...
NA is not supported. You will need to download that chromosome and create the required files. Continuing with the matrix generation...
NA is not supported. You will need to download that chromosome and create the required files. Continuing with the matrix generation...
NA is not supported. You will need to download that chromosome and create the required files. Continuing with the matrix generation...
NA is not supported. You will need to download that chromosome and create the required files. Continuing with the matrix generation...
NA is not supported. You will need to download that chromosome and create the required files. Continuing with the matrix generation...
NA is not supported. You will need to download that chromosome and create the required files. Continuing with the matrix generation...
NA is not supported. You will need to download that chromosome and create the required files. Continuing with the matrix generation...
NA is not supported. You will need to download that chromosome and create the required files. Continuing with the matrix generation...
NA is not supported. You will need to download that chromosome and create the required files. Continuing with the matrix generation...
NA is not supported. You will need to download that chromosome and create the required files. Continuing with the matrix generation...
NA is not supported. You will need to download that chromosome and create the required files. Continuing with the matrix generation...
NA is not supported. You will need to download that chromosome and create the required files. Continuing with the matrix generation...
NA is not supported. You will need to download that chromosome and create the required files. Continuing with the matrix generation...
NA is not supported. You will need to download that chromosome and create the required files. Continuing with the matrix generation...
NA is not supported. You will need to download that chromosome and create the required files. Continuing with the matrix generation...
NA is not supported. You will need to download that chromosome and create the required files. Continuing with the matrix generation...
NA is not supported. You will need to download that chromosome and create the required files. Continuing with the matrix generation...
NA is not supported. You will need to download that chromosome and create the required files. Continuing with the matrix generation...
NA is not supported. You will need to download that chromosome and create the required files. Continuing with the matrix generation...
NA is not supported. You will need to download that chromosome and create the required files. Continuing with the matrix generation...
NA is not supported. You will need to download that chromosome and create the required files. Continuing with the matrix generation...
NA is not supported. You will need to download that chromosome and create the required files. Continuing with the matrix generation...
NA is not supported. You will need to download that chromosome and create the required files. Continuing with the matrix generation...
NA is not supported. You will need to download that chromosome and create the required files. Continuing with the matrix generation...
NA is not supported. You will need to download that chromosome and create the required files. Continuing with the matrix generation...
NA is not supported. You will need to download that chromosome and create the required files. Continuing with the matrix generation...
NA is not supported. You will need to download that chromosome and create the required files. Continuing with the matrix generation...
NA is not supported. You will need to download that chromosome and create the required files. Continuing with the matrix generation...
NA is not supported. You will need to download that chromosome and create the required files. Continuing with the matrix generation...
NA is not supported. You will need to download that chromosome and create the required files. Continuing with the matrix generation...
NA is not supported. You will need to download that chromosome and create the required files. Continuing with the matrix generation...
NA is not supported. You will need to download that chromosome and create the required files. Continuing with the matrix generation...
NA is not supported. You will need to download that chromosome and create the required files. Continuing with the matrix generation...
NA is not supported. You will need to download that chromosome and create the required files. Continuing with the matrix generation...
NA is not supported. You will need to download that chromosome and create the required files. Continuing with the matrix generation...
NA is not supported. You will need to download that chromosome and create the required files. Continuing with the matrix generation...
NA is not supported. You will need to download that chromosome and create the required files. Continuing with the matrix generation...
NA is not supported. You will need to download that chromosome and create the required files. Continuing with the matrix generation...
NA is not supported. You will need to download that chromosome and create the required files. Continuing with the matrix generation...
NA is not supported. You will need to download that chromosome and create the required files. Continuing with the matrix generation...
NA is not supported. You will need to download that chromosome and create the required files. Continuing with the matrix generation...
NA is not supported. You will need to download that chromosome and create the required files. Continuing with the matrix generation...
NA is not supported. You will need to download that chromosome and create the required files. Continuing with the matrix generation...
NA is not supported. You will need to download that chromosome and create the required files. Continuing with the matrix generation...
NA is not supported. You will need to download that chromosome and create the required files. Continuing with the matrix generation...
NA is not supported. You will need to download that chromosome and create the required files. Continuing with the matrix generation...
NA is not supported. You will need to download that chromosome and create the required files. Continuing with the matrix generation...
NA is not supported. You will need to download that chromosome and create the required files. Continuing with the matrix generation...
NA is not supported. You will need to download that chromosome and create the required files. Continuing with the matrix generation...
NA is not supported. You will need to download that chromosome and create the required files. Continuing with the matrix generation...
NA is not supported. You will need to download that chromosome and create the required files. Continuing with the matrix generation...
NA is not supported. You will need to download that chromosome and create the required files. Continuing with the matrix generation...
NA is not supported. You will need to download that chromosome and create the required files. Continuing with the matrix generation...
NA is not supported. You will need to download that chromosome and create the required files. Continuing with the matrix generation...
NA is not supported. You will need to download that chromosome and create the required files. Continuing with the matrix generation...
NA is not supported. You will need to download that chromosome and create the required files. Continuing with the matrix generation...
NA is not supported. You will need to download that chromosome and create the required files. Continuing with the matrix generation...
NA is not supported. You will need to download that chromosome and create the required files. Continuing with the matrix generation...
NA is not supported. You will need to download that chromosome and create the required files. Continuing with the matrix generation...
NA is not supported. You will need to download that chromosome and create the required files. Continuing with the matrix generation...
NA is not supported. You will need to download that chromosome and create the required files. Continuing with the matrix generation...
NA is not supported. You will need to download that chromosome and create the required files. Continuing with the matrix generation...
NA is not supported. You will need to download that chromosome and create the required files. Continuing with the matrix generation...
NA is not supported. You will need to download that chromosome and create the required files. Continuing with the matrix generation...
NA is not supported. You will need to download that chromosome and create the required files. Continuing with the matrix generation...
NA is not supported. You will need to download that chromosome and create the required files. Continuing with the matrix generation...
NA is not supported. You will need to download that chromosome and create the required files. Continuing with the matrix generation...
NA is not supported. You will need to download that chromosome and create the required files. Continuing with the matrix generation...
NA is not supported. You will need to download that chromosome and create the required files. Continuing with the matrix generation...
NA is not supported. You will need to download that chromosome and create the required files. Continuing with the matrix generation...
NA is not supported. You will need to download that chromosome and create the required files. Continuing with the matrix generation...
NA is not supported. You will need to download that chromosome and create the required files. Continuing with the matrix generation...
NA is not supported. You will need to download that chromosome and create the required files. Continuing with the matrix generation...
NA is not supported. You will need to download that chromosome and create the required files. Continuing with the matrix generation...
NA is not supported. You will need to download that chromosome and create the required files. Continuing with the matrix generation...
NA is not supported. You will need to download that chromosome and create the required files. Continuing with the matrix generation...
NA is not supported. You will need to download that chromosome and create the required files. Continuing with the matrix generation...
NA is not supported. You will need to download that chromosome and create the required files. Continuing with the matrix generation...
NA is not supported. You will need to download that chromosome and create the required files. Continuing with the matrix generation...
NA is not supported. You will need to download that chromosome and create the required files. Continuing with the matrix generation...
NA is not supported. You will need to download that chromosome and create the required files. Continuing with the matrix generation...
NA is not supported. You will need to download that chromosome and create the required files. Continuing with the matrix generation...
NA is not supported. You will need to download that chromosome and create the required files. Continuing with the matrix generation...
NA is not supported. You will need to download that chromosome and create the required files. Continuing with the matrix generation...
NA is not supported. You will need to download that chromosome and create the required files. Continuing with the matrix generation...
NA is not supported. You will need to download that chromosome and create the required files. Continuing with the matrix generation...
NA is not supported. You will need to download that chromosome and create the required files. Continuing with the matrix generation...
NA is not supported. You will need to download that chromosome and create the required files. Continuing with the matrix generation...
NA is not supported. You will need to download that chromosome and create the required files. Continuing with the matrix generation...
NA is not supported. You will need to download that chromosome and create the required files. Continuing with the matrix generation...
NA is not supported. You will need to download that chromosome and create the required files. Continuing with the matrix generation...
NA is not supported. You will need to download that chromosome and create the required files. Continuing with the matrix generation...
NA is not supported. You will need to download that chromosome and create the required files. Continuing with the matrix generation...
NA is not supported. You will need to download that chromosome and create the required files. Continuing with the matrix generation...
NA is not supported. You will need to download that chromosome and create the required files. Continuing with the matrix generation...
NA is not supported. You will need to download that chromosome and create the required files. Continuing with the matrix generation...
NA is not supported. You will need to download that chromosome and create the required files. Continuing with the matrix generation...
NA is not supported. You will need to download that chromosome and create the required files. Continuing with the matrix generation...
NA is not supported. You will need to download that chromosome and create the required files. Continuing with the matrix generation...
NA is not supported. You will need to download that chromosome and create the required files. Continuing with the matrix generation...
NA is not supported. You will need to download that chromosome and create the required files. Continuing with the matrix generation...
NA is not supported. You will need to download that chromosome and create the required files. Continuing with the matrix generation...
NA is not supported. You will need to download that chromosome and create the required files. Continuing with the matrix generation...
NA is not supported. You will need to download that chromosome and create the required files. Continuing with the matrix generation...
NA is not supported. You will need to download that chromosome and create the required files. Continuing with the matrix generation...
NA is not supported. You will need to download that chromosome and create the required files. Continuing with the matrix generation...
NA is not supported. You will need to download that chromosome and create the required files. Continuing with the matrix generation...
NA is not supported. You will need to download that chromosome and create the required files. Continuing with the matrix generation...
NA is not supported. You will need to download that chromosome and create the required files. Continuing with the matrix generation...
NA is not supported. You will need to download that chromosome and create the required files. Continuing with the matrix generation...
NA is not supported. You will need to download that chromosome and create the required files. Continuing with the matrix generation...
NA is not supported. You will need to download that chromosome and create the required files. Continuing with the matrix generation...
NA is not supported. You will need to download that chromosome and create the required files. Continuing with the matrix generation...
NA is not supported. You will need to download that chromosome and create the required files. Continuing with the matrix generation...
NA is not supported. You will need to download that chromosome and create the required files. Continuing with the matrix generation...
NA is not supported. You will need to download that chromosome and create the required files. Continuing with the matrix generation...
NA is not supported. You will need to download that chromosome and create the required files. Continuing with the matrix generation...
NA is not supported. You will need to download that chromosome and create the required files. Continuing with the matrix generation...
NA is not supported. You will need to download that chromosome and create the required files. Continuing with the matrix generation...
NA is not supported. You will need to download that chromosome and create the required files. Continuing with the matrix generation...
NA is not supported. You will need to download that chromosome and create the required files. Continuing with the matrix generation...
NA is not supported. You will need to download that chromosome and create the required files. Continuing with the matrix generation...
NA is not supported. You will need to download that chromosome and create the required files. Continuing with the matrix generation...
NA is not supported. You will need to download that chromosome and create the required files. Continuing with the matrix generation...
NA is not supported. You will need to download that chromosome and create the required files. Continuing with the matrix generation...
NA is not supported. You will need to download that chromosome and create the required files. Continuing with the matrix generation...
NA is not supported. You will need to download that chromosome and create the required files. Continuing with the matrix generation...
NA is not supported. You will need to download that chromosome and create the required files. Continuing with the matrix generation...
NA is not supported. You will need to download that chromosome and create the required files. Continuing with the matrix generation...
NA is not supported. You will need to download that chromosome and create the required files. Continuing with the matrix generation...
NA is not supported. You will need to download that chromosome and create the required files. Continuing with the matrix generation...
NA is not supported. You will need to download that chromosome and create the required files. Continuing with the matrix generation...
NA is not supported. You will need to download that chromosome and create the required files. Continuing with the matrix generation...
NA is not supported. You will need to download that chromosome and create the required files. Continuing with the matrix generation...
NA is not supported. You will need to download that chromosome and create the required files. Continuing with the matrix generation...
NA is not supported. You will need to download that chromosome and create the required files. Continuing with the matrix generation...
NA is not supported. You will need to download that chromosome and create the required files. Continuing with the matrix generation...
NA is not supported. You will need to download that chromosome and create the required files. Continuing with the matrix generation...
NA is not supported. You will need to download that chromosome and create the required files. Continuing with the matrix generation...
NA is not supported. You will need to download that chromosome and create the required files. Continuing with the matrix generation...
NA is not supported. You will need to download that chromosome and create the required files. Continuing with the matrix generation...
NA is not supported. You will need to download that chromosome and create the required files. Continuing with the matrix generation...
NA is not supported. You will need to download that chromosome and create the required files. Continuing with the matrix generation...
NA is not supported. You will need to download that chromosome and create the required files. Continuing with the matrix generation...
NA is not supported. You will need to download that chromosome and create the required files. Continuing with the matrix generation...
NA is not supported. You will need to download that chromosome and create the required files. Continuing with the matrix generation...
NA is not supported. You will need to download that chromosome and create the required files. Continuing with the matrix generation...
NA is not supported. You will need to download that chromosome and create the required files. Continuing with the matrix generation...
NA is not supported. You will need to download that chromosome and create the required files. Continuing with the matrix generation...
NA is not supported. You will need to download that chromosome and create the required files. Continuing with the matrix generation...
NA is not supported. You will need to download that chromosome and create the required files. Continuing with the matrix generation...
NA is not supported. You will need to download that chromosome and create the required files. Continuing with the matrix generation...
NA is not supported. You will need to download that chromosome and create the required files. Continuing with the matrix generation...
NA is not supported. You will need to download that chromosome and create the required files. Continuing with the matrix generation...
NA is not supported. You will need to download that chromosome and create the required files. Continuing with the matrix generation...
NA is not supported. You will need to download that chromosome and create the required files. Continuing with the matrix generation...
NA is not supported. You will need to download that chromosome and create the required files. Continuing with the matrix generation...
NA is not supported. You will need to download that chromosome and create the required files. Continuing with the matrix generation...
NA is not supported. You will need to download that chromosome and create the required files. Continuing with the matrix generation...
NA is not supported. You will need to download that chromosome and create the required files. Continuing with the matrix generation...
NA is not supported. You will need to download that chromosome and create the required files. Continuing with the matrix generation...
NA is not supported. You will need to download that chromosome and create the required files. Continuing with the matrix generation...
NA is not supported. You will need to download that chromosome and create the required files. Continuing with the matrix generation...
NA is not supported. You will need to download that chromosome and create the required files. Continuing with the matrix generation...
NA is not supported. You will need to download that chromosome and create the required files. Continuing with the matrix generation...
NA is not supported. You will need to download that chromosome and create the required files. Continuing with the matrix generation...
NA is not supported. You will need to download that chromosome and create the required files. Continuing with the matrix generation...
NA is not supported. You will need to download that chromosome and create the required files. Continuing with the matrix generation...
NA is not supported. You will need to download that chromosome and create the required files. Continuing with the matrix generation...
NA is not supported. You will need to download that chromosome and create the required files. Continuing with the matrix generation...
NA is not supported. You will need to download that chromosome and create the required files. Continuing with the matrix generation...
NA is not supported. You will need to download that chromosome and create the required files. Continuing with the matrix generation...
NA is not supported. You will need to download that chromosome and create the required files. Continuing with the matrix generation...
NA is not supported. You will need to download that chromosome and create the required files. Continuing with the matrix generation...
NA is not supported. You will need to download that chromosome and create the required files. Continuing with the matrix generation...
NA is not supported. You will need to download that chromosome and create the required files. Continuing with the matrix generation...
NA is not supported. You will need to download that chromosome and create the required files. Continuing with the matrix generation...
NA is not supported. You will need to download that chromosome and create the required files. Continuing with the matrix generation...
NA is not supported. You will need to download that chromosome and create the required files. Continuing with the matrix generation...
NA is not supported. You will need to download that chromosome and create the required files. Continuing with the matrix generation...
NA is not supported. You will need to download that chromosome and create the required files. Continuing with the matrix generation...
NA is not supported. You will need to download that chromosome and create the required files. Continuing with the matrix generation...
NA is not supported. You will need to download that chromosome and create the required files. Continuing with the matrix generation...
NA is not supported. You will need to download that chromosome and create the required files. Continuing with the matrix generation...
NA is not supported. You will need to download that chromosome and create the required files. Continuing with the matrix generation...
NA is not supported. You will need to download that chromosome and create the required files. Continuing with the matrix generation...
NA is not supported. You will need to download that chromosome and create the required files. Continuing with the matrix generation...
NA is not supported. You will need to download that chromosome and create the required files. Continuing with the matrix generation...
NA is not supported. You will need to download that chromosome and create the required files. Continuing with the matrix generation...
NA is not supported. You will need to download that chromosome and create the required files. Continuing with the matrix generation...
NA is not supported. You will need to download that chromosome and create the required files. Continuing with the matrix generation...
NA is not supported. You will need to download that chromosome and create the required files. Continuing with the matrix generation...
NA is not supported. You will need to download that chromosome and create the required files. Continuing with the matrix generation...
NA is not supported. You will need to download that chromosome and create the required files. Continuing with the matrix generation...
NA is not supported. You will need to download that chromosome and create the required files. Continuing with the matrix generation...
NA is not supported. You will need to download that chromosome and create the required files. Continuing with the matrix generation...
NA is not supported. You will need to download that chromosome and create the required files. Continuing with the matrix generation...
NA is not supported. You will need to download that chromosome and create the required files. Continuing with the matrix generation...
NA is not supported. You will need to download that chromosome and create the required files. Continuing with the matrix generation...
NA is not supported. You will need to download that chromosome and create the required files. Continuing with the matrix generation...
NA is not supported. You will need to download that chromosome and create the required files. Continuing with the matrix generation...
NA is not supported. You will need to download that chromosome and create the required files. Continuing with the matrix generation...
NA is not supported. You will need to download that chromosome and create the required files. Continuing with the matrix generation...
NA is not supported. You will need to download that chromosome and create the required files. Continuing with the matrix generation...
NA is not supported. You will need to download that chromosome and create the required files. Continuing with the matrix generation...
NA is not supported. You will need to download that chromosome and create the required files. Continuing with the matrix generation...
NA is not supported. You will need to download that chromosome and create the required files. Continuing with the matrix generation...
NA is not supported. You will need to download that chromosome and create the required files. Continuing with the matrix generation...
NA is not supported. You will need to download that chromosome and create the required files. Continuing with the matrix generation...
NA is not supported. You will need to download that chromosome and create the required files. Continuing with the matrix generation...
NA is not supported. You will need to download that chromosome and create the required files. Continuing with the matrix generation...
NA is not supported. You will need to download that chromosome and create the required files. Continuing with the matrix generation...
NA is not supported. You will need to download that chromosome and create the required files. Continuing with the matrix generation...
NA is not supported. You will need to download that chromosome and create the required files. Continuing with the matrix generation...
NA is not supported. You will need to download that chromosome and create the required files. Continuing with the matrix generation...
NA is not supported. You will need to download that chromosome and create the required files. Continuing with the matrix generation...
NA is not supported. You will need to download that chromosome and create the required files. Continuing with the matrix generation...
NA is not supported. You will need to download that chromosome and create the required files. Continuing with the matrix generation...
NA is not supported. You will need to download that chromosome and create the required files. Continuing with the matrix generation...
NA is not supported. You will need to download that chromosome and create the required files. Continuing with the matrix generation...
NA is not supported. You will need to download that chromosome and create the required files. Continuing with the matrix generation...
NA is not supported. You will need to download that chromosome and create the required files. Continuing with the matrix generation...
NA is not supported. You will need to download that chromosome and create the required files. Continuing with the matrix generation...
NA is not supported. You will need to download that chromosome and create the required files. Continuing with the matrix generation...
NA is not supported. You will need to download that chromosome and create the required files. Continuing with the matrix generation...
NA is not supported. You will need to download that chromosome and create the required files. Continuing with the matrix generation...
NA is not supported. You will need to download that chromosome and create the required files. Continuing with the matrix generation...
NA is not supported. You will need to download that chromosome and create the required files. Continuing with the matrix generation...
NA is not supported. You will need to download that chromosome and create the required files. Continuing with the matrix generation...
NA is not supported. You will need to download that chromosome and create the required files. Continuing with the matrix generation...
NA is not supported. You will need to download that chromosome and create the required files. Continuing with the matrix generation...
NA is not supported. You will need to download that chromosome and create the required files. Continuing with the matrix generation...
NA is not supported. You will need to download that chromosome and create the required files. Continuing with the matrix generation...
NA is not supported. You will need to download that chromosome and create the required files. Continuing with the matrix generation...
NA is not supported. You will need to download that chromosome and create the required files. Continuing with the matrix generation...
NA is not supported. You will need to download that chromosome and create the required files. Continuing with the matrix generation...
NA is not supported. You will need to download that chromosome and create the required files. Continuing with the matrix generation...
NA is not supported. You will need to download that chromosome and create the required files. Continuing with the matrix generation...
NA is not supported. You will need to download that chromosome and create the required files. Continuing with the matrix generation...
NA is not supported. You will need to download that chromosome and create the required files. Continuing with the matrix generation...
NA is not supported. You will need to download that chromosome and create the required files. Continuing with the matrix generation...
NA is not supported. You will need to download that chromosome and create the required files. Continuing with the matrix generation...
NA is not supported. You will need to download that chromosome and create the required files. Continuing with the matrix generation...
NA is not supported. You will need to download that chromosome and create the required files. Continuing with the matrix generation...
NA is not supported. You will need to download that chromosome and create the required files. Continuing with the matrix generation...
NA is not supported. You will need to download that chromosome and create the required files. Continuing with the matrix generation...
NA is not supported. You will need to download that chromosome and create the required files. Continuing with the matrix generation...
NA is not supported. You will need to download that chromosome and create the required files. Continuing with the matrix generation...
NA is not supported. You will need to download that chromosome and create the required files. Continuing with the matrix generation...
NA is not supported. You will need to download that chromosome and create the required files. Continuing with the matrix generation...
NA is not supported. You will need to download that chromosome and create the required files. Continuing with the matrix generation...
NA is not supported. You will need to download that chromosome and create the required files. Continuing with the matrix generation...
NA is not supported. You will need to download that chromosome and create the required files. Continuing with the matrix generation...
NA is not supported. You will need to download that chromosome and create the required files. Continuing with the matrix generation...
NA is not supported. You will need to download that chromosome and create the required files. Continuing with the matrix generation...
NA is not supported. You will need to download that chromosome and create the required files. Continuing with the matrix generation...
NA is not supported. You will need to download that chromosome and create the required files. Continuing with the matrix generation...
NA is not supported. You will need to download that chromosome and create the required files. Continuing with the matrix generation...
NA is not supported. You will need to download that chromosome and create the required files. Continuing with the matrix generation...
NA is not supported. You will need to download that chromosome and create the required files. Continuing with the matrix generation...
NA is not supported. You will need to download that chromosome and create the required files. Continuing with the matrix generation...
NA is not supported. You will need to download that chromosome and create the required files. Continuing with the matrix generation...
NA is not supported. You will need to download that chromosome and create the required files. Continuing with the matrix generation...
NA is not supported. You will need to download that chromosome and create the required files. Continuing with the matrix generation...
NA is not supported. You will need to download that chromosome and create the required files. Continuing with the matrix generation...
NA is not supported. You will need to download that chromosome and create the required files. Continuing with the matrix generation...
NA is not supported. You will need to download that chromosome and create the required files. Continuing with the matrix generation...
NA is not supported. You will need to download that chromosome and create the required files. Continuing with the matrix generation...
NA is not supported. You will need to download that chromosome and create the required files. Continuing with the matrix generation...
NA is not supported. You will need to download that chromosome and create the required files. Continuing with the matrix generation...
NA is not supported. You will need to download that chromosome and create the required files. Continuing with the matrix generation...
NA is not supported. You will need to download that chromosome and create the required files. Continuing with the matrix generation...
NA is not supported. You will need to download that chromosome and create the required files. Continuing with the matrix generation...
NA is not supported. You will need to download that chromosome and create the required files. Continuing with the matrix generation...
NA is not supported. You will need to download that chromosome and create the required files. Continuing with the matrix generation...
NA is not supported. You will need to download that chromosome and create the required files. Continuing with the matrix generation...
NA is not supported. You will need to download that chromosome and create the required files. Continuing with the matrix generation...
NA is not supported. You will need to download that chromosome and create the required files. Continuing with the matrix generation...
NA is not supported. You will need to download that chromosome and create the required files. Continuing with the matrix generation...
NA is not supported. You will need to download that chromosome and create the required files. Continuing with the matrix generation...
NA is not supported. You will need to download that chromosome and create the required files. Continuing with the matrix generation...
NA is not supported. You will need to download that chromosome and create the required files. Continuing with the matrix generation...
NA is not supported. You will need to download that chromosome and create the required files. Continuing with the matrix generation...
NA is not supported. You will need to download that chromosome and create the required files. Continuing with the matrix generation...
NA is not supported. You will need to download that chromosome and create the required files. Continuing with the matrix generation...
NA is not supported. You will need to download that chromosome and create the required files. Continuing with the matrix generation...
NA is not supported. You will need to download that chromosome and create the required files. Continuing with the matrix generation...
NA is not supported. You will need to download that chromosome and create the required files. Continuing with the matrix generation...
NA is not supported. You will need to download that chromosome and create the required files. Continuing with the matrix generation...
NA is not supported. You will need to download that chromosome and create the required files. Continuing with the matrix generation...
NA is not supported. You will need to download that chromosome and create the required files. Continuing with the matrix generation...
NA is not supported. You will need to download that chromosome and create the required files. Continuing with the matrix generation...
NA is not supported. You will need to download that chromosome and create the required files. Continuing with the matrix generation...
NA is not supported. You will need to download that chromosome and create the required files. Continuing with the matrix generation...
NA is not supported. You will need to download that chromosome and create the required files. Continuing with the matrix generation...
NA is not supported. You will need to download that chromosome and create the required files. Continuing with the matrix generation...
NA is not supported. You will need to download that chromosome and create the required files. Continuing with the matrix generation...
NA is not supported. You will need to download that chromosome and create the required files. Continuing with the matrix generation...
NA is not supported. You will need to download that chromosome and create the required files. Continuing with the matrix generation...
NA is not supported. You will need to download that chromosome and create the required files. Continuing with the matrix generation...
NA is not supported. You will need to download that chromosome and create the required files. Continuing with the matrix generation...
NA is not supported. You will need to download that chromosome and create the required files. Continuing with the matrix generation...
NA is not supported. You will need to download that chromosome and create the required files. Continuing with the matrix generation...
NA is not supported. You will need to download that chromosome and create the required files. Continuing with the matrix generation...
NA is not supported. You will need to download that chromosome and create the required files. Continuing with the matrix generation...
NA is not supported. You will need to download that chromosome and create the required files. Continuing with the matrix generation...
NA is not supported. You will need to download that chromosome and create the required files. Continuing with the matrix generation...
NA is not supported. You will need to download that chromosome and create the required files. Continuing with the matrix generation...
NA is not supported. You will need to download that chromosome and create the required files. Continuing with the matrix generation...
NA is not supported. You will need to download that chromosome and create the required files. Continuing with the matrix generation...
NA is not supported. You will need to download that chromosome and create the required files. Continuing with the matrix generation...
NA is not supported. You will need to download that chromosome and create the required files. Continuing with the matrix generation...
NA is not supported. You will need to download that chromosome and create the required files. Continuing with the matrix generation...
NA is not supported. You will need to download that chromosome and create the required files. Continuing with the matrix generation...
NA is not supported. You will need to download that chromosome and create the required files. Continuing with the matrix generation...
NA is not supported. You will need to download that chromosome and create the required files. Continuing with the matrix generation...
NA is not supported. You will need to download that chromosome and create the required files. Continuing with the matrix generation...
NA is not supported. You will need to download that chromosome and create the required files. Continuing with the matrix generation...
NA is not supported. You will need to download that chromosome and create the required files. Continuing with the matrix generation...
NA is not supported. You will need to download that chromosome and create the required files. Continuing with the matrix generation...
NA is not supported. You will need to download that chromosome and create the required files. Continuing with the matrix generation...
NA is not supported. You will need to download that chromosome and create the required files. Continuing with the matrix generation...
NA is not supported. You will need to download that chromosome and create the required files. Continuing with the matrix generation...
NA is not supported. You will need to download that chromosome and create the required files. Continuing with the matrix generation...
NA is not supported. You will need to download that chromosome and create the required files. Continuing with the matrix generation...
NA is not supported. You will need to download that chromosome and create the required files. Continuing with the matrix generation...
NA is not supported. You will need to download that chromosome and create the required files. Continuing with the matrix generation...
NA is not supported. You will need to download that chromosome and create the required files. Continuing with the matrix generation...
NA is not supported. You will need to download that chromosome and create the required files. Continuing with the matrix generation...
NA is not supported. You will need to download that chromosome and create the required files. Continuing with the matrix generation...
NA is not supported. You will need to download that chromosome and create the required files. Continuing with the matrix generation...
NA is not supported. You will need to download that chromosome and create the required files. Continuing with the matrix generation...
NA is not supported. You will need to download that chromosome and create the required files. Continuing with the matrix generation...
NA is not supported. You will need to download that chromosome and create the required files. Continuing with the matrix generation...
NA is not supported. You will need to download that chromosome and create the required files. Continuing with the matrix generation...
NA is not supported. You will need to download that chromosome and create the required files. Continuing with the matrix generation...
NA is not supported. You will need to download that chromosome and create the required files. Continuing with the matrix generation...
NA is not supported. You will need to download that chromosome and create the required files. Continuing with the matrix generation...
NA is not supported. You will need to download that chromosome and create the required files. Continuing with the matrix generation...
NA is not supported. You will need to download that chromosome and create the required files. Continuing with the matrix generation...
NA is not supported. You will need to download that chromosome and create the required files. Continuing with the matrix generation...
NA is not supported. You will need to download that chromosome and create the required files. Continuing with the matrix generation...
NA is not supported. You will need to download that chromosome and create the required files. Continuing with the matrix generation...
NA is not supported. You will need to download that chromosome and create the required files. Continuing with the matrix generation...
NA is not supported. You will need to download that chromosome and create the required files. Continuing with the matrix generation...
NA is not supported. You will need to download that chromosome and create the required files. Continuing with the matrix generation...
NA is not supported. You will need to download that chromosome and create the required files. Continuing with the matrix generation...
NA is not supported. You will need to download that chromosome and create the required files. Continuing with the matrix generation...
NA is not supported. You will need to download that chromosome and create the required files. Continuing with the matrix generation...
NA is not supported. You will need to download that chromosome and create the required files. Continuing with the matrix generation...
NA is not supported. You will need to download that chromosome and create the required files. Continuing with the matrix generation...
NA is not supported. You will need to download that chromosome and create the required files. Continuing with the matrix generation...
NA is not supported. You will need to download that chromosome and create the required files. Continuing with the matrix generation...
NA is not supported. You will need to download that chromosome and create the required files. Continuing with the matrix generation...
NA is not supported. You will need to download that chromosome and create the required files. Continuing with the matrix generation...
NA is not supported. You will need to download that chromosome and create the required files. Continuing with the matrix generation...
NA is not supported. You will need to download that chromosome and create the required files. Continuing with the matrix generation...
NA is not supported. You will need to download that chromosome and create the required files. Continuing with the matrix generation...
NA is not supported. You will need to download that chromosome and create the required files. Continuing with the matrix generation...
NA is not supported. You will need to download that chromosome and create the required files. Continuing with the matrix generation...
NA is not supported. You will need to download that chromosome and create the required files. Continuing with the matrix generation...
NA is not supported. You will need to download that chromosome and create the required files. Continuing with the matrix generation...
NA is not supported. You will need to download that chromosome and create the required files. Continuing with the matrix generation...
NA is not supported. You will need to download that chromosome and create the required files. Continuing with the matrix generation...
NA is not supported. You will need to download that chromosome and create the required files. Continuing with the matrix generation...
NA is not supported. You will need to download that chromosome and create the required files. Continuing with the matrix generation...
NA is not supported. You will need to download that chromosome and create the required files. Continuing with the matrix generation...
NA is not supported. You will need to download that chromosome and create the required files. Continuing with the matrix generation...
NA is not supported. You will need to download that chromosome and create the required files. Continuing with the matrix generation...
NA is not supported. You will need to download that chromosome and create the required files. Continuing with the matrix generation...
NA is not supported. You will need to download that chromosome and create the required files. Continuing with the matrix generation...
NA is not supported. You will need to download that chromosome and create the required files. Continuing with the matrix generation...
NA is not supported. You will need to download that chromosome and create the required files. Continuing with the matrix generation...
NA is not supported. You will need to download that chromosome and create the required files. Continuing with the matrix generation...
NA is not supported. You will need to download that chromosome and create the required files. Continuing with the matrix generation...
NA is not supported. You will need to download that chromosome and create the required files. Continuing with the matrix generation...
NA is not supported. You will need to download that chromosome and create the required files. Continuing with the matrix generation...
NA is not supported. You will need to download that chromosome and create the required files. Continuing with the matrix generation...
NA is not supported. You will need to download that chromosome and create the required files. Continuing with the matrix generation...
NA is not supported. You will need to download that chromosome and create the required files. Continuing with the matrix generation...
NA is not supported. You will need to download that chromosome and create the required files. Continuing with the matrix generation...
NA is not supported. You will need to download that chromosome and create the required files. Continuing with the matrix generation...
NA is not supported. You will need to download that chromosome and create the required files. Continuing with the matrix generation...
NA is not supported. You will need to download that chromosome and create the required files. Continuing with the matrix generation...
NA is not supported. You will need to download that chromosome and create the required files. Continuing with the matrix generation...
NA is not supported. You will need to download that chromosome and create the required files. Continuing with the matrix generation...
NA is not supported. You will need to download that chromosome and create the required files. Continuing with the matrix generation...
NA is not supported. You will need to download that chromosome and create the required files. Continuing with the matrix generation...
NA is not supported. You will need to download that chromosome and create the required files. Continuing with the matrix generation...
NA is not supported. You will need to download that chromosome and create the required files. Continuing with the matrix generation...
NA is not supported. You will need to download that chromosome and create the required files. Continuing with the matrix generation...
NA is not supported. You will need to download that chromosome and create the required files. Continuing with the matrix generation...
NA is not supported. You will need to download that chromosome and create the required files. Continuing with the matrix generation...
NA is not supported. You will need to download that chromosome and create the required files. Continuing with the matrix generation...
NA is not supported. You will need to download that chromosome and create the required files. Continuing with the matrix generation...
NA is not supported. You will need to download that chromosome and create the required files. Continuing with the matrix generation...
NA is not supported. You will need to download that chromosome and create the required files. Continuing with the matrix generation...
NA is not supported. You will need to download that chromosome and create the required files. Continuing with the matrix generation...
NA is not supported. You will need to download that chromosome and create the required files. Continuing with the matrix generation...
NA is not supported. You will need to download that chromosome and create the required files. Continuing with the matrix generation...
NA is not supported. You will need to download that chromosome and create the required files. Continuing with the matrix generation...
NA is not supported. You will need to download that chromosome and create the required files. Continuing with the matrix generation...
NA is not supported. You will need to download that chromosome and create the required files. Continuing with the matrix generation...
NA is not supported. You will need to download that chromosome and create the required files. Continuing with the matrix generation...
NA is not supported. You will need to download that chromosome and create the required files. Continuing with the matrix generation...
NA is not supported. You will need to download that chromosome and create the required files. Continuing with the matrix generation...
NA is not supported. You will need to download that chromosome and create the required files. Continuing with the matrix generation...
NA is not supported. You will need to download that chromosome and create the required files. Continuing with the matrix generation...
NA is not supported. You will need to download that chromosome and create the required files. Continuing with the matrix generation...
NA is not supported. You will need to download that chromosome and create the required files. Continuing with the matrix generation...
NA is not supported. You will need to download that chromosome and create the required files. Continuing with the matrix generation...
NA is not supported. You will need to download that chromosome and create the required files. Continuing with the matrix generation...
NA is not supported. You will need to download that chromosome and create the required files. Continuing with the matrix generation...
NA is not supported. You will need to download that chromosome and create the required files. Continuing with the matrix generation...
NA is not supported. You will need to download that chromosome and create the required files. Continuing with the matrix generation...
NA is not supported. You will need to download that chromosome and create the required files. Continuing with the matrix generation...
NA is not supported. You will need to download that chromosome and create the required files. Continuing with the matrix generation...
NA is not supported. You will need to download that chromosome and create the required files. Continuing with the matrix generation...
NA is not supported. You will need to download that chromosome and create the required files. Continuing with the matrix generation...
NA is not supported. You will need to download that chromosome and create the required files. Continuing with the matrix generation...
NA is not supported. You will need to download that chromosome and create the required files. Continuing with the matrix generation...
NA is not supported. You will need to download that chromosome and create the required files. Continuing with the matrix generation...
NA is not supported. You will need to download that chromosome and create the required files. Continuing with the matrix generation...
NA is not supported. You will need to download that chromosome and create the required files. Continuing with the matrix generation...
NA is not supported. You will need to download that chromosome and create the required files. Continuing with the matrix generation...
NA is not supported. You will need to download that chromosome and create the required files. Continuing with the matrix generation...
NA is not supported. You will need to download that chromosome and create the required files. Continuing with the matrix generation...
NA is not supported. You will need to download that chromosome and create the required files. Continuing with the matrix generation...
NA is not supported. You will need to download that chromosome and create the required files. Continuing with the matrix generation...
NA is not supported. You will need to download that chromosome and create the required files. Continuing with the matrix generation...
NA is not supported. You will need to download that chromosome and create the required files. Continuing with the matrix generation...
NA is not supported. You will need to download that chromosome and create the required files. Continuing with the matrix generation...
NA is not supported. You will need to download that chromosome and create the required files. Continuing with the matrix generation...
NA is not supported. You will need to download that chromosome and create the required files. Continuing with the matrix generation...
NA is not supported. You will need to download that chromosome and create the required files. Continuing with the matrix generation...
NA is not supported. You will need to download that chromosome and create the required files. Continuing with the matrix generation...
NA is not supported. You will need to download that chromosome and create the required files. Continuing with the matrix generation...
NA is not supported. You will need to download that chromosome and create the required files. Continuing with the matrix generation...
NA is not supported. You will need to download that chromosome and create the required files. Continuing with the matrix generation...
NA is not supported. You will need to download that chromosome and create the required files. Continuing with the matrix generation...
NA is not supported. You will need to download that chromosome and create the required files. Continuing with the matrix generation...
NA is not supported. You will need to download that chromosome and create the required files. Continuing with the matrix generation...
NA is not supported. You will need to download that chromosome and create the required files. Continuing with the matrix generation...
NA is not supported. You will need to download that chromosome and create the required files. Continuing with the matrix generation...
NA is not supported. You will need to download that chromosome and create the required files. Continuing with the matrix generation...
NA is not supported. You will need to download that chromosome and create the required files. Continuing with the matrix generation...
NA is not supported. You will need to download that chromosome and create the required files. Continuing with the matrix generation...
NA is not supported. You will need to download that chromosome and create the required files. Continuing with the matrix generation...
NA is not supported. You will need to download that chromosome and create the required files. Continuing with the matrix generation...
NA is not supported. You will need to download that chromosome and create the required files. Continuing with the matrix generation...
NA is not supported. You will need to download that chromosome and create the required files. Continuing with the matrix generation...
NA is not supported. You will need to download that chromosome and create the required files. Continuing with the matrix generation...
NA is not supported. You will need to download that chromosome and create the required files. Continuing with the matrix generation...
NA is not supported. You will need to download that chromosome and create the required files. Continuing with the matrix generation...
NA is not supported. You will need to download that chromosome and create the required files. Continuing with the matrix generation...
NA is not supported. You will need to download that chromosome and create the required files. Continuing with the matrix generation...
NA is not supported. You will need to download that chromosome and create the required files. Continuing with the matrix generation...
NA is not supported. You will need to download that chromosome and create the required files. Continuing with the matrix generation...
NA is not supported. You will need to download that chromosome and create the required files. Continuing with the matrix generation...
NA is not supported. You will need to download that chromosome and create the required files. Continuing with the matrix generation...
NA is not supported. You will need to download that chromosome and create the required files. Continuing with the matrix generation...
NA is not supported. You will need to download that chromosome and create the required files. Continuing with the matrix generation...
NA is not supported. You will need to download that chromosome and create the required files. Continuing with the matrix generation...
NA is not supported. You will need to download that chromosome and create the required files. Continuing with the matrix generation...
NA is not supported. You will need to download that chromosome and create the required files. Continuing with the matrix generation...
NA is not supported. You will need to download that chromosome and create the required files. Continuing with the matrix generation...
NA is not supported. You will need to download that chromosome and create the required files. Continuing with the matrix generation...
NA is not supported. You will need to download that chromosome and create the required files. Continuing with the matrix generation...
NA is not supported. You will need to download that chromosome and create the required files. Continuing with the matrix generation...
NA is not supported. You will need to download that chromosome and create the required files. Continuing with the matrix generation...
NA is not supported. You will need to download that chromosome and create the required files. Continuing with the matrix generation...
NA is not supported. You will need to download that chromosome and create the required files. Continuing with the matrix generation...
NA is not supported. You will need to download that chromosome and create the required files. Continuing with the matrix generation...
NA is not supported. You will need to download that chromosome and create the required files. Continuing with the matrix generation...
NA is not supported. You will need to download that chromosome and create the required files. Continuing with the matrix generation...
NA is not supported. You will need to download that chromosome and create the required files. Continuing with the matrix generation...
NA is not supported. You will need to download that chromosome and create the required files. Continuing with the matrix generation...
NA is not supported. You will need to download that chromosome and create the required files. Continuing with the matrix generation...
NA is not supported. You will need to download that chromosome and create the required files. Continuing with the matrix generation...
NA is not supported. You will need to download that chromosome and create the required files. Continuing with the matrix generation...
NA is not supported. You will need to download that chromosome and create the required files. Continuing with the matrix generation...
NA is not supported. You will need to download that chromosome and create the required files. Continuing with the matrix generation...
NA is not supported. You will need to download that chromosome and create the required files. Continuing with the matrix generation...
NA is not supported. You will need to download that chromosome and create the required files. Continuing with the matrix generation...
NA is not supported. You will need to download that chromosome and create the required files. Continuing with the matrix generation...
NA is not supported. You will need to download that chromosome and create the required files. Continuing with the matrix generation...
NA is not supported. You will need to download that chromosome and create the required files. Continuing with the matrix generation...
NA is not supported. You will need to download that chromosome and create the required files. Continuing with the matrix generation...
NA is not supported. You will need to download that chromosome and create the required files. Continuing with the matrix generation...
NA is not supported. You will need to download that chromosome and create the required files. Continuing with the matrix generation...
NA is not supported. You will need to download that chromosome and create the required files. Continuing with the matrix generation...
NA is not supported. You will need to download that chromosome and create the required files. Continuing with the matrix generation...
NA is not supported. You will need to download that chromosome and create the required files. Continuing with the matrix generation...
NA is not supported. You will need to download that chromosome and create the required files. Continuing with the matrix generation...
NA is not supported. You will need to download that chromosome and create the required files. Continuing with the matrix generation...
NA is not supported. You will need to download that chromosome and create the required files. Continuing with the matrix generation...
NA is not supported. You will need to download that chromosome and create the required files. Continuing with the matrix generation...
NA is not supported. You will need to download that chromosome and create the required files. Continuing with the matrix generation...
NA is not supported. You will need to download that chromosome and create the required files. Continuing with the matrix generation...
NA is not supported. You will need to download that chromosome and create the required files. Continuing with the matrix generation...
NA is not supported. You will need to download that chromosome and create the required files. Continuing with the matrix generation...
NA is not supported. You will need to download that chromosome and create the required files. Continuing with the matrix generation...
NA is not supported. You will need to download that chromosome and create the required files. Continuing with the matrix generation...
NA is not supported. You will need to download that chromosome and create the required files. Continuing with the matrix generation...
NA is not supported. You will need to download that chromosome and create the required files. Continuing with the matrix generation...
NA is not supported. You will need to download that chromosome and create the required files. Continuing with the matrix generation...
NA is not supported. You will need to download that chromosome and create the required files. Continuing with the matrix generation...
NA is not supported. You will need to download that chromosome and create the required files. Continuing with the matrix generation...
NA is not supported. You will need to download that chromosome and create the required files. Continuing with the matrix generation...
NA is not supported. You will need to download that chromosome and create the required files. Continuing with the matrix generation...
NA is not supported. You will need to download that chromosome and create the required files. Continuing with the matrix generation...
NA is not supported. You will need to download that chromosome and create the required files. Continuing with the matrix generation...
NA is not supported. You will need to download that chromosome and create the required files. Continuing with the matrix generation...
NA is not supported. You will need to download that chromosome and create the required files. Continuing with the matrix generation...
NA is not supported. You will need to download that chromosome and create the required files. Continuing with the matrix generation...
NA is not supported. You will need to download that chromosome and create the required files. Continuing with the matrix generation...
NA is not supported. You will need to download that chromosome and create the required files. Continuing with the matrix generation...
NA is not supported. You will need to download that chromosome and create the required files. Continuing with the matrix generation...
NA is not supported. You will need to download that chromosome and create the required files. Continuing with the matrix generation...
NA is not supported. You will need to download that chromosome and create the required files. Continuing with the matrix generation...
NA is not supported. You will need to download that chromosome and create the required files. Continuing with the matrix generation...
NA is not supported. You will need to download that chromosome and create the required files. Continuing with the matrix generation...
NA is not supported. You will need to download that chromosome and create the required files. Continuing with the matrix generation...
NA is not supported. You will need to download that chromosome and create the required files. Continuing with the matrix generation...
NA is not supported. You will need to download that chromosome and create the required files. Continuing with the matrix generation...
NA is not supported. You will need to download that chromosome and create the required files. Continuing with the matrix generation...
NA is not supported. You will need to download that chromosome and create the required files. Continuing with the matrix generation...
NA is not supported. You will need to download that chromosome and create the required files. Continuing with the matrix generation...
NA is not supported. You will need to download that chromosome and create the required files. Continuing with the matrix generation...
NA is not supported. You will need to download that chromosome and create the required files. Continuing with the matrix generation...
NA is not supported. You will need to download that chromosome and create the required files. Continuing with the matrix generation...
NA is not supported. You will need to download that chromosome and create the required files. Continuing with the matrix generation...
NA is not supported. You will need to download that chromosome and create the required files. Continuing with the matrix generation...
NA is not supported. You will need to download that chromosome and create the required files. Continuing with the matrix generation...
NA is not supported. You will need to download that chromosome and create the required files. Continuing with the matrix generation...
NA is not supported. You will need to download that chromosome and create the required files. Continuing with the matrix generation...
NA is not supported. You will need to download that chromosome and create the required files. Continuing with the matrix generation...
NA is not supported. You will need to download that chromosome and create the required files. Continuing with the matrix generation...
NA is not supported. You will need to download that chromosome and create the required files. Continuing with the matrix generation...
NA is not supported. You will need to download that chromosome and create the required files. Continuing with the matrix generation...
NA is not supported. You will need to download that chromosome and create the required files. Continuing with the matrix generation...
NA is not supported. You will need to download that chromosome and create the required files. Continuing with the matrix generation...
NA is not supported. You will need to download that chromosome and create the required files. Continuing with the matrix generation...
NA is not supported. You will need to download that chromosome and create the required files. Continuing with the matrix generation...
NA is not supported. You will need to download that chromosome and create the required files. Continuing with the matrix generation...
NA is not supported. You will need to download that chromosome and create the required files. Continuing with the matrix generation...
NA is not supported. You will need to download that chromosome and create the required files. Continuing with the matrix generation...
NA is not supported. You will need to download that chromosome and create the required files. Continuing with the matrix generation...
NA is not supported. You will need to download that chromosome and create the required files. Continuing with the matrix generation...
NA is not supported. You will need to download that chromosome and create the required files. Continuing with the matrix generation...
NA is not supported. You will need to download that chromosome and create the required files. Continuing with the matrix generation...
NA is not supported. You will need to download that chromosome and create the required files. Continuing with the matrix generation...
NA is not supported. You will need to download that chromosome and create the required files. Continuing with the matrix generation...
NA is not supported. You will need to download that chromosome and create the required files. Continuing with the matrix generation...
NA is not supported. You will need to download that chromosome and create the required files. Continuing with the matrix generation...
NA is not supported. You will need to download that chromosome and create the required files. Continuing with the matrix generation...
NA is not supported. You will need to download that chromosome and create the required files. Continuing with the matrix generation...
NA is not supported. You will need to download that chromosome and create the required files. Continuing with the matrix generation...
NA is not supported. You will need to download that chromosome and create the required files. Continuing with the matrix generation...
NA is not supported. You will need to download that chromosome and create the required files. Continuing with the matrix generation...
NA is not supported. You will need to download that chromosome and create the required files. Continuing with the matrix generation...
NA is not supported. You will need to download that chromosome and create the required files. Continuing with the matrix generation...
NA is not supported. You will need to download that chromosome and create the required files. Continuing with the matrix generation...
NA is not supported. You will need to download that chromosome and create the required files. Continuing with the matrix generation...
NA is not supported. You will need to download that chromosome and create the required files. Continuing with the matrix generation...
NA is not supported. You will need to download that chromosome and create the required files. Continuing with the matrix generation...
NA is not supported. You will need to download that chromosome and create the required files. Continuing with the matrix generation...
NA is not supported. You will need to download that chromosome and create the required files. Continuing with the matrix generation...
NA is not supported. You will need to download that chromosome and create the required files. Continuing with the matrix generation...
NA is not supported. You will need to download that chromosome and create the required files. Continuing with the matrix generation...
NA is not supported. You will need to download that chromosome and create the required files. Continuing with the matrix generation...
NA is not supported. You will need to download that chromosome and create the required files. Continuing with the matrix generation...
NA is not supported. You will need to download that chromosome and create the required files. Continuing with the matrix generation...
NA is not supported. You will need to download that chromosome and create the required files. Continuing with the matrix generation...
NA is not supported. You will need to download that chromosome and create the required files. Continuing with the matrix generation...
NA is not supported. You will need to download that chromosome and create the required files. Continuing with the matrix generation...
NA is not supported. You will need to download that chromosome and create the required files. Continuing with the matrix generation...
NA is not supported. You will need to download that chromosome and create the required files. Continuing with the matrix generation...
NA is not supported. You will need to download that chromosome and create the required files. Continuing with the matrix generation...
NA is not supported. You will need to download that chromosome and create the required files. Continuing with the matrix generation...
NA is not supported. You will need to download that chromosome and create the required files. Continuing with the matrix generation...
NA is not supported. You will need to download that chromosome and create the required files. Continuing with the matrix generation...
NA is not supported. You will need to download that chromosome and create the required files. Continuing with the matrix generation...
NA is not supported. You will need to download that chromosome and create the required files. Continuing with the matrix generation...
NA is not supported. You will need to download that chromosome and create the required files. Continuing with the matrix generation...
NA is not supported. You will need to download that chromosome and create the required files. Continuing with the matrix generation...
NA is not supported. You will need to download that chromosome and create the required files. Continuing with the matrix generation...
NA is not supported. You will need to download that chromosome and create the required files. Continuing with the matrix generation...
NA is not supported. You will need to download that chromosome and create the required files. Continuing with the matrix generation...
NA is not supported. You will need to download that chromosome and create the required files. Continuing with the matrix generation...
NA is not supported. You will need to download that chromosome and create the required files. Continuing with the matrix generation...
NA is not supported. You will need to download that chromosome and create the required files. Continuing with the matrix generation...
NA is not supported. You will need to download that chromosome and create the required files. Continuing with the matrix generation...
NA is not supported. You will need to download that chromosome and create the required files. Continuing with the matrix generation...
NA is not supported. You will need to download that chromosome and create the required files. Continuing with the matrix generation...
NA is not supported. You will need to download that chromosome and create the required files. Continuing with the matrix generation...
NA is not supported. You will need to download that chromosome and create the required files. Continuing with the matrix generation...
NA is not supported. You will need to download that chromosome and create the required files. Continuing with the matrix generation...
NA is not supported. You will need to download that chromosome and create the required files. Continuing with the matrix generation...
NA is not supported. You will need to download that chromosome and create the required files. Continuing with the matrix generation...
NA is not supported. You will need to download that chromosome and create the required files. Continuing with the matrix generation...
NA is not supported. You will need to download that chromosome and create the required files. Continuing with the matrix generation...
NA is not supported. You will need to download that chromosome and create the required files. Continuing with the matrix generation...
NA is not supported. You will need to download that chromosome and create the required files. Continuing with the matrix generation...
NA is not supported. You will need to download that chromosome and create the required files. Continuing with the matrix generation...
NA is not supported. You will need to download that chromosome and create the required files. Continuing with the matrix generation...
NA is not supported. You will need to download that chromosome and create the required files. Continuing with the matrix generation...
NA is not supported. You will need to download that chromosome and create the required files. Continuing with the matrix generation...
NA is not supported. You will need to download that chromosome and create the required files. Continuing with the matrix generation...
NA is not supported. You will need to download that chromosome and create the required files. Continuing with the matrix generation...
NA is not supported. You will need to download that chromosome and create the required files. Continuing with the matrix generation...
NA is not supported. You will need to download that chromosome and create the required files. Continuing with the matrix generation...
NA is not supported. You will need to download that chromosome and create the required files. Continuing with the matrix generation...
NA is not supported. You will need to download that chromosome and create the required files. Continuing with the matrix generation...
NA is not supported. You will need to download that chromosome and create the required files. Continuing with the matrix generation...
NA is not supported. You will need to download that chromosome and create the required files. Continuing with the matrix generation...
NA is not supported. You will need to download that chromosome and create the required files. Continuing with the matrix generation...
NA is not supported. You will need to download that chromosome and create the required files. Continuing with the matrix generation...
NA is not supported. You will need to download that chromosome and create the required files. Continuing with the matrix generation...
NA is not supported. You will need to download that chromosome and create the required files. Continuing with the matrix generation...
NA is not supported. You will need to download that chromosome and create the required files. Continuing with the matrix generation...
NA is not supported. You will need to download that chromosome and create the required files. Continuing with the matrix generation...
NA is not supported. You will need to download that chromosome and create the required files. Continuing with the matrix generation...
NA is not supported. You will need to download that chromosome and create the required files. Continuing with the matrix generation...
NA is not supported. You will need to download that chromosome and create the required files. Continuing with the matrix generation...
NA is not supported. You will need to download that chromosome and create the required files. Continuing with the matrix generation...
NA is not supported. You will need to download that chromosome and create the required files. Continuing with the matrix generation...
NA is not supported. You will need to download that chromosome and create the required files. Continuing with the matrix generation...
NA is not supported. You will need to download that chromosome and create the required files. Continuing with the matrix generation...
NA is not supported. You will need to download that chromosome and create the required files. Continuing with the matrix generation...
NA is not supported. You will need to download that chromosome and create the required files. Continuing with the matrix generation...
NA is not supported. You will need to download that chromosome and create the required files. Continuing with the matrix generation...
NA is not supported. You will need to download that chromosome and create the required files. Continuing with the matrix generation...
NA is not supported. You will need to download that chromosome and create the required files. Continuing with the matrix generation...
NA is not supported. You will need to download that chromosome and create the required files. Continuing with the matrix generation...
NA is not supported. You will need to download that chromosome and create the required files. Continuing with the matrix generation...
NA is not supported. You will need to download that chromosome and create the required files. Continuing with the matrix generation...
NA is not supported. You will need to download that chromosome and create the required files. Continuing with the matrix generation...
NA is not supported. You will need to download that chromosome and create the required files. Continuing with the matrix generation...
NA is not supported. You will need to download that chromosome and create the required files. Continuing with the matrix generation...
NA is not supported. You will need to download that chromosome and create the required files. Continuing with the matrix generation...
NA is not supported. You will need to download that chromosome and create the required files. Continuing with the matrix generation...
NA is not supported. You will need to download that chromosome and create the required files. Continuing with the matrix generation...
NA is not supported. You will need to download that chromosome and create the required files. Continuing with the matrix generation...
NA is not supported. You will need to download that chromosome and create the required files. Continuing with the matrix generation...
NA is not supported. You will need to download that chromosome and create the required files. Continuing with the matrix generation...
NA is not supported. You will need to download that chromosome and create the required files. Continuing with the matrix generation...
NA is not supported. You will need to download that chromosome and create the required files. Continuing with the matrix generation...
NA is not supported. You will need to download that chromosome and create the required files. Continuing with the matrix generation...
NA is not supported. You will need to download that chromosome and create the required files. Continuing with the matrix generation...
NA is not supported. You will need to download that chromosome and create the required files. Continuing with the matrix generation...
NA is not supported. You will need to download that chromosome and create the required files. Continuing with the matrix generation...
NA is not supported. You will need to download that chromosome and create the required files. Continuing with the matrix generation...
NA is not supported. You will need to download that chromosome and create the required files. Continuing with the matrix generation...
NA is not supported. You will need to download that chromosome and create the required files. Continuing with the matrix generation...
NA is not supported. You will need to download that chromosome and create the required files. Continuing with the matrix generation...
NA is not supported. You will need to download that chromosome and create the required files. Continuing with the matrix generation...
NA is not supported. You will need to download that chromosome and create the required files. Continuing with the matrix generation...
NA is not supported. You will need to download that chromosome and create the required files. Continuing with the matrix generation...
NA is not supported. You will need to download that chromosome and create the required files. Continuing with the matrix generation...
NA is not supported. You will need to download that chromosome and create the required files. Continuing with the matrix generation...
NA is not supported. You will need to download that chromosome and create the required files. Continuing with the matrix generation...
NA is not supported. You will need to download that chromosome and create the required files. Continuing with the matrix generation...
NA is not supported. You will need to download that chromosome and create the required files. Continuing with the matrix generation...
NA is not supported. You will need to download that chromosome and create the required files. Continuing with the matrix generation...
NA is not supported. You will need to download that chromosome and create the required files. Continuing with the matrix generation...
NA is not supported. You will need to download that chromosome and create the required files. Continuing with the matrix generation...
NA is not supported. You will need to download that chromosome and create the required files. Continuing with the matrix generation...
NA is not supported. You will need to download that chromosome and create the required files. Continuing with the matrix generation...
NA is not supported. You will need to download that chromosome and create the required files. Continuing with the matrix generation...
NA is not supported. You will need to download that chromosome and create the required files. Continuing with the matrix generation...
NA is not supported. You will need to download that chromosome and create the required files. Continuing with the matrix generation...
NA is not supported. You will need to download that chromosome and create the required files. Continuing with the matrix generation...
NA is not supported. You will need to download that chromosome and create the required files. Continuing with the matrix generation...
NA is not supported. You will need to download that chromosome and create the required files. Continuing with the matrix generation...
NA is not supported. You will need to download that chromosome and create the required files. Continuing with the matrix generation...
NA is not supported. You will need to download that chromosome and create the required files. Continuing with the matrix generation...
NA is not supported. You will need to download that chromosome and create the required files. Continuing with the matrix generation...
NA is not supported. You will need to download that chromosome and create the required files. Continuing with the matrix generation...
NA is not supported. You will need to download that chromosome and create the required files. Continuing with the matrix generation...
NA is not supported. You will need to download that chromosome and create the required files. Continuing with the matrix generation...
NA is not supported. You will need to download that chromosome and create the required files. Continuing with the matrix generation...
NA is not supported. You will need to download that chromosome and create the required files. Continuing with the matrix generation...
NA is not supported. You will need to download that chromosome and create the required files. Continuing with the matrix generation...
NA is not supported. You will need to download that chromosome and create the required files. Continuing with the matrix generation...
NA is not supported. You will need to download that chromosome and create the required files. Continuing with the matrix generation...
NA is not supported. You will need to download that chromosome and create the required files. Continuing with the matrix generation...
NA is not supported. You will need to download that chromosome and create the required files. Continuing with the matrix generation...
NA is not supported. You will need to download that chromosome and create the required files. Continuing with the matrix generation...
NA is not supported. You will need to download that chromosome and create the required files. Continuing with the matrix generation...
NA is not supported. You will need to download that chromosome and create the required files. Continuing with the matrix generation...
NA is not supported. You will need to download that chromosome and create the required files. Continuing with the matrix generation...
NA is not supported. You will need to download that chromosome and create the required files. Continuing with the matrix generation...
NA is not supported. You will need to download that chromosome and create the required files. Continuing with the matrix generation...
NA is not supported. You will need to download that chromosome and create the required files. Continuing with the matrix generation...
NA is not supported. You will need to download that chromosome and create the required files. Continuing with the matrix generation...
NA is not supported. You will need to download that chromosome and create the required files. Continuing with the matrix generation...
NA is not supported. You will need to download that chromosome and create the required files. Continuing with the matrix generation...
NA is not supported. You will need to download that chromosome and create the required files. Continuing with the matrix generation...
NA is not supported. You will need to download that chromosome and create the required files. Continuing with the matrix generation...
NA is not supported. You will need to download that chromosome and create the required files. Continuing with the matrix generation...
NA is not supported. You will need to download that chromosome and create the required files. Continuing with the matrix generation...
NA is not supported. You will need to download that chromosome and create the required files. Continuing with the matrix generation...
NA is not supported. You will need to download that chromosome and create the required files. Continuing with the matrix generation...
NA is not supported. You will need to download that chromosome and create the required files. Continuing with the matrix generation...
NA is not supported. You will need to download that chromosome and create the required files. Continuing with the matrix generation...
NA is not supported. You will need to download that chromosome and create the required files. Continuing with the matrix generation...
NA is not supported. You will need to download that chromosome and create the required files. Continuing with the matrix generation...
NA is not supported. You will need to download that chromosome and create the required files. Continuing with the matrix generation...
NA is not supported. You will need to download that chromosome and create the required files. Continuing with the matrix generation...
NA is not supported. You will need to download that chromosome and create the required files. Continuing with the matrix generation...
NA is not supported. You will need to download that chromosome and create the required files. Continuing with the matrix generation...
NA is not supported. You will need to download that chromosome and create the required files. Continuing with the matrix generation...
NA is not supported. You will need to download that chromosome and create the required files. Continuing with the matrix generation...
NA is not supported. You will need to download that chromosome and create the required files. Continuing with the matrix generation...
NA is not supported. You will need to download that chromosome and create the required files. Continuing with the matrix generation...
NA is not supported. You will need to download that chromosome and create the required files. Continuing with the matrix generation...
NA is not supported. You will need to download that chromosome and create the required files. Continuing with the matrix generation...
NA is not supported. You will need to download that chromosome and create the required files. Continuing with the matrix generation...
NA is not supported. You will need to download that chromosome and create the required files. Continuing with the matrix generation...
NA is not supported. You will need to download that chromosome and create the required files. Continuing with the matrix generation...
NA is not supported. You will need to download that chromosome and create the required files. Continuing with the matrix generation...
NA is not supported. You will need to download that chromosome and create the required files. Continuing with the matrix generation...
NA is not supported. You will need to download that chromosome and create the required files. Continuing with the matrix generation...
NA is not supported. You will need to download that chromosome and create the required files. Continuing with the matrix generation...
NA is not supported. You will need to download that chromosome and create the required files. Continuing with the matrix generation...
NA is not supported. You will need to download that chromosome and create the required files. Continuing with the matrix generation...
NA is not supported. You will need to download that chromosome and create the required files. Continuing with the matrix generation...
NA is not supported. You will need to download that chromosome and create the required files. Continuing with the matrix generation...
NA is not supported. You will need to download that chromosome and create the required files. Continuing with the matrix generation...
NA is not supported. You will need to download that chromosome and create the required files. Continuing with the matrix generation...
NA is not supported. You will need to download that chromosome and create the required files. Continuing with the matrix generation...
NA is not supported. You will need to download that chromosome and create the required files. Continuing with the matrix generation...
NA is not supported. You will need to download that chromosome and create the required files. Continuing with the matrix generation...
NA is not supported. You will need to download that chromosome and create the required files. Continuing with the matrix generation...
NA is not supported. You will need to download that chromosome and create the required files. Continuing with the matrix generation...
NA is not supported. You will need to download that chromosome and create the required files. Continuing with the matrix generation...
NA is not supported. You will need to download that chromosome and create the required files. Continuing with the matrix generation...
NA is not supported. You will need to download that chromosome and create the required files. Continuing with the matrix generation...
NA is not supported. You will need to download that chromosome and create the required files. Continuing with the matrix generation...
NA is not supported. You will need to download that chromosome and create the required files. Continuing with the matrix generation...
NA is not supported. You will need to download that chromosome and create the required files. Continuing with the matrix generation...
NA is not supported. You will need to download that chromosome and create the required files. Continuing with the matrix generation...
NA is not supported. You will need to download that chromosome and create the required files. Continuing with the matrix generation...
NA is not supported. You will need to download that chromosome and create the required files. Continuing with the matrix generation...
NA is not supported. You will need to download that chromosome and create the required files. Continuing with the matrix generation...
NA is not supported. You will need to download that chromosome and create the required files. Continuing with the matrix generation...
NA is not supported. You will need to download that chromosome and create the required files. Continuing with the matrix generation...
NA is not supported. You will need to download that chromosome and create the required files. Continuing with the matrix generation...
NA is not supported. You will need to download that chromosome and create the required files. Continuing with the matrix generation...
NA is not supported. You will need to download that chromosome and create the required files. Continuing with the matrix generation...
NA is not supported. You will need to download that chromosome and create the required files. Continuing with the matrix generation...
NA is not supported. You will need to download that chromosome and create the required files. Continuing with the matrix generation...
NA is not supported. You will need to download that chromosome and create the required files. Continuing with the matrix generation...
NA is not supported. You will need to download that chromosome and create the required files. Continuing with the matrix generation...
NA is not supported. You will need to download that chromosome and create the required files. Continuing with the matrix generation...
NA is not supported. You will need to download that chromosome and create the required files. Continuing with the matrix generation...
NA is not supported. You will need to download that chromosome and create the required files. Continuing with the matrix generation...
NA is not supported. You will need to download that chromosome and create the required files. Continuing with the matrix generation...
NA is not supported. You will need to download that chromosome and create the required files. Continuing with the matrix generation...
NA is not supported. You will need to download that chromosome and create the required files. Continuing with the matrix generation...
NA is not supported. You will need to download that chromosome and create the required files. Continuing with the matrix generation...
NA is not supported. You will need to download that chromosome and create the required files. Continuing with the matrix generation...
NA is not supported. You will need to download that chromosome and create the required files. Continuing with the matrix generation...
NA is not supported. You will need to download that chromosome and create the required files. Continuing with the matrix generation...
NA is not supported. You will need to download that chromosome and create the required files. Continuing with the matrix generation...
NA is not supported. You will need to download that chromosome and create the required files. Continuing with the matrix generation...
NA is not supported. You will need to download that chromosome and create the required files. Continuing with the matrix generation...
NA is not supported. You will need to download that chromosome and create the required files. Continuing with the matrix generation...
NA is not supported. You will need to download that chromosome and create the required files. Continuing with the matrix generation...
NA is not supported. You will need to download that chromosome and create the required files. Continuing with the matrix generation...
NA is not supported. You will need to download that chromosome and create the required files. Continuing with the matrix generation...
NA is not supported. You will need to download that chromosome and create the required files. Continuing with the matrix generation...
NA is not supported. You will need to download that chromosome and create the required files. Continuing with the matrix generation...
NA is not supported. You will need to download that chromosome and create the required files. Continuing with the matrix generation...
NA is not supported. You will need to download that chromosome and create the required files. Continuing with the matrix generation...
NA is not supported. You will need to download that chromosome and create the required files. Continuing with the matrix generation...
NA is not supported. You will need to download that chromosome and create the required files. Continuing with the matrix generation...
NA is not supported. You will need to download that chromosome and create the required files. Continuing with the matrix generation...
NA is not supported. You will need to download that chromosome and create the required files. Continuing with the matrix generation...
NA is not supported. You will need to download that chromosome and create the required files. Continuing with the matrix generation...
NA is not supported. You will need to download that chromosome and create the required files. Continuing with the matrix generation...
NA is not supported. You will need to download that chromosome and create the required files. Continuing with the matrix generation...
NA is not supported. You will need to download that chromosome and create the required files. Continuing with the matrix generation...
NA is not supported. You will need to download that chromosome and create the required files. Continuing with the matrix generation...
NA is not supported. You will need to download that chromosome and create the required files. Continuing with the matrix generation...
NA is not supported. You will need to download that chromosome and create the required files. Continuing with the matrix generation...
NA is not supported. You will need to download that chromosome and create the required files. Continuing with the matrix generation...
NA is not supported. You will need to download that chromosome and create the required files. Continuing with the matrix generation...
NA is not supported. You will need to download that chromosome and create the required files. Continuing with the matrix generation...
NA is not supported. You will need to download that chromosome and create the required files. Continuing with the matrix generation...
NA is not supported. You will need to download that chromosome and create the required files. Continuing with the matrix generation...
NA is not supported. You will need to download that chromosome and create the required files. Continuing with the matrix generation...
NA is not supported. You will need to download that chromosome and create the required files. Continuing with the matrix generation...
NA is not supported. You will need to download that chromosome and create the required files. Continuing with the matrix generation...
NA is not supported. You will need to download that chromosome and create the required files. Continuing with the matrix generation...
NA is not supported. You will need to download that chromosome and create the required files. Continuing with the matrix generation...
NA is not supported. You will need to download that chromosome and create the required files. Continuing with the matrix generation...
NA is not supported. You will need to download that chromosome and create the required files. Continuing with the matrix generation...
NA is not supported. You will need to download that chromosome and create the required files. Continuing with the matrix generation...
NA is not supported. You will need to download that chromosome and create the required files. Continuing with the matrix generation...
NA is not supported. You will need to download that chromosome and create the required files. Continuing with the matrix generation...
NA is not supported. You will need to download that chromosome and create the required files. Continuing with the matrix generation...
NA is not supported. You will need to download that chromosome and create the required files. Continuing with the matrix generation...
NA is not supported. You will need to download that chromosome and create the required files. Continuing with the matrix generation...
NA is not supported. You will need to download that chromosome and create the required files. Continuing with the matrix generation...
NA is not supported. You will need to download that chromosome and create the required files. Continuing with the matrix generation...
NA is not supported. You will need to download that chromosome and create the required files. Continuing with the matrix generation...
NA is not supported. You will need to download that chromosome and create the required files. Continuing with the matrix generation...
NA is not supported. You will need to download that chromosome and create the required files. Continuing with the matrix generation...
NA is not supported. You will need to download that chromosome and create the required files. Continuing with the matrix generation...
NA is not supported. You will need to download that chromosome and create the required files. Continuing with the matrix generation...
NA is not supported. You will need to download that chromosome and create the required files. Continuing with the matrix generation...
NA is not supported. You will need to download that chromosome and create the required files. Continuing with the matrix generation...
NA is not supported. You will need to download that chromosome and create the required files. Continuing with the matrix generation...
NA is not supported. You will need to download that chromosome and create the required files. Continuing with the matrix generation...
NA is not supported. You will need to download that chromosome and create the required files. Continuing with the matrix generation...
NA is not supported. You will need to download that chromosome and create the required files. Continuing with the matrix generation...
NA is not supported. You will need to download that chromosome and create the required files. Continuing with the matrix generation...
NA is not supported. You will need to download that chromosome and create the required files. Continuing with the matrix generation...
NA is not supported. You will need to download that chromosome and create the required files. Continuing with the matrix generation...
NA is not supported. You will need to download that chromosome and create the required files. Continuing with the matrix generation...
NA is not supported. You will need to download that chromosome and create the required files. Continuing with the matrix generation...
NA is not supported. You will need to download that chromosome and create the required files. Continuing with the matrix generation...
NA is not supported. You will need to download that chromosome and create the required files. Continuing with the matrix generation...
NA is not supported. You will need to download that chromosome and create the required files. Continuing with the matrix generation...
NA is not supported. You will need to download that chromosome and create the required files. Continuing with the matrix generation...
NA is not supported. You will need to download that chromosome and create the required files. Continuing with the matrix generation...
NA is not supported. You will need to download that chromosome and create the required files. Continuing with the matrix generation...
NA is not supported. You will need to download that chromosome and create the required files. Continuing with the matrix generation...
NA is not supported. You will need to download that chromosome and create the required files. Continuing with the matrix generation...
NA is not supported. You will need to download that chromosome and create the required files. Continuing with the matrix generation...
NA is not supported. You will need to download that chromosome and create the required files. Continuing with the matrix generation...
NA is not supported. You will need to download that chromosome and create the required files. Continuing with the matrix generation...
NA is not supported. You will need to download that chromosome and create the required files. Continuing with the matrix generation...
NA is not supported. You will need to download that chromosome and create the required files. Continuing with the matrix generation...
NA is not supported. You will need to download that chromosome and create the required files. Continuing with the matrix generation...
NA is not supported. You will need to download that chromosome and create the required files. Continuing with the matrix generation...
NA is not supported. You will need to download that chromosome and create the required files. Continuing with the matrix generation...
NA is not supported. You will need to download that chromosome and create the required files. Continuing with the matrix generation...
NA is not supported. You will need to download that chromosome and create the required files. Continuing with the matrix generation...
NA is not supported. You will need to download that chromosome and create the required files. Continuing with the matrix generation...
NA is not supported. You will need to download that chromosome and create the required files. Continuing with the matrix generation...
NA is not supported. You will need to download that chromosome and create the required files. Continuing with the matrix generation...
NA is not supported. You will need to download that chromosome and create the required files. Continuing with the matrix generation...
NA is not supported. You will need to download that chromosome and create the required files. Continuing with the matrix generation...
NA is not supported. You will need to download that chromosome and create the required files. Continuing with the matrix generation...
NA is not supported. You will need to download that chromosome and create the required files. Continuing with the matrix generation...
NA is not supported. You will need to download that chromosome and create the required files. Continuing with the matrix generation...
NA is not supported. You will need to download that chromosome and create the required files. Continuing with the matrix generation...
NA is not supported. You will need to download that chromosome and create the required files. Continuing with the matrix generation...
NA is not supported. You will need to download that chromosome and create the required files. Continuing with the matrix generation...
NA is not supported. You will need to download that chromosome and create the required files. Continuing with the matrix generation...
NA is not supported. You will need to download that chromosome and create the required files. Continuing with the matrix generation...
NA is not supported. You will need to download that chromosome and create the required files. Continuing with the matrix generation...
NA is not supported. You will need to download that chromosome and create the required files. Continuing with the matrix generation...
NA is not supported. You will need to download that chromosome and create the required files. Continuing with the matrix generation...
NA is not supported. You will need to download that chromosome and create the required files. Continuing with the matrix generation...
NA is not supported. You will need to download that chromosome and create the required files. Continuing with the matrix generation...
NA is not supported. You will need to download that chromosome and create the required files. Continuing with the matrix generation...
NA is not supported. You will need to download that chromosome and create the required files. Continuing with the matrix generation...
NA is not supported. You will need to download that chromosome and create the required files. Continuing with the matrix generation...
NA is not supported. You will need to download that chromosome and create the required files. Continuing with the matrix generation...
NA is not supported. You will need to download that chromosome and create the required files. Continuing with the matrix generation...
NA is not supported. You will need to download that chromosome and create the required files. Continuing with the matrix generation...
NA is not supported. You will need to download that chromosome and create the required files. Continuing with the matrix generation...
NA is not supported. You will need to download that chromosome and create the required files. Continuing with the matrix generation...
NA is not supported. You will need to download that chromosome and create the required files. Continuing with the matrix generation...
NA is not supported. You will need to download that chromosome and create the required files. Continuing with the matrix generation...
NA is not supported. You will need to download that chromosome and create the required files. Continuing with the matrix generation...
NA is not supported. You will need to download that chromosome and create the required files. Continuing with the matrix generation...
NA is not supported. You will need to download that chromosome and create the required files. Continuing with the matrix generation...
NA is not supported. You will need to download that chromosome and create the required files. Continuing with the matrix generation...
NA is not supported. You will need to download that chromosome and create the required files. Continuing with the matrix generation...
NA is not supported. You will need to download that chromosome and create the required files. Continuing with the matrix generation...
NA is not supported. You will need to download that chromosome and create the required files. Continuing with the matrix generation...
NA is not supported. You will need to download that chromosome and create the required files. Continuing with the matrix generation...
NA is not supported. You will need to download that chromosome and create the required files. Continuing with the matrix generation...
NA is not supported. You will need to download that chromosome and create the required files. Continuing with the matrix generation...
NA is not supported. You will need to download that chromosome and create the required files. Continuing with the matrix generation...
NA is not supported. You will need to download that chromosome and create the required files. Continuing with the matrix generation...
NA is not supported. You will need to download that chromosome and create the required files. Continuing with the matrix generation...
NA is not supported. You will need to download that chromosome and create the required files. Continuing with the matrix generation...
NA is not supported. You will need to download that chromosome and create the required files. Continuing with the matrix generation...
NA is not supported. You will need to download that chromosome and create the required files. Continuing with the matrix generation...
NA is not supported. You will need to download that chromosome and create the required files. Continuing with the matrix generation...
NA is not supported. You will need to download that chromosome and create the required files. Continuing with the matrix generation...
NA is not supported. You will need to download that chromosome and create the required files. Continuing with the matrix generation...
NA is not supported. You will need to download that chromosome and create the required files. Continuing with the matrix generation...
NA is not supported. You will need to download that chromosome and create the required files. Continuing with the matrix generation...
NA is not supported. You will need to download that chromosome and create the required files. Continuing with the matrix generation...
NA is not supported. You will need to download that chromosome and create the required files. Continuing with the matrix generation...
NA is not supported. You will need to download that chromosome and create the required files. Continuing with the matrix generation...
NA is not supported. You will need to download that chromosome and create the required files. Continuing with the matrix generation...
NA is not supported. You will need to download that chromosome and create the required files. Continuing with the matrix generation...
NA is not supported. You will need to download that chromosome and create the required files. Continuing with the matrix generation...
NA is not supported. You will need to download that chromosome and create the required files. Continuing with the matrix generation...
NA is not supported. You will need to download that chromosome and create the required files. Continuing with the matrix generation...
NA is not supported. You will need to download that chromosome and create the required files. Continuing with the matrix generation...
NA is not supported. You will need to download that chromosome and create the required files. Continuing with the matrix generation...
NA is not supported. You will need to download that chromosome and create the required files. Continuing with the matrix generation...
NA is not supported. You will need to download that chromosome and create the required files. Continuing with the matrix generation...
NA is not supported. You will need to download that chromosome and create the required files. Continuing with the matrix generation...
NA is not supported. You will need to download that chromosome and create the required files. Continuing with the matrix generation...
NA is not supported. You will need to download that chromosome and create the required files. Continuing with the matrix generation...
NA is not supported. You will need to download that chromosome and create the required files. Continuing with the matrix generation...
NA is not supported. You will need to download that chromosome and create the required files. Continuing with the matrix generation...
NA is not supported. You will need to download that chromosome and create the required files. Continuing with the matrix generation...
NA is not supported. You will need to download that chromosome and create the required files. Continuing with the matrix generation...
NA is not supported. You will need to download that chromosome and create the required files. Continuing with the matrix generation...
NA is not supported. You will need to download that chromosome and create the required files. Continuing with the matrix generation...
NA is not supported. You will need to download that chromosome and create the required files. Continuing with the matrix generation...
NA is not supported. You will need to download that chromosome and create the required files. Continuing with the matrix generation...
NA is not supported. You will need to download that chromosome and create the required files. Continuing with the matrix generation...
NA is not supported. You will need to download that chromosome and create the required files. Continuing with the matrix generation...
NA is not supported. You will need to download that chromosome and create the required files. Continuing with the matrix generation...
NA is not supported. You will need to download that chromosome and create the required files. Continuing with the matrix generation...
NA is not supported. You will need to download that chromosome and create the required files. Continuing with the matrix generation...
NA is not supported. You will need to download that chromosome and create the required files. Continuing with the matrix generation...
NA is not supported. You will need to download that chromosome and create the required files. Continuing with the matrix generation...
NA is not supported. You will need to download that chromosome and create the required files. Continuing with the matrix generation...
NA is not supported. You will need to download that chromosome and create the required files. Continuing with the matrix generation...
NA is not supported. You will need to download that chromosome and create the required files. Continuing with the matrix generation...
NA is not supported. You will need to download that chromosome and create the required files. Continuing with the matrix generation...
NA is not supported. You will need to download that chromosome and create the required files. Continuing with the matrix generation...
NA is not supported. You will need to download that chromosome and create the required files. Continuing with the matrix generation...
NA is not supported. You will need to download that chromosome and create the required files. Continuing with the matrix generation...
NA is not supported. You will need to download that chromosome and create the required files. Continuing with the matrix generation...
NA is not supported. You will need to download that chromosome and create the required files. Continuing with the matrix generation...
NA is not supported. You will need to download that chromosome and create the required files. Continuing with the matrix generation...
NA is not supported. You will need to download that chromosome and create the required files. Continuing with the matrix generation...
NA is not supported. You will need to download that chromosome and create the required files. Continuing with the matrix generation...
NA is not supported. You will need to download that chromosome and create the required files. Continuing with the matrix generation...
NA is not supported. You will need to download that chromosome and create the required files. Continuing with the matrix generation...
NA is not supported. You will need to download that chromosome and create the required files. Continuing with the matrix generation...
NA is not supported. You will need to download that chromosome and create the required files. Continuing with the matrix generation...
NA is not supported. You will need to download that chromosome and create the required files. Continuing with the matrix generation...
NA is not supported. You will need to download that chromosome and create the required files. Continuing with the matrix generation...
NA is not supported. You will need to download that chromosome and create the required files. Continuing with the matrix generation...
NA is not supported. You will need to download that chromosome and create the required files. Continuing with the matrix generation...
NA is not supported. You will need to download that chromosome and create the required files. Continuing with the matrix generation...
NA is not supported. You will need to download that chromosome and create the required files. Continuing with the matrix generation...
NA is not supported. You will need to download that chromosome and create the required files. Continuing with the matrix generation...
NA is not supported. You will need to download that chromosome and create the required files. Continuing with the matrix generation...
NA is not supported. You will need to download that chromosome and create the required files. Continuing with the matrix generation...
NA is not supported. You will need to download that chromosome and create the required files. Continuing with the matrix generation...
NA is not supported. You will need to download that chromosome and create the required files. Continuing with the matrix generation...
NA is not supported. You will need to download that chromosome and create the required files. Continuing with the matrix generation...
NA is not supported. You will need to download that chromosome and create the required files. Continuing with the matrix generation...
NA is not supported. You will need to download that chromosome and create the required files. Continuing with the matrix generation...
NA is not supported. You will need to download that chromosome and create the required files. Continuing with the matrix generation...
NA is not supported. You will need to download that chromosome and create the required files. Continuing with the matrix generation...
NA is not supported. You will need to download that chromosome and create the required files. Continuing with the matrix generation...
NA is not supported. You will need to download that chromosome and create the required files. Continuing with the matrix generation...
NA is not supported. You will need to download that chromosome and create the required files. Continuing with the matrix generation...
NA is not supported. You will need to download that chromosome and create the required files. Continuing with the matrix generation...
NA is not supported. You will need to download that chromosome and create the required files. Continuing with the matrix generation...
NA is not supported. You will need to download that chromosome and create the required files. Continuing with the matrix generation...
NA is not supported. You will need to download that chromosome and create the required files. Continuing with the matrix generation...
NA is not supported. You will need to download that chromosome and create the required files. Continuing with the matrix generation...
NA is not supported. You will need to download that chromosome and create the required files. Continuing with the matrix generation...
NA is not supported. You will need to download that chromosome and create the required files. Continuing with the matrix generation...
NA is not supported. You will need to download that chromosome and create the required files. Continuing with the matrix generation...
NA is not supported. You will need to download that chromosome and create the required files. Continuing with the matrix generation...
NA is not supported. You will need to download that chromosome and create the required files. Continuing with the matrix generation...
NA is not supported. You will need to download that chromosome and create the required files. Continuing with the matrix generation...
NA is not supported. You will need to download that chromosome and create the required files. Continuing with the matrix generation...
NA is not supported. You will need to download that chromosome and create the required files. Continuing with the matrix generation...
NA is not supported. You will need to download that chromosome and create the required files. Continuing with the matrix generation...
NA is not supported. You will need to download that chromosome and create the required files. Continuing with the matrix generation...
NA is not supported. You will need to download that chromosome and create the required files. Continuing with the matrix generation...
NA is not supported. You will need to download that chromosome and create the required files. Continuing with the matrix generation...
NA is not supported. You will need to download that chromosome and create the required files. Continuing with the matrix generation...
NA is not supported. You will need to download that chromosome and create the required files. Continuing with the matrix generation...
NA is not supported. You will need to download that chromosome and create the required files. Continuing with the matrix generation...
NA is not supported. You will need to download that chromosome and create the required files. Continuing with the matrix generation...
NA is not supported. You will need to download that chromosome and create the required files. Continuing with the matrix generation...
NA is not supported. You will need to download that chromosome and create the required files. Continuing with the matrix generation...
NA is not supported. You will need to download that chromosome and create the required files. Continuing with the matrix generation...
NA is not supported. You will need to download that chromosome and create the required files. Continuing with the matrix generation...
NA is not supported. You will need to download that chromosome and create the required files. Continuing with the matrix generation...
NA is not supported. You will need to download that chromosome and create the required files. Continuing with the matrix generation...
NA is not supported. You will need to download that chromosome and create the required files. Continuing with the matrix generation...
NA is not supported. You will need to download that chromosome and create the required files. Continuing with the matrix generation...
NA is not supported. You will need to download that chromosome and create the required files. Continuing with the matrix generation...
NA is not supported. You will need to download that chromosome and create the required files. Continuing with the matrix generation...
NA is not supported. You will need to download that chromosome and create the required files. Continuing with the matrix generation...
NA is not supported. You will need to download that chromosome and create the required files. Continuing with the matrix generation...
NA is not supported. You will need to download that chromosome and create the required files. Continuing with the matrix generation...
NA is not supported. You will need to download that chromosome and create the required files. Continuing with the matrix generation...
NA is not supported. You will need to download that chromosome and create the required files. Continuing with the matrix generation...
NA is not supported. You will need to download that chromosome and create the required files. Continuing with the matrix generation...
NA is not supported. You will need to download that chromosome and create the required files. Continuing with the matrix generation...
NA is not supported. You will need to download that chromosome and create the required files. Continuing with the matrix generation...
NA is not supported. You will need to download that chromosome and create the required files. Continuing with the matrix generation...
NA is not supported. You will need to download that chromosome and create the required files. Continuing with the matrix generation...
NA is not supported. You will need to download that chromosome and create the required files. Continuing with the matrix generation...
NA is not supported. You will need to download that chromosome and create the required files. Continuing with the matrix generation...
NA is not supported. You will need to download that chromosome and create the required files. Continuing with the matrix generation...
NA is not supported. You will need to download that chromosome and create the required files. Continuing with the matrix generation...
NA is not supported. You will need to download that chromosome and create the required files. Continuing with the matrix generation...
NA is not supported. You will need to download that chromosome and create the required files. Continuing with the matrix generation...
NA is not supported. You will need to download that chromosome and create the required files. Continuing with the matrix generation...
NA is not supported. You will need to download that chromosome and create the required files. Continuing with the matrix generation...
NA is not supported. You will need to download that chromosome and create the required files. Continuing with the matrix generation...
NA is not supported. You will need to download that chromosome and create the required files. Continuing with the matrix generation...
NA is not supported. You will need to download that chromosome and create the required files. Continuing with the matrix generation...
NA is not supported. You will need to download that chromosome and create the required files. Continuing with the matrix generation...
NA is not supported. You will need to download that chromosome and create the required files. Continuing with the matrix generation...
NA is not supported. You will need to download that chromosome and create the required files. Continuing with the matrix generation...
NA is not supported. You will need to download that chromosome and create the required files. Continuing with the matrix generation...
NA is not supported. You will need to download that chromosome and create the required files. Continuing with the matrix generation...
NA is not supported. You will need to download that chromosome and create the required files. Continuing with the matrix generation...
NA is not supported. You will need to download that chromosome and create the required files. Continuing with the matrix generation...
NA is not supported. You will need to download that chromosome and create the required files. Continuing with the matrix generation...
NA is not supported. You will need to download that chromosome and create the required files. Continuing with the matrix generation...
NA is not supported. You will need to download that chromosome and create the required files. Continuing with the matrix generation...
NA is not supported. You will need to download that chromosome and create the required files. Continuing with the matrix generation...
NA is not supported. You will need to download that chromosome and create the required files. Continuing with the matrix generation...
NA is not supported. You will need to download that chromosome and create the required files. Continuing with the matrix generation...
NA is not supported. You will need to download that chromosome and create the required files. Continuing with the matrix generation...
NA is not supported. You will need to download that chromosome and create the required files. Continuing with the matrix generation...
NA is not supported. You will need to download that chromosome and create the required files. Continuing with the matrix generation...
NA is not supported. You will need to download that chromosome and create the required files. Continuing with the matrix generation...
NA is not supported. You will need to download that chromosome and create the required files. Continuing with the matrix generation...
NA is not supported. You will need to download that chromosome and create the required files. Continuing with the matrix generation...
NA is not supported. You will need to download that chromosome and create the required files. Continuing with the matrix generation...
NA is not supported. You will need to download that chromosome and create the required files. Continuing with the matrix generation...
NA is not supported. You will need to download that chromosome and create the required files. Continuing with the matrix generation...
NA is not supported. You will need to download that chromosome and create the required files. Continuing with the matrix generation...
NA is not supported. You will need to download that chromosome and create the required files. Continuing with the matrix generation...
NA is not supported. You will need to download that chromosome and create the required files. Continuing with the matrix generation...
NA is not supported. You will need to download that chromosome and create the required files. Continuing with the matrix generation...
NA is not supported. You will need to download that chromosome and create the required files. Continuing with the matrix generation...
NA is not supported. You will need to download that chromosome and create the required files. Continuing with the matrix generation...
NA is not supported. You will need to download that chromosome and create the required files. Continuing with the matrix generation...
NA is not supported. You will need to download that chromosome and create the required files. Continuing with the matrix generation...
NA is not supported. You will need to download that chromosome and create the required files. Continuing with the matrix generation...
NA is not supported. You will need to download that chromosome and create the required files. Continuing with the matrix generation...
NA is not supported. You will need to download that chromosome and create the required files. Continuing with the matrix generation...
NA is not supported. You will need to download that chromosome and create the required files. Continuing with the matrix generation...
NA is not supported. You will need to download that chromosome and create the required files. Continuing with the matrix generation...
NA is not supported. You will need to download that chromosome and create the required files. Continuing with the matrix generation...
NA is not supported. You will need to download that chromosome and create the required files. Continuing with the matrix generation...
NA is not supported. You will need to download that chromosome and create the required files. Continuing with the matrix generation...
NA is not supported. You will need to download that chromosome and create the required files. Continuing with the matrix generation...
NA is not supported. You will need to download that chromosome and create the required files. Continuing with the matrix generation...
NA is not supported. You will need to download that chromosome and create the required files. Continuing with the matrix generation...
NA is not supported. You will need to download that chromosome and create the required files. Continuing with the matrix generation...
NA is not supported. You will need to download that chromosome and create the required files. Continuing with the matrix generation...
NA is not supported. You will need to download that chromosome and create the required files. Continuing with the matrix generation...
NA is not supported. You will need to download that chromosome and create the required files. Continuing with the matrix generation...
NA is not supported. You will need to download that chromosome and create the required files. Continuing with the matrix generation...
NA is not supported. You will need to download that chromosome and create the required files. Continuing with the matrix generation...
NA is not supported. You will need to download that chromosome and create the required files. Continuing with the matrix generation...
NA is not supported. You will need to download that chromosome and create the required files. Continuing with the matrix generation...
NA is not supported. You will need to download that chromosome and create the required files. Continuing with the matrix generation...
NA is not supported. You will need to download that chromosome and create the required files. Continuing with the matrix generation...
NA is not supported. You will need to download that chromosome and create the required files. Continuing with the matrix generation...
NA is not supported. You will need to download that chromosome and create the required files. Continuing with the matrix generation...
NA is not supported. You will need to download that chromosome and create the required files. Continuing with the matrix generation...
NA is not supported. You will need to download that chromosome and create the required files. Continuing with the matrix generation...
NA is not supported. You will need to download that chromosome and create the required files. Continuing with the matrix generation...
NA is not supported. You will need to download that chromosome and create the required files. Continuing with the matrix generation...
NA is not supported. You will need to download that chromosome and create the required files. Continuing with the matrix generation...
NA is not supported. You will need to download that chromosome and create the required files. Continuing with the matrix generation...
NA is not supported. You will need to download that chromosome and create the required files. Continuing with the matrix generation...
NA is not supported. You will need to download that chromosome and create the required files. Continuing with the matrix generation...
NA is not supported. You will need to download that chromosome and create the required files. Continuing with the matrix generation...
NA is not supported. You will need to download that chromosome and create the required files. Continuing with the matrix generation...
NA is not supported. You will need to download that chromosome and create the required files. Continuing with the matrix generation...
NA is not supported. You will need to download that chromosome and create the required files. Continuing with the matrix generation...
NA is not supported. You will need to download that chromosome and create the required files. Continuing with the matrix generation...
NA is not supported. You will need to download that chromosome and create the required files. Continuing with the matrix generation...
NA is not supported. You will need to download that chromosome and create the required files. Continuing with the matrix generation...
NA is not supported. You will need to download that chromosome and create the required files. Continuing with the matrix generation...
NA is not supported. You will need to download that chromosome and create the required files. Continuing with the matrix generation...
NA is not supported. You will need to download that chromosome and create the required files. Continuing with the matrix generation...
NA is not supported. You will need to download that chromosome and create the required files. Continuing with the matrix generation...
NA is not supported. You will need to download that chromosome and create the required files. Continuing with the matrix generation...
NA is not supported. You will need to download that chromosome and create the required files. Continuing with the matrix generation...
NA is not supported. You will need to download that chromosome and create the required files. Continuing with the matrix generation...
NA is not supported. You will need to download that chromosome and create the required files. Continuing with the matrix generation...
NA is not supported. You will need to download that chromosome and create the required files. Continuing with the matrix generation...
NA is not supported. You will need to download that chromosome and create the required files. Continuing with the matrix generation...
NA is not supported. You will need to download that chromosome and create the required files. Continuing with the matrix generation...
NA is not supported. You will need to download that chromosome and create the required files. Continuing with the matrix generation...
NA is not supported. You will need to download that chromosome and create the required files. Continuing with the matrix generation...
NA is not supported. You will need to download that chromosome and create the required files. Continuing with the matrix generation...
NA is not supported. You will need to download that chromosome and create the required files. Continuing with the matrix generation...
NA is not supported. You will need to download that chromosome and create the required files. Continuing with the matrix generation...
NA is not supported. You will need to download that chromosome and create the required files. Continuing with the matrix generation...
NA is not supported. You will need to download that chromosome and create the required files. Continuing with the matrix generation...
NA is not supported. You will need to download that chromosome and create the required files. Continuing with the matrix generation...
NA is not supported. You will need to download that chromosome and create the required files. Continuing with the matrix generation...
NA is not supported. You will need to download that chromosome and create the required files. Continuing with the matrix generation...
NA is not supported. You will need to download that chromosome and create the required files. Continuing with the matrix generation...
NA is not supported. You will need to download that chromosome and create the required files. Continuing with the matrix generation...
NA is not supported. You will need to download that chromosome and create the required files. Continuing with the matrix generation...
NA is not supported. You will need to download that chromosome and create the required files. Continuing with the matrix generation...
NA is not supported. You will need to download that chromosome and create the required files. Continuing with the matrix generation...
NA is not supported. You will need to download that chromosome and create the required files. Continuing with the matrix generation...
NA is not supported. You will need to download that chromosome and create the required files. Continuing with the matrix generation...
NA is not supported. You will need to download that chromosome and create the required files. Continuing with the matrix generation...
NA is not supported. You will need to download that chromosome and create the required files. Continuing with the matrix generation...
NA is not supported. You will need to download that chromosome and create the required files. Continuing with the matrix generation...
NA is not supported. You will need to download that chromosome and create the required files. Continuing with the matrix generation...
NA is not supported. You will need to download that chromosome and create the required files. Continuing with the matrix generation...
NA is not supported. You will need to download that chromosome and create the required files. Continuing with the matrix generation...
NA is not supported. You will need to download that chromosome and create the required files. Continuing with the matrix generation...
NA is not supported. You will need to download that chromosome and create the required files. Continuing with the matrix generation...
NA is not supported. You will need to download that chromosome and create the required files. Continuing with the matrix generation...
NA is not supported. You will need to download that chromosome and create the required files. Continuing with the matrix generation...
NA is not supported. You will need to download that chromosome and create the required files. Continuing with the matrix generation...
NA is not supported. You will need to download that chromosome and create the required files. Continuing with the matrix generation...
NA is not supported. You will need to download that chromosome and create the required files. Continuing with the matrix generation...
NA is not supported. You will need to download that chromosome and create the required files. Continuing with the matrix generation...
NA is not supported. You will need to download that chromosome and create the required files. Continuing with the matrix generation...
NA is not supported. You will need to download that chromosome and create the required files. Continuing with the matrix generation...
NA is not supported. You will need to download that chromosome and create the required files. Continuing with the matrix generation...
NA is not supported. You will need to download that chromosome and create the required files. Continuing with the matrix generation...
NA is not supported. You will need to download that chromosome and create the required files. Continuing with the matrix generation...
NA is not supported. You will need to download that chromosome and create the required files. Continuing with the matrix generation...
NA is not supported. You will need to download that chromosome and create the required files. Continuing with the matrix generation...
NA is not supported. You will need to download that chromosome and create the required files. Continuing with the matrix generation...
NA is not supported. You will need to download that chromosome and create the required files. Continuing with the matrix generation...
NA is not supported. You will need to download that chromosome and create the required files. Continuing with the matrix generation...
NA is not supported. You will need to download that chromosome and create the required files. Continuing with the matrix generation...
NA is not supported. You will need to download that chromosome and create the required files. Continuing with the matrix generation...
NA is not supported. You will need to download that chromosome and create the required files. Continuing with the matrix generation...
NA is not supported. You will need to download that chromosome and create the required files. Continuing with the matrix generation...
NA is not supported. You will need to download that chromosome and create the required files. Continuing with the matrix generation...
NA is not supported. You will need to download that chromosome and create the required files. Continuing with the matrix generation...
NA is not supported. You will need to download that chromosome and create the required files. Continuing with the matrix generation...
NA is not supported. You will need to download that chromosome and create the required files. Continuing with the matrix generation...
NA is not supported. You will need to download that chromosome and create the required files. Continuing with the matrix generation...
NA is not supported. You will need to download that chromosome and create the required files. Continuing with the matrix generation...
NA is not supported. You will need to download that chromosome and create the required files. Continuing with the matrix generation...
NA is not supported. You will need to download that chromosome and create the required files. Continuing with the matrix generation...
NA is not supported. You will need to download that chromosome and create the required files. Continuing with the matrix generation...
NA is not supported. You will need to download that chromosome and create the required files. Continuing with the matrix generation...
NA is not supported. You will need to download that chromosome and create the required files. Continuing with the matrix generation...
NA is not supported. You will need to download that chromosome and create the required files. Continuing with the matrix generation...
NA is not supported. You will need to download that chromosome and create the required files. Continuing with the matrix generation...
NA is not supported. You will need to download that chromosome and create the required files. Continuing with the matrix generation...
NA is not supported. You will need to download that chromosome and create the required files. Continuing with the matrix generation...
NA is not supported. You will need to download that chromosome and create the required files. Continuing with the matrix generation...
NA is not supported. You will need to download that chromosome and create the required files. Continuing with the matrix generation...
NA is not supported. You will need to download that chromosome and create the required files. Continuing with the matrix generation...
NA is not supported. You will need to download that chromosome and create the required files. Continuing with the matrix generation...
NA is not supported. You will need to download that chromosome and create the required files. Continuing with the matrix generation...
NA is not supported. You will need to download that chromosome and create the required files. Continuing with the matrix generation...
NA is not supported. You will need to download that chromosome and create the required files. Continuing with the matrix generation...
NA is not supported. You will need to download that chromosome and create the required files. Continuing with the matrix generation...
NA is not supported. You will need to download that chromosome and create the required files. Continuing with the matrix generation...
Chromosome 7 done
Chromosome 15 done
Chromosome 13 done
Chromosome 22 done
Chromosome 3 done
Chromosome 10 done
Chromosome 17 done
Chromosome 19 done
Chromosome 21 done
Chromosome 9 done
Chromosome 8 done
Chromosome 4 done
Chromosome 18 done
Chromosome 2 done
Chromosome 6 done
Chromosome X done
Chromosome 1 done
Chromosome 12 done
Chromosome 14 done
Chromosome 5 done
Chromosome MT done
Chromosome Y done
Chromosome 16 done
Chromosome 20 done
Chromosome 11 done
