"IntoGen_cancer_type","gene","test_type","comparison","event","p_value","odds_ratio","ci_low","ci_high","n_WGD","n_HM","n_Classic","p_adj_local","p_adj_global"
"BRCA","ABL2","per_event_pairwise","WGD_vs_Classic","CNA_driver",NA,NA,NA,NA,9,2,14,NA,NA
"BRCA","ABL2","per_event_pairwise","WGD_vs_Classic","CI_M",NA,NA,NA,NA,9,2,14,NA,NA
"BRCA","ABL2","per_event_pairwise","WGD_vs_Classic","M",NA,NA,NA,NA,9,2,14,NA,NA
"BRCA","ABL2","per_event_pairwise","WGD_vs_Classic","WT",NA,NA,NA,NA,9,2,14,NA,NA
"BRCA","ACVR1B","per_event_pairwise","WGD_vs_Classic","CNA_driver",NA,NA,NA,NA,20,0,3,NA,NA
"BRCA","ACVR1B","per_event_pairwise","WGD_vs_Classic","CI_M",NA,NA,NA,NA,20,0,3,NA,NA
"BRCA","ACVR1B","per_event_pairwise","WGD_vs_Classic","M",NA,NA,NA,NA,20,0,3,NA,NA
"BRCA","ACVR1B","per_event_pairwise","WGD_vs_Classic","WT",NA,NA,NA,NA,20,0,3,NA,NA
"BRCA","AKAP9","per_event_pairwise","WGD_vs_Classic","CNA_driver",NA,NA,NA,NA,15,1,6,NA,NA
"BRCA","AKAP9","per_event_pairwise","WGD_vs_Classic","CI_M",NA,NA,NA,NA,15,1,6,NA,NA
"BRCA","AKAP9","per_event_pairwise","WGD_vs_Classic","M",NA,NA,NA,NA,15,1,6,NA,NA
"BRCA","AKAP9","per_event_pairwise","WGD_vs_Classic","WT",NA,NA,NA,NA,15,1,6,NA,NA
"BRCA","ARHGAP35","global","Classic_vs_WGD",NA,0.142857142857143,NA,NA,NA,18,0,3,0.298701298701299,0.233082706766917
"BRCA","ARHGAP35","pairwise_all_events","WGD_vs_Classic",NA,0.142857142857143,NA,NA,NA,18,0,3,0.307692307692308,0.312427409988386
"BRCA","ARHGAP35","per_event_pairwise","WGD_vs_Classic","CNA_driver",NA,NA,NA,NA,18,0,3,NA,NA
"BRCA","ARHGAP35","per_event_pairwise","WGD_vs_Classic","CI_M",NA,NA,NA,NA,18,0,3,NA,NA
"BRCA","ARHGAP35","per_event_pairwise","WGD_vs_Classic","M",0.142857142857143,0,0,6.50000192016658,18,0,3,0.308035714285714,0.352380952380953
"BRCA","ARHGAP35","per_event_pairwise","WGD_vs_Classic","WT",0.142857142857143,Inf,0.153846108398438,Inf,18,0,3,0.308035714285714,0.352380952380953
"BRCA","ARID1A","global","Classic_vs_WGD",NA,0.00249875062468766,NA,NA,NA,21,2,8,0.0114942528735632,0.00880241697333152
"BRCA","ARID1A","pairwise_all_events","WGD_vs_Classic",NA,0.000499750124937531,NA,NA,NA,21,2,8,0.00466433449941696,0.00407372071539988
"BRCA","ARID1A","per_event_pairwise","WGD_vs_Classic","CNA_driver",0.00142236574020682,0.0395451247728252,0.000713649287139776,0.43035362534022,21,2,8,0.0140204622963244,0.0121723544297971
"BRCA","ARID1A","per_event_pairwise","WGD_vs_Classic","CI_M",NA,NA,NA,NA,21,2,8,NA,NA
"BRCA","ARID1A","per_event_pairwise","WGD_vs_Classic","M",1,Inf,0.00978348214285715,Inf,21,2,8,1,1
"BRCA","ARID1A","per_event_pairwise","WGD_vs_Classic","WT",0.00325222004382424,19.6148503499694,1.86196607388919,1062.19984736012,21,2,8,0.0249336870026525,0.0239762526838606
"BRCA","ASXL1","per_event_pairwise","WGD_vs_Classic","CNA_driver",NA,NA,NA,NA,17,0,4,NA,NA
"BRCA","ASXL1","per_event_pairwise","WGD_vs_Classic","CI_M",NA,NA,NA,NA,17,0,4,NA,NA
"BRCA","ASXL1","per_event_pairwise","WGD_vs_Classic","M",NA,NA,NA,NA,17,0,4,NA,NA
"BRCA","ASXL1","per_event_pairwise","WGD_vs_Classic","WT",NA,NA,NA,NA,17,0,4,NA,NA
"BRCA","BRAF","per_event_pairwise","WGD_vs_Classic","CNA_driver",NA,NA,NA,NA,14,0,6,NA,NA
"BRCA","BRAF","per_event_pairwise","WGD_vs_Classic","CI_M",NA,NA,NA,NA,14,0,6,NA,NA
"BRCA","BRAF","per_event_pairwise","WGD_vs_Classic","M",NA,NA,NA,NA,14,0,6,NA,NA
"BRCA","BRAF","per_event_pairwise","WGD_vs_Classic","WT",NA,NA,NA,NA,14,0,6,NA,NA
"BRCA","BRCA1","global","Classic_vs_HM_vs_WGD",NA,0.0689655172413793,NA,NA,NA,12,3,4,0.176245210727969,0.137931034482759
"BRCA","BRCA1","pairwise_all_events","HM_vs_Classic",NA,0.142857142857143,NA,NA,NA,12,3,4,0.307692307692308,0.312427409988386
"BRCA","BRCA1","pairwise_all_events","HM_vs_WGD",NA,0.0813186813186814,NA,NA,NA,12,3,4,0.227692307692308,0.212375973541022
"BRCA","BRCA1","pairwise_all_events","WGD_vs_Classic",NA,1,NA,NA,NA,12,3,4,1,1
"BRCA","BRCA1","per_event_HM_vs_rest","HM_vs_rest","CNA_driver",0.0505675954592363,20.3823742927511,0.646393988682212,1840.77267018959,12,3,4,0.202270381836945,1
"BRCA","BRCA1","per_event_HM_vs_rest","HM_vs_rest","CI_M",NA,NA,NA,NA,12,3,4,NA,NA
"BRCA","BRCA1","per_event_HM_vs_rest","HM_vs_rest","M",NA,NA,NA,NA,12,3,4,NA,NA
"BRCA","BRCA1","per_event_HM_vs_rest","HM_vs_rest","WT",0.0505675954592363,0.0490619976670553,0.000543250134139069,1.54704408999637,12,3,4,0.202270381836945,1
"BRCA","BRCA1","per_event_pairwise","HM_vs_Classic","CNA_driver",0.142857142857143,Inf,0.283457522659101,Inf,12,3,4,0.308035714285714,0.352380952380953
"BRCA","BRCA1","per_event_pairwise","HM_vs_Classic","CI_M",NA,NA,NA,NA,12,3,4,NA,NA
"BRCA","BRCA1","per_event_pairwise","HM_vs_Classic","M",NA,NA,NA,NA,12,3,4,NA,NA
"BRCA","BRCA1","per_event_pairwise","HM_vs_Classic","WT",0.142857142857143,0,0,3.52786544741889,12,3,4,0.308035714285714,0.352380952380953
"BRCA","BRCA1","per_event_pairwise","HM_vs_WGD","CNA_driver",0.0813186813186814,15.07288934159,0.469006633743863,1387.69251544943,12,3,4,0.255044955044955,0.243568812140241
"BRCA","BRCA1","per_event_pairwise","HM_vs_WGD","CI_M",NA,NA,NA,NA,12,3,4,NA,NA
"BRCA","BRCA1","per_event_pairwise","HM_vs_WGD","M",NA,NA,NA,NA,12,3,4,NA,NA
"BRCA","BRCA1","per_event_pairwise","HM_vs_WGD","WT",0.0813186813186813,0.0663442806045647,0.000720620734684981,2.13216600374596,12,3,4,0.255044955044955,0.243568812140241
"BRCA","BRCA1","per_event_pairwise","WGD_vs_Classic","CNA_driver",1,Inf,0.00856250000000001,Inf,12,3,4,1,1
"BRCA","BRCA1","per_event_pairwise","WGD_vs_Classic","CI_M",NA,NA,NA,NA,12,3,4,NA,NA
"BRCA","BRCA1","per_event_pairwise","WGD_vs_Classic","M",NA,NA,NA,NA,12,3,4,NA,NA
"BRCA","BRCA1","per_event_pairwise","WGD_vs_Classic","WT",1,0,0,116.788321167883,12,3,4,1,1
"BRCA","BRCA2","global","Classic_vs_WGD",NA,0.220889555222389,NA,NA,NA,13,0,5,0.317528735632184,0.330800783183288
"BRCA","BRCA2","pairwise_all_events","WGD_vs_Classic",NA,0.233883058470765,NA,NA,NA,13,0,5,0.363818090954523,0.423666954401587
"BRCA","BRCA2","per_event_pairwise","WGD_vs_Classic","CNA_driver",0.0987394957983193,0.141557989875785,0.00679808700789089,2.04110548798444,13,0,5,0.296218487394958,0.274810366624526
"BRCA","BRCA2","per_event_pairwise","WGD_vs_Classic","CI_M",NA,NA,NA,NA,13,0,5,NA,NA
"BRCA","BRCA2","per_event_pairwise","WGD_vs_Classic","M",1,Inf,0.00987740384615386,Inf,13,0,5,1,1
"BRCA","BRCA2","per_event_pairwise","WGD_vs_Classic","WT",0.268207282913165,4.49956740577819,0.344640474448175,80.1585164571928,13,0,5,0.451373232219717,0.496914229609369
"BRCA","CBFB","global","Classic_vs_WGD",NA,0.00020639834881321,NA,NA,NA,16,1,4,0.00383141762452107,0.00281677343146609
"BRCA","CBFB","pairwise_all_events","WGD_vs_Classic",NA,0.00020639834881321,NA,NA,NA,16,1,4,0.00466433449941696,0.00407372071539988
"BRCA","CBFB","per_event_pairwise","WGD_vs_Classic","CNA_driver",NA,NA,NA,NA,16,1,4,NA,NA
"BRCA","CBFB","per_event_pairwise","WGD_vs_Classic","CI_M",NA,NA,NA,NA,16,1,4,NA,NA
"BRCA","CBFB","per_event_pairwise","WGD_vs_Classic","M",0.00020639834881321,0,0,0.159918184229086,16,1,4,0.00474716202270382,0.0027046783625731
"BRCA","CBFB","per_event_pairwise","WGD_vs_Classic","WT",0.00020639834881321,Inf,6.25319756362092,Inf,16,1,4,0.00474716202270382,0.0027046783625731
"BRCA","CCND1","per_event_pairwise","WGD_vs_Classic","CNA_driver",NA,NA,NA,NA,8,0,6,NA,NA
"BRCA","CCND1","per_event_pairwise","WGD_vs_Classic","CI_M",NA,NA,NA,NA,8,0,6,NA,NA
"BRCA","CCND1","per_event_pairwise","WGD_vs_Classic","M",NA,NA,NA,NA,8,0,6,NA,NA
"BRCA","CCND1","per_event_pairwise","WGD_vs_Classic","WT",NA,NA,NA,NA,8,0,6,NA,NA
"BRCA","CDH1","global","Classic_vs_WGD",NA,0.000499750124937531,NA,NA,NA,16,1,6,0.00383141762452107,0.00281677343146609
"BRCA","CDH1","pairwise_all_events","WGD_vs_Classic",NA,0.000499750124937531,NA,NA,NA,16,1,6,0.00466433449941696,0.00407372071539988
"BRCA","CDH1","per_event_pairwise","WGD_vs_Classic","CNA_driver",0.0649350649350649,0,0,1.84388419355907,16,1,6,0.224025974025974,0.21494391025641
"BRCA","CDH1","per_event_pairwise","WGD_vs_Classic","CI_M",NA,NA,NA,NA,16,1,6,NA,NA
"BRCA","CDH1","per_event_pairwise","WGD_vs_Classic","M",0.00205058099794942,0,0,0.37463152869489,16,1,6,0.0176862611073137,0.016642779970454
"BRCA","CDH1","per_event_pairwise","WGD_vs_Classic","WT",1.34024901826759e-05,Inf,10.3235806161485,Inf,16,1,6,0.000924771822604639,0.000312228382403821
"BRCA","CDKN1B","global","Classic_vs_WGD",NA,1,NA,NA,NA,15,0,4,1,1
"BRCA","CDKN1B","pairwise_all_events","WGD_vs_Classic",NA,1,NA,NA,NA,15,0,4,1,1
"BRCA","CDKN1B","per_event_pairwise","WGD_vs_Classic","CNA_driver",1,Inf,0.0462964580001917,Inf,15,0,4,1,1
"BRCA","CDKN1B","per_event_pairwise","WGD_vs_Classic","CI_M",NA,NA,NA,NA,15,0,4,NA,NA
"BRCA","CDKN1B","per_event_pairwise","WGD_vs_Classic","M",NA,NA,NA,NA,15,0,4,NA,NA
"BRCA","CDKN1B","per_event_pairwise","WGD_vs_Classic","WT",1,0,0,21.5999245556941,15,0,4,1,1
"BRCA","CLTC","per_event_HM_vs_rest","HM_vs_rest","CNA_driver",NA,NA,NA,NA,6,3,7,NA,NA
"BRCA","CLTC","per_event_HM_vs_rest","HM_vs_rest","CI_M",NA,NA,NA,NA,6,3,7,NA,NA
"BRCA","CLTC","per_event_HM_vs_rest","HM_vs_rest","M",NA,NA,NA,NA,6,3,7,NA,NA
"BRCA","CLTC","per_event_HM_vs_rest","HM_vs_rest","WT",NA,NA,NA,NA,6,3,7,NA,NA
"BRCA","CLTC","per_event_pairwise","HM_vs_Classic","CNA_driver",NA,NA,NA,NA,6,3,7,NA,NA
"BRCA","CLTC","per_event_pairwise","HM_vs_Classic","CI_M",NA,NA,NA,NA,6,3,7,NA,NA
"BRCA","CLTC","per_event_pairwise","HM_vs_Classic","M",NA,NA,NA,NA,6,3,7,NA,NA
"BRCA","CLTC","per_event_pairwise","HM_vs_Classic","WT",NA,NA,NA,NA,6,3,7,NA,NA
"BRCA","CLTC","per_event_pairwise","HM_vs_WGD","CNA_driver",NA,NA,NA,NA,6,3,7,NA,NA
"BRCA","CLTC","per_event_pairwise","HM_vs_WGD","CI_M",NA,NA,NA,NA,6,3,7,NA,NA
"BRCA","CLTC","per_event_pairwise","HM_vs_WGD","M",NA,NA,NA,NA,6,3,7,NA,NA
"BRCA","CLTC","per_event_pairwise","HM_vs_WGD","WT",NA,NA,NA,NA,6,3,7,NA,NA
"BRCA","CLTC","per_event_pairwise","WGD_vs_Classic","CNA_driver",NA,NA,NA,NA,6,3,7,NA,NA
"BRCA","CLTC","per_event_pairwise","WGD_vs_Classic","CI_M",NA,NA,NA,NA,6,3,7,NA,NA
"BRCA","CLTC","per_event_pairwise","WGD_vs_Classic","M",NA,NA,NA,NA,6,3,7,NA,NA
"BRCA","CLTC","per_event_pairwise","WGD_vs_Classic","WT",NA,NA,NA,NA,6,3,7,NA,NA
"BRCA","CREBBP","per_event_pairwise","WGD_vs_Classic","CNA_driver",NA,NA,NA,NA,17,1,9,NA,NA
"BRCA","CREBBP","per_event_pairwise","WGD_vs_Classic","CI_M",NA,NA,NA,NA,17,1,9,NA,NA
"BRCA","CREBBP","per_event_pairwise","WGD_vs_Classic","M",NA,NA,NA,NA,17,1,9,NA,NA
"BRCA","CREBBP","per_event_pairwise","WGD_vs_Classic","WT",NA,NA,NA,NA,17,1,9,NA,NA
"BRCA","CSMD3","per_event_pairwise","WGD_vs_Classic","CNA_driver",NA,NA,NA,NA,5,1,13,NA,NA
"BRCA","CSMD3","per_event_pairwise","WGD_vs_Classic","CI_M",NA,NA,NA,NA,5,1,13,NA,NA
"BRCA","CSMD3","per_event_pairwise","WGD_vs_Classic","M",NA,NA,NA,NA,5,1,13,NA,NA
"BRCA","CSMD3","per_event_pairwise","WGD_vs_Classic","WT",NA,NA,NA,NA,5,1,13,NA,NA
"BRCA","CUX1","per_event_pairwise","WGD_vs_Classic","CNA_driver",NA,NA,NA,NA,12,1,6,NA,NA
"BRCA","CUX1","per_event_pairwise","WGD_vs_Classic","CI_M",NA,NA,NA,NA,12,1,6,NA,NA
"BRCA","CUX1","per_event_pairwise","WGD_vs_Classic","M",NA,NA,NA,NA,12,1,6,NA,NA
"BRCA","CUX1","per_event_pairwise","WGD_vs_Classic","WT",NA,NA,NA,NA,12,1,6,NA,NA
"BRCA","EGFR","per_event_pairwise","WGD_vs_Classic","CNA_driver",NA,NA,NA,NA,17,0,6,NA,NA
"BRCA","EGFR","per_event_pairwise","WGD_vs_Classic","CI_M",NA,NA,NA,NA,17,0,6,NA,NA
"BRCA","EGFR","per_event_pairwise","WGD_vs_Classic","M",NA,NA,NA,NA,17,0,6,NA,NA
"BRCA","EGFR","per_event_pairwise","WGD_vs_Classic","WT",NA,NA,NA,NA,17,0,6,NA,NA
"BRCA","EIF4A2","per_event_HM_vs_rest","HM_vs_rest","CNA_driver",NA,NA,NA,NA,15,3,5,NA,NA
"BRCA","EIF4A2","per_event_HM_vs_rest","HM_vs_rest","CI_M",NA,NA,NA,NA,15,3,5,NA,NA
"BRCA","EIF4A2","per_event_HM_vs_rest","HM_vs_rest","M",NA,NA,NA,NA,15,3,5,NA,NA
"BRCA","EIF4A2","per_event_HM_vs_rest","HM_vs_rest","WT",NA,NA,NA,NA,15,3,5,NA,NA
"BRCA","EIF4A2","per_event_pairwise","HM_vs_Classic","CNA_driver",NA,NA,NA,NA,15,3,5,NA,NA
"BRCA","EIF4A2","per_event_pairwise","HM_vs_Classic","CI_M",NA,NA,NA,NA,15,3,5,NA,NA
"BRCA","EIF4A2","per_event_pairwise","HM_vs_Classic","M",NA,NA,NA,NA,15,3,5,NA,NA
"BRCA","EIF4A2","per_event_pairwise","HM_vs_Classic","WT",NA,NA,NA,NA,15,3,5,NA,NA
"BRCA","EIF4A2","per_event_pairwise","HM_vs_WGD","CNA_driver",NA,NA,NA,NA,15,3,5,NA,NA
"BRCA","EIF4A2","per_event_pairwise","HM_vs_WGD","CI_M",NA,NA,NA,NA,15,3,5,NA,NA
"BRCA","EIF4A2","per_event_pairwise","HM_vs_WGD","M",NA,NA,NA,NA,15,3,5,NA,NA
"BRCA","EIF4A2","per_event_pairwise","HM_vs_WGD","WT",NA,NA,NA,NA,15,3,5,NA,NA
"BRCA","EIF4A2","per_event_pairwise","WGD_vs_Classic","CNA_driver",NA,NA,NA,NA,15,3,5,NA,NA
"BRCA","EIF4A2","per_event_pairwise","WGD_vs_Classic","CI_M",NA,NA,NA,NA,15,3,5,NA,NA
"BRCA","EIF4A2","per_event_pairwise","WGD_vs_Classic","M",NA,NA,NA,NA,15,3,5,NA,NA
"BRCA","EIF4A2","per_event_pairwise","WGD_vs_Classic","WT",NA,NA,NA,NA,15,3,5,NA,NA
"BRCA","ELN","per_event_pairwise","WGD_vs_Classic","CNA_driver",NA,NA,NA,NA,15,0,7,NA,NA
"BRCA","ELN","per_event_pairwise","WGD_vs_Classic","CI_M",NA,NA,NA,NA,15,0,7,NA,NA
"BRCA","ELN","per_event_pairwise","WGD_vs_Classic","M",NA,NA,NA,NA,15,0,7,NA,NA
"BRCA","ELN","per_event_pairwise","WGD_vs_Classic","WT",NA,NA,NA,NA,15,0,7,NA,NA
"BRCA","ERBB2","global","Classic_vs_WGD",NA,1,NA,NA,NA,15,0,4,1,1
"BRCA","ERBB2","pairwise_all_events","WGD_vs_Classic",NA,1,NA,NA,NA,15,0,4,1,1
"BRCA","ERBB2","per_event_pairwise","WGD_vs_Classic","CNA_driver",1,Inf,0.006853125,Inf,15,0,4,1,1
"BRCA","ERBB2","per_event_pairwise","WGD_vs_Classic","CI_M",NA,NA,NA,NA,15,0,4,NA,NA
"BRCA","ERBB2","per_event_pairwise","WGD_vs_Classic","M",NA,NA,NA,NA,15,0,4,NA,NA
"BRCA","ERBB2","per_event_pairwise","WGD_vs_Classic","WT",1,0,0,145.918832649342,15,0,4,1,1
"BRCA","ERBB3","per_event_pairwise","WGD_vs_Classic","CNA_driver",NA,NA,NA,NA,19,0,3,NA,NA
"BRCA","ERBB3","per_event_pairwise","WGD_vs_Classic","CI_M",NA,NA,NA,NA,19,0,3,NA,NA
"BRCA","ERBB3","per_event_pairwise","WGD_vs_Classic","M",NA,NA,NA,NA,19,0,3,NA,NA
"BRCA","ERBB3","per_event_pairwise","WGD_vs_Classic","WT",NA,NA,NA,NA,19,0,3,NA,NA
"BRCA","ETV1","per_event_pairwise","WGD_vs_Classic","CNA_driver",NA,NA,NA,NA,17,0,9,NA,NA
"BRCA","ETV1","per_event_pairwise","WGD_vs_Classic","CI_M",NA,NA,NA,NA,17,0,9,NA,NA
"BRCA","ETV1","per_event_pairwise","WGD_vs_Classic","M",NA,NA,NA,NA,17,0,9,NA,NA
"BRCA","ETV1","per_event_pairwise","WGD_vs_Classic","WT",NA,NA,NA,NA,17,0,9,NA,NA
"BRCA","FAT1","per_event_pairwise","WGD_vs_Classic","CNA_driver",NA,NA,NA,NA,19,1,3,NA,NA
"BRCA","FAT1","per_event_pairwise","WGD_vs_Classic","CI_M",NA,NA,NA,NA,19,1,3,NA,NA
"BRCA","FAT1","per_event_pairwise","WGD_vs_Classic","M",NA,NA,NA,NA,19,1,3,NA,NA
"BRCA","FAT1","per_event_pairwise","WGD_vs_Classic","WT",NA,NA,NA,NA,19,1,3,NA,NA
"BRCA","FAT4","per_event_pairwise","WGD_vs_Classic","CNA_driver",NA,NA,NA,NA,19,1,3,NA,NA
"BRCA","FAT4","per_event_pairwise","WGD_vs_Classic","CI_M",NA,NA,NA,NA,19,1,3,NA,NA
"BRCA","FAT4","per_event_pairwise","WGD_vs_Classic","M",NA,NA,NA,NA,19,1,3,NA,NA
"BRCA","FAT4","per_event_pairwise","WGD_vs_Classic","WT",NA,NA,NA,NA,19,1,3,NA,NA
"BRCA","FBXW7","per_event_pairwise","WGD_vs_Classic","CNA_driver",NA,NA,NA,NA,19,2,3,NA,NA
"BRCA","FBXW7","per_event_pairwise","WGD_vs_Classic","CI_M",NA,NA,NA,NA,19,2,3,NA,NA
"BRCA","FBXW7","per_event_pairwise","WGD_vs_Classic","M",NA,NA,NA,NA,19,2,3,NA,NA
"BRCA","FBXW7","per_event_pairwise","WGD_vs_Classic","WT",NA,NA,NA,NA,19,2,3,NA,NA
"BRCA","FGFR2","per_event_pairwise","WGD_vs_Classic","CNA_driver",NA,NA,NA,NA,16,0,3,NA,NA
"BRCA","FGFR2","per_event_pairwise","WGD_vs_Classic","CI_M",NA,NA,NA,NA,16,0,3,NA,NA
"BRCA","FGFR2","per_event_pairwise","WGD_vs_Classic","M",NA,NA,NA,NA,16,0,3,NA,NA
"BRCA","FGFR2","per_event_pairwise","WGD_vs_Classic","WT",NA,NA,NA,NA,16,0,3,NA,NA
"BRCA","GATA3","global","Classic_vs_WGD",NA,0.000700280112044817,NA,NA,NA,13,1,5,0.0040266106442577,0.0038765506202481
"BRCA","GATA3","pairwise_all_events","WGD_vs_Classic",NA,0.000700280112044817,NA,NA,NA,13,1,5,0.00490196078431372,0.00562314478030018
"BRCA","GATA3","per_event_pairwise","WGD_vs_Classic","CNA_driver",NA,NA,NA,NA,13,1,5,NA,NA
"BRCA","GATA3","per_event_pairwise","WGD_vs_Classic","CI_M",NA,NA,NA,NA,13,1,5,NA,NA
"BRCA","GATA3","per_event_pairwise","WGD_vs_Classic","M",0.000700280112044818,0,0,0.27386526090197,13,1,5,0.00966386554621848,0.00699168556311413
"BRCA","GATA3","per_event_pairwise","WGD_vs_Classic","WT",0.000700280112044817,Inf,3.65143062214798,Inf,13,1,5,0.00966386554621848,0.00699168556311413
"BRCA","GNAS","global","Classic_vs_WGD",NA,0.304347826086957,NA,NA,NA,16,1,7,0.411764705882353,0.421195652173913
"BRCA","GNAS","pairwise_all_events","WGD_vs_Classic",NA,0.304347826086957,NA,NA,NA,16,1,7,0.42312177244711,0.502267271272339
"BRCA","GNAS","per_event_pairwise","WGD_vs_Classic","CNA_driver",NA,NA,NA,NA,16,1,7,NA,NA
"BRCA","GNAS","per_event_pairwise","WGD_vs_Classic","CI_M",NA,NA,NA,NA,16,1,7,NA,NA
"BRCA","GNAS","per_event_pairwise","WGD_vs_Classic","M",0.304347826086957,0,0,17.0625429902611,16,1,7,0.488372093023256,0.541541110632802
"BRCA","GNAS","per_event_pairwise","WGD_vs_Classic","WT",0.304347826086956,Inf,0.0586079109409877,Inf,16,1,7,0.488372093023256,0.541541110632802
"BRCA","HOXC13","per_event_pairwise","WGD_vs_Classic","CNA_driver",NA,NA,NA,NA,20,0,3,NA,NA
"BRCA","HOXC13","per_event_pairwise","WGD_vs_Classic","CI_M",NA,NA,NA,NA,20,0,3,NA,NA
"BRCA","HOXC13","per_event_pairwise","WGD_vs_Classic","M",NA,NA,NA,NA,20,0,3,NA,NA
"BRCA","HOXC13","per_event_pairwise","WGD_vs_Classic","WT",NA,NA,NA,NA,20,0,3,NA,NA
"BRCA","KMT2C","global","Classic_vs_WGD",NA,0.462450592885375,NA,NA,NA,17,0,6,0.590909090909091,0.582762942253928
"BRCA","KMT2C","pairwise_all_events","WGD_vs_Classic",NA,0.462450592885375,NA,NA,NA,17,0,6,0.588573481854114,0.661697922798755
"BRCA","KMT2C","per_event_pairwise","WGD_vs_Classic","CNA_driver",NA,NA,NA,NA,17,0,6,NA,NA
"BRCA","KMT2C","per_event_pairwise","WGD_vs_Classic","CI_M",NA,NA,NA,NA,17,0,6,NA,NA
"BRCA","KMT2C","per_event_pairwise","WGD_vs_Classic","M",0.462450592885376,0.332119951865142,0.00376130023649269,29.396415482298,17,0,6,0.678916827852998,0.716456706711579
"BRCA","KMT2C","per_event_pairwise","WGD_vs_Classic","WT",0.462450592885376,3.01096033039908,0.0340177529672683,265.865508500984,17,0,6,0.678916827852998,0.716456706711579
"BRCA","KMT2D","global","Classic_vs_WGD",NA,1,NA,NA,NA,20,0,4,1,1
"BRCA","KMT2D","pairwise_all_events","WGD_vs_Classic",NA,1,NA,NA,NA,20,0,4,1,1
"BRCA","KMT2D","per_event_pairwise","WGD_vs_Classic","CNA_driver",NA,NA,NA,NA,20,0,4,NA,NA
"BRCA","KMT2D","per_event_pairwise","WGD_vs_Classic","CI_M",NA,NA,NA,NA,20,0,4,NA,NA
"BRCA","KMT2D","per_event_pairwise","WGD_vs_Classic","M",1,Inf,0.00514375000000001,Inf,20,0,4,1,1
"BRCA","KMT2D","per_event_pairwise","WGD_vs_Classic","WT",1,0,0,194.410692588094,20,0,4,1,1
"BRCA","KRAS","per_event_pairwise","WGD_vs_Classic","CNA_driver",NA,NA,NA,NA,14,0,3,NA,NA
"BRCA","KRAS","per_event_pairwise","WGD_vs_Classic","CI_M",NA,NA,NA,NA,14,0,3,NA,NA
"BRCA","KRAS","per_event_pairwise","WGD_vs_Classic","M",NA,NA,NA,NA,14,0,3,NA,NA
"BRCA","KRAS","per_event_pairwise","WGD_vs_Classic","WT",NA,NA,NA,NA,14,0,3,NA,NA
"BRCA","MAP3K1","global","Classic_vs_WGD",NA,0.000499750124937531,NA,NA,NA,21,0,5,0.00383141762452107,0.00281677343146609
"BRCA","MAP3K1","pairwise_all_events","WGD_vs_Classic",NA,0.000999500249875062,NA,NA,NA,21,0,5,0.00559720139930035,0.00757367794975751
"BRCA","MAP3K1","per_event_pairwise","WGD_vs_Classic","CNA_driver",0.0307692307692308,0,0,1.13550541874639,21,0,5,0.132692307692308,0.127327935222672
"BRCA","MAP3K1","per_event_pairwise","WGD_vs_Classic","CI_M",NA,NA,NA,NA,21,0,5,NA,NA
"BRCA","MAP3K1","per_event_pairwise","WGD_vs_Classic","M",0.062420188507145,0.125490823914537,0.00731183873842972,1.55785334798152,21,0,5,0.224025974025974,0.21165659607005
"BRCA","MAP3K1","per_event_pairwise","WGD_vs_Classic","WT",0.000851322590453022,Inf,3.2019084481955,Inf,21,0,5,0.00979020979020975,0.00823818322146078
"BRCA","MECOM","global","Classic_vs_WGD",NA,1,NA,NA,NA,16,2,5,1,1
"BRCA","MECOM","pairwise_all_events","WGD_vs_Classic",NA,1,NA,NA,NA,16,2,5,1,1
"BRCA","MECOM","per_event_pairwise","WGD_vs_Classic","CNA_driver",1,Inf,0.00802832031250001,Inf,16,2,5,1,1
"BRCA","MECOM","per_event_pairwise","WGD_vs_Classic","CI_M",NA,NA,NA,NA,16,2,5,NA,NA
"BRCA","MECOM","per_event_pairwise","WGD_vs_Classic","M",NA,NA,NA,NA,16,2,5,NA,NA
"BRCA","MECOM","per_event_pairwise","WGD_vs_Classic","WT",1,0,0,124.559056075903,16,2,5,1,1
"BRCA","MYH11","per_event_pairwise","WGD_vs_Classic","CNA_driver",NA,NA,NA,NA,18,1,9,NA,NA
"BRCA","MYH11","per_event_pairwise","WGD_vs_Classic","CI_M",NA,NA,NA,NA,18,1,9,NA,NA
"BRCA","MYH11","per_event_pairwise","WGD_vs_Classic","M",NA,NA,NA,NA,18,1,9,NA,NA
"BRCA","MYH11","per_event_pairwise","WGD_vs_Classic","WT",NA,NA,NA,NA,18,1,9,NA,NA
"BRCA","NCOR1","global","Classic_vs_WGD",NA,0.00299850074962519,NA,NA,NA,16,0,3,0.0114942528735632,0.0102146728833385
"BRCA","NCOR1","pairwise_all_events","WGD_vs_Classic",NA,0.00349825087456272,NA,NA,NA,16,0,3,0.0163251707479594,0.0202371932313413
"BRCA","NCOR1","per_event_pairwise","WGD_vs_Classic","CNA_driver",0.00412796697626419,0,0,0.434884811447174,16,0,3,0.0284829721362229,0.0286905108074052
"BRCA","NCOR1","per_event_pairwise","WGD_vs_Classic","CI_M",NA,NA,NA,NA,16,0,3,NA,NA
"BRCA","NCOR1","per_event_pairwise","WGD_vs_Classic","M",1,Inf,0.00482324218750001,Inf,16,0,3,1,1
"BRCA","NCOR1","per_event_pairwise","WGD_vs_Classic","WT",0.0103199174406605,Inf,1.52516206384847,Inf,16,0,3,0.0563171855367862,0.0569405971068021
"BRCA","NCOR2","per_event_pairwise","WGD_vs_Classic","CNA_driver",NA,NA,NA,NA,15,1,3,NA,NA
"BRCA","NCOR2","per_event_pairwise","WGD_vs_Classic","CI_M",NA,NA,NA,NA,15,1,3,NA,NA
"BRCA","NCOR2","per_event_pairwise","WGD_vs_Classic","M",NA,NA,NA,NA,15,1,3,NA,NA
"BRCA","NCOR2","per_event_pairwise","WGD_vs_Classic","WT",NA,NA,NA,NA,15,1,3,NA,NA
"BRCA","NF1","global","Classic_vs_WGD",NA,0.502748625687156,NA,NA,NA,13,0,3,0.608590441621295,0.613590842374089
"BRCA","NF1","pairwise_all_events","WGD_vs_Classic",NA,0.48775612193903,NA,NA,NA,13,0,3,0.593790061490994,0.683729128014842
"BRCA","NF1","per_event_pairwise","WGD_vs_Classic","CNA_driver",1,Inf,0.00593269230769231,Inf,13,0,3,1,1
"BRCA","NF1","per_event_pairwise","WGD_vs_Classic","CI_M",NA,NA,NA,NA,13,0,3,NA,NA
"BRCA","NF1","per_event_pairwise","WGD_vs_Classic","M",0.35,0.196112376435347,0.00197537985129872,19.5766525602201,13,0,3,0.536666666666667,0.591006711409396
"BRCA","NF1","per_event_pairwise","WGD_vs_Classic","WT",0.489285714285714,2.54678944318704,0.0311767949642596,78.6539759301953,13,0,3,0.703348214285714,0.738639348568427
"BRCA","NOTCH1","global","Classic_vs_WGD",NA,0.176470588235294,NA,NA,NA,14,0,3,0.312217194570136,0.279111644657863
"BRCA","NOTCH1","pairwise_all_events","WGD_vs_Classic",NA,0.176470588235294,NA,NA,NA,14,0,3,0.338630684657671,0.365158371040724
"BRCA","NOTCH1","per_event_pairwise","WGD_vs_Classic","CNA_driver",NA,NA,NA,NA,14,0,3,NA,NA
"BRCA","NOTCH1","per_event_pairwise","WGD_vs_Classic","CI_M",NA,NA,NA,NA,14,0,3,NA,NA
"BRCA","NOTCH1","per_event_pairwise","WGD_vs_Classic","M",0.176470588235294,0,0,8.35714727464203,14,0,3,0.334327834327834,0.402173913043478
"BRCA","NOTCH1","per_event_pairwise","WGD_vs_Classic","WT",0.176470588235294,Inf,0.11965805640811,Inf,14,0,3,0.334327834327834,0.402173913043478
"BRCA","NOTCH2","global","Classic_vs_WGD",NA,0.135475051264525,NA,NA,NA,18,0,4,0.298701298701299,0.224584309582902
"BRCA","NOTCH2","pairwise_all_events","WGD_vs_Classic",NA,0.135475051264525,NA,NA,NA,18,0,4,0.307692307692308,0.30753408261736
"BRCA","NOTCH2","per_event_pairwise","WGD_vs_Classic","CNA_driver",NA,NA,NA,NA,18,0,4,NA,NA
"BRCA","NOTCH2","per_event_pairwise","WGD_vs_Classic","CI_M",NA,NA,NA,NA,18,0,4,NA,NA
"BRCA","NOTCH2","per_event_pairwise","WGD_vs_Classic","M",0.135475051264525,0.143952558760961,0.0062995165349153,2.97302572030359,18,0,4,0.308035714285714,0.347103084502592
"BRCA","NOTCH2","per_event_pairwise","WGD_vs_Classic","WT",0.135475051264525,6.94673306683306,0.336357668610377,158.742340695109,18,0,4,0.308035714285714,0.347103084502592
"BRCA","NTRK1","per_event_HM_vs_rest","HM_vs_rest","CNA_driver",NA,NA,NA,NA,9,3,12,NA,NA
"BRCA","NTRK1","per_event_HM_vs_rest","HM_vs_rest","CI_M",NA,NA,NA,NA,9,3,12,NA,NA
"BRCA","NTRK1","per_event_HM_vs_rest","HM_vs_rest","M",NA,NA,NA,NA,9,3,12,NA,NA
"BRCA","NTRK1","per_event_HM_vs_rest","HM_vs_rest","WT",NA,NA,NA,NA,9,3,12,NA,NA
"BRCA","NTRK1","per_event_pairwise","HM_vs_Classic","CNA_driver",NA,NA,NA,NA,9,3,12,NA,NA
"BRCA","NTRK1","per_event_pairwise","HM_vs_Classic","CI_M",NA,NA,NA,NA,9,3,12,NA,NA
"BRCA","NTRK1","per_event_pairwise","HM_vs_Classic","M",NA,NA,NA,NA,9,3,12,NA,NA
"BRCA","NTRK1","per_event_pairwise","HM_vs_Classic","WT",NA,NA,NA,NA,9,3,12,NA,NA
"BRCA","NTRK1","per_event_pairwise","HM_vs_WGD","CNA_driver",NA,NA,NA,NA,9,3,12,NA,NA
"BRCA","NTRK1","per_event_pairwise","HM_vs_WGD","CI_M",NA,NA,NA,NA,9,3,12,NA,NA
"BRCA","NTRK1","per_event_pairwise","HM_vs_WGD","M",NA,NA,NA,NA,9,3,12,NA,NA
"BRCA","NTRK1","per_event_pairwise","HM_vs_WGD","WT",NA,NA,NA,NA,9,3,12,NA,NA
"BRCA","NTRK1","per_event_pairwise","WGD_vs_Classic","CNA_driver",NA,NA,NA,NA,9,3,12,NA,NA
"BRCA","NTRK1","per_event_pairwise","WGD_vs_Classic","CI_M",NA,NA,NA,NA,9,3,12,NA,NA
"BRCA","NTRK1","per_event_pairwise","WGD_vs_Classic","M",NA,NA,NA,NA,9,3,12,NA,NA
"BRCA","NTRK1","per_event_pairwise","WGD_vs_Classic","WT",NA,NA,NA,NA,9,3,12,NA,NA
"BRCA","PIK3CA","global","Classic_vs_HM_vs_WGD",NA,0.00699650174912544,NA,NA,NA,18,4,12,0.0229885057471264,0.0216891554222889
"BRCA","PIK3CA","pairwise_all_events","HM_vs_Classic",NA,0.00949525237381309,NA,NA,NA,18,4,12,0.0379810094952524,0.0436619297189012
"BRCA","PIK3CA","pairwise_all_events","HM_vs_WGD",NA,0.223888055972014,NA,NA,NA,18,4,12,0.363818090954523,0.419986558444915
"BRCA","PIK3CA","pairwise_all_events","WGD_vs_Classic",NA,0.0189905047476262,NA,NA,NA,18,4,12,0.0590815703259481,0.0714467940854747
"BRCA","PIK3CA","per_event_HM_vs_rest","HM_vs_rest","CNA_driver",0.224598930481283,8.51254646696222,0.0925206792316332,777.350114015546,18,4,12,0.368663594470046,1
"BRCA","PIK3CA","per_event_HM_vs_rest","HM_vs_rest","CI_M",NA,NA,NA,NA,18,4,12,NA,NA
"BRCA","PIK3CA","per_event_HM_vs_rest","HM_vs_rest","M",0.105226841469726,0,0,1.590080038152,18,4,12,0.280604910585935,1
"BRCA","PIK3CA","per_event_HM_vs_rest","HM_vs_rest","WT",0.32258064516129,3.77405454549348,0.267155880838203,217.520193062101,18,4,12,0.368663594470046,1
"BRCA","PIK3CA","per_event_pairwise","HM_vs_Classic","CNA_driver",0.25,Inf,0.0769229687500001,Inf,18,4,12,0.43125,0.47869101978691
"BRCA","PIK3CA","per_event_pairwise","HM_vs_Classic","CI_M",NA,NA,NA,NA,18,4,12,NA,NA
"BRCA","PIK3CA","per_event_pairwise","HM_vs_Classic","M",0.00824175824175826,0,0,0.619470192795424,18,4,12,0.0516983016983018,0.0503307372239412
"BRCA","PIK3CA","per_event_pairwise","HM_vs_Classic","WT",0.0631868131868133,11.8057008694924,0.620463365996214,856.202024527109,18,4,12,0.224025974025974,0.211970695970696
"BRCA","PIK3CA","per_event_pairwise","HM_vs_WGD","CNA_driver",0.337662337662338,5.04986875370365,0.0542419302950271,467.892764893183,18,4,12,0.529515938606848,0.581474177246395
"BRCA","PIK3CA","per_event_pairwise","HM_vs_WGD","CI_M",NA,NA,NA,NA,18,4,12,NA,NA
"BRCA","PIK3CA","per_event_pairwise","HM_vs_WGD","M",0.54066985645933,0,0,4.11706165323908,18,4,12,0.746124401913876,0.771159500482809
"BRCA","PIK3CA","per_event_pairwise","HM_vs_WGD","WT",1,1.85731951252601,0.119045073270379,114.24345227117,18,4,12,1,1
"BRCA","PIK3CA","per_event_pairwise","WGD_vs_Classic","CNA_driver",1,Inf,0.017109375,Inf,18,4,12,1,1
"BRCA","PIK3CA","per_event_pairwise","WGD_vs_Classic","CI_M",NA,NA,NA,NA,18,4,12,NA,NA
"BRCA","PIK3CA","per_event_pairwise","WGD_vs_Classic","M",0.0106104842315684,0.109153530925811,0.0088872595368608,0.745620456533819,18,4,12,0.0563171855367862,0.0581139248430674
"BRCA","PIK3CA","per_event_pairwise","WGD_vs_Classic","WT",0.0255563947349634,7.29517595021446,1.08033205511316,88.380857149133,18,4,12,0.117559415780831,0.111631752002027
"BRCA","PLAG1","per_event_pairwise","WGD_vs_Classic","CNA_driver",NA,NA,NA,NA,9,1,7,NA,NA
"BRCA","PLAG1","per_event_pairwise","WGD_vs_Classic","CI_M",NA,NA,NA,NA,9,1,7,NA,NA
"BRCA","PLAG1","per_event_pairwise","WGD_vs_Classic","M",NA,NA,NA,NA,9,1,7,NA,NA
"BRCA","PLAG1","per_event_pairwise","WGD_vs_Classic","WT",NA,NA,NA,NA,9,1,7,NA,NA
"BRCA","PPM1D","per_event_HM_vs_rest","HM_vs_rest","CNA_driver",NA,NA,NA,NA,5,3,7,NA,NA
"BRCA","PPM1D","per_event_HM_vs_rest","HM_vs_rest","CI_M",NA,NA,NA,NA,5,3,7,NA,NA
"BRCA","PPM1D","per_event_HM_vs_rest","HM_vs_rest","M",NA,NA,NA,NA,5,3,7,NA,NA
"BRCA","PPM1D","per_event_HM_vs_rest","HM_vs_rest","WT",NA,NA,NA,NA,5,3,7,NA,NA
"BRCA","PPM1D","per_event_pairwise","HM_vs_Classic","CNA_driver",NA,NA,NA,NA,5,3,7,NA,NA
"BRCA","PPM1D","per_event_pairwise","HM_vs_Classic","CI_M",NA,NA,NA,NA,5,3,7,NA,NA
"BRCA","PPM1D","per_event_pairwise","HM_vs_Classic","M",NA,NA,NA,NA,5,3,7,NA,NA
"BRCA","PPM1D","per_event_pairwise","HM_vs_Classic","WT",NA,NA,NA,NA,5,3,7,NA,NA
"BRCA","PPM1D","per_event_pairwise","HM_vs_WGD","CNA_driver",NA,NA,NA,NA,5,3,7,NA,NA
"BRCA","PPM1D","per_event_pairwise","HM_vs_WGD","CI_M",NA,NA,NA,NA,5,3,7,NA,NA
"BRCA","PPM1D","per_event_pairwise","HM_vs_WGD","M",NA,NA,NA,NA,5,3,7,NA,NA
"BRCA","PPM1D","per_event_pairwise","HM_vs_WGD","WT",NA,NA,NA,NA,5,3,7,NA,NA
"BRCA","PPM1D","per_event_pairwise","WGD_vs_Classic","CNA_driver",NA,NA,NA,NA,5,3,7,NA,NA
"BRCA","PPM1D","per_event_pairwise","WGD_vs_Classic","CI_M",NA,NA,NA,NA,5,3,7,NA,NA
"BRCA","PPM1D","per_event_pairwise","WGD_vs_Classic","M",NA,NA,NA,NA,5,3,7,NA,NA
"BRCA","PPM1D","per_event_pairwise","WGD_vs_Classic","WT",NA,NA,NA,NA,5,3,7,NA,NA
"BRCA","PREX2","per_event_pairwise","WGD_vs_Classic","CNA_driver",NA,NA,NA,NA,7,0,7,NA,NA
"BRCA","PREX2","per_event_pairwise","WGD_vs_Classic","CI_M",NA,NA,NA,NA,7,0,7,NA,NA
"BRCA","PREX2","per_event_pairwise","WGD_vs_Classic","M",NA,NA,NA,NA,7,0,7,NA,NA
"BRCA","PREX2","per_event_pairwise","WGD_vs_Classic","WT",NA,NA,NA,NA,7,0,7,NA,NA
"BRCA","PTEN","global","Classic_vs_WGD",NA,0.0164917541229385,NA,NA,NA,16,0,3,0.0474137931034483,0.0429617124211004
"BRCA","PTEN","pairwise_all_events","WGD_vs_Classic",NA,0.0124937531234383,NA,NA,NA,16,0,3,0.043728135932034,0.0525128060969515
"BRCA","PTEN","per_event_pairwise","WGD_vs_Classic","CNA_driver",1,Inf,0.00482324218750001,Inf,16,0,3,1,1
"BRCA","PTEN","per_event_pairwise","WGD_vs_Classic","CI_M",NA,NA,NA,NA,16,0,3,NA,NA
"BRCA","PTEN","per_event_pairwise","WGD_vs_Classic","M",0.0175438596491228,0,0,0.80747965298165,16,0,3,0.0864661654135337,0.0845600591517106
"BRCA","PTEN","per_event_pairwise","WGD_vs_Classic","WT",0.0505675954592363,20.3823742927511,0.646393988682212,1840.77267018957,16,0,3,0.205244946275724,0.182275172171116
"BRCA","RB1","global","Classic_vs_WGD",NA,0.171414292853573,NA,NA,NA,19,2,5,0.312217194570136,0.272504773254398
"BRCA","RB1","pairwise_all_events","WGD_vs_Classic",NA,0.181409295352324,NA,NA,NA,19,2,5,0.338630684657671,0.370523415977962
"BRCA","RB1","per_event_pairwise","WGD_vs_Classic","CNA_driver",0.179277244494636,0.194856563816108,0.0100115567364237,3.63254613206644,19,2,5,0.334327834327834,0.403734718499456
"BRCA","RB1","per_event_pairwise","WGD_vs_Classic","CI_M",NA,NA,NA,NA,19,2,5,NA,NA
"BRCA","RB1","per_event_pairwise","WGD_vs_Classic","M",0.521245059288538,0.488207738166206,0.0201398302140653,34.6330126663046,19,2,5,0.73399814471243,0.75544502832371
"BRCA","RB1","per_event_pairwise","WGD_vs_Classic","WT",0.126482213438735,5.14382940793078,0.435149808063278,82.4674076348381,19,2,5,0.308035714285714,0.330799635147461
"BRCA","RGS7","per_event_pairwise","WGD_vs_Classic","CNA_driver",NA,NA,NA,NA,3,1,14,NA,NA
"BRCA","RGS7","per_event_pairwise","WGD_vs_Classic","CI_M",NA,NA,NA,NA,3,1,14,NA,NA
"BRCA","RGS7","per_event_pairwise","WGD_vs_Classic","M",NA,NA,NA,NA,3,1,14,NA,NA
"BRCA","RGS7","per_event_pairwise","WGD_vs_Classic","WT",NA,NA,NA,NA,3,1,14,NA,NA
"BRCA","SETDB1","per_event_pairwise","WGD_vs_Classic","CNA_driver",NA,NA,NA,NA,9,1,11,NA,NA
"BRCA","SETDB1","per_event_pairwise","WGD_vs_Classic","CI_M",NA,NA,NA,NA,9,1,11,NA,NA
"BRCA","SETDB1","per_event_pairwise","WGD_vs_Classic","M",NA,NA,NA,NA,9,1,11,NA,NA
"BRCA","SETDB1","per_event_pairwise","WGD_vs_Classic","WT",NA,NA,NA,NA,9,1,11,NA,NA
"BRCA","SMARCD1","per_event_pairwise","WGD_vs_Classic","CNA_driver",NA,NA,NA,NA,20,0,3,NA,NA
"BRCA","SMARCD1","per_event_pairwise","WGD_vs_Classic","CI_M",NA,NA,NA,NA,20,0,3,NA,NA
"BRCA","SMARCD1","per_event_pairwise","WGD_vs_Classic","M",NA,NA,NA,NA,20,0,3,NA,NA
"BRCA","SMARCD1","per_event_pairwise","WGD_vs_Classic","WT",NA,NA,NA,NA,20,0,3,NA,NA
"BRCA","TBL1XR1","per_event_pairwise","WGD_vs_Classic","CNA_driver",NA,NA,NA,NA,12,2,4,NA,NA
"BRCA","TBL1XR1","per_event_pairwise","WGD_vs_Classic","CI_M",NA,NA,NA,NA,12,2,4,NA,NA
"BRCA","TBL1XR1","per_event_pairwise","WGD_vs_Classic","M",NA,NA,NA,NA,12,2,4,NA,NA
"BRCA","TBL1XR1","per_event_pairwise","WGD_vs_Classic","WT",NA,NA,NA,NA,12,2,4,NA,NA
"BRCA","TBX3","global","Classic_vs_WGD",NA,0.210526315789474,NA,NA,NA,15,0,4,0.317528735632184,0.318356867779204
"BRCA","TBX3","pairwise_all_events","WGD_vs_Classic",NA,0.210526315789474,NA,NA,NA,15,0,4,0.363818090954523,0.401642403882046
"BRCA","TBX3","per_event_pairwise","WGD_vs_Classic","CNA_driver",NA,NA,NA,NA,15,0,4,NA,NA
"BRCA","TBX3","per_event_pairwise","WGD_vs_Classic","CI_M",NA,NA,NA,NA,15,0,4,NA,NA
"BRCA","TBX3","per_event_pairwise","WGD_vs_Classic","M",0.210526315789474,0,0,10.4000089740702,15,0,4,0.37246963562753,0.440669060338033
"BRCA","TBX3","per_event_pairwise","WGD_vs_Classic","WT",0.210526315789474,Inf,0.0961537631835934,Inf,15,0,4,0.37246963562753,0.440669060338033
"BRCA","TP53","global","Classic_vs_HM_vs_WGD",NA,0.190404797601199,NA,NA,NA,24,6,6,0.312807881773399,0.295127436281859
"BRCA","TP53","pairwise_all_events","HM_vs_WGD",NA,0.317341329335332,NA,NA,NA,24,6,6,0.42312177244711,0.518935061344708
"BRCA","TP53","pairwise_all_events","WGD_vs_Classic",NA,0.31384307846077,NA,NA,NA,24,6,6,0.42312177244711,0.51477919576797
"BRCA","TP53","per_event_HM_vs_rest","HM_vs_rest","CNA_driver",1,0,0,194.410692588092,24,6,6,1,1
"BRCA","TP53","per_event_HM_vs_rest","HM_vs_rest","CI_M",NA,NA,NA,NA,24,6,6,NA,NA
"BRCA","TP53","per_event_HM_vs_rest","HM_vs_rest","M",0.302610340323813,Inf,0.401890492901946,Inf,24,6,6,0.368663594470046,1
"BRCA","TP53","per_event_HM_vs_rest","HM_vs_rest","WT",0.302009660169053,0,0,2.97437067719694,24,6,6,0.368663594470046,1
"BRCA","TP53","per_event_pairwise","HM_vs_Classic","CNA_driver",NA,NA,NA,NA,24,6,6,NA,NA
"BRCA","TP53","per_event_pairwise","HM_vs_Classic","CI_M",NA,NA,NA,NA,24,6,6,NA,NA
"BRCA","TP53","per_event_pairwise","HM_vs_Classic","M",NA,NA,NA,NA,24,6,6,NA,NA
"BRCA","TP53","per_event_pairwise","HM_vs_Classic","WT",NA,NA,NA,NA,24,6,6,NA,NA
"BRCA","TP53","per_event_pairwise","HM_vs_WGD","CNA_driver",1,0,0,155.623100303951,24,6,6,1,1
"BRCA","TP53","per_event_pairwise","HM_vs_WGD","CI_M",NA,NA,NA,NA,24,6,6,NA,NA
"BRCA","TP53","per_event_pairwise","HM_vs_WGD","M",0.140548187444739,Inf,0.544350283894545,Inf,24,6,6,0.308035714285714,0.352380952380953
"BRCA","TP53","per_event_pairwise","HM_vs_WGD","WT",0.15501326259947,0,0,2.22820604482045,24,6,6,0.314585738804806,0.372150160973536
"BRCA","TP53","per_event_pairwise","WGD_vs_Classic","CNA_driver",1,Inf,0.00642578125,Inf,24,6,6,1,1
"BRCA","TP53","per_event_pairwise","WGD_vs_Classic","CI_M",NA,NA,NA,NA,24,6,6,NA,NA
"BRCA","TP53","per_event_pairwise","WGD_vs_Classic","M",0.140548187444739,0,0,1.8370524083234,24,6,6,0.308035714285714,0.352380952380953
"BRCA","TP53","per_event_pairwise","WGD_vs_Classic","WT",0.15501326259947,Inf,0.448791529995413,Inf,24,6,6,0.314585738804806,0.372150160973536
"BRCA","UBR5","per_event_pairwise","WGD_vs_Classic","CNA_driver",NA,NA,NA,NA,5,0,13,NA,NA
"BRCA","UBR5","per_event_pairwise","WGD_vs_Classic","CI_M",NA,NA,NA,NA,5,0,13,NA,NA
"BRCA","UBR5","per_event_pairwise","WGD_vs_Classic","M",NA,NA,NA,NA,5,0,13,NA,NA
"BRCA","UBR5","per_event_pairwise","WGD_vs_Classic","WT",NA,NA,NA,NA,5,0,13,NA,NA
"CCRCC","AKAP9","per_event_HM_vs_rest","HM_vs_rest","CNA_driver",NA,NA,NA,NA,4,3,8,NA,NA
"CCRCC","AKAP9","per_event_HM_vs_rest","HM_vs_rest","CI_M",NA,NA,NA,NA,4,3,8,NA,NA
"CCRCC","AKAP9","per_event_HM_vs_rest","HM_vs_rest","M",NA,NA,NA,NA,4,3,8,NA,NA
"CCRCC","AKAP9","per_event_HM_vs_rest","HM_vs_rest","WT",NA,NA,NA,NA,4,3,8,NA,NA
"CCRCC","AKAP9","per_event_pairwise","HM_vs_Classic","CNA_driver",NA,NA,NA,NA,4,3,8,NA,NA
"CCRCC","AKAP9","per_event_pairwise","HM_vs_Classic","CI_M",NA,NA,NA,NA,4,3,8,NA,NA
"CCRCC","AKAP9","per_event_pairwise","HM_vs_Classic","M",NA,NA,NA,NA,4,3,8,NA,NA
"CCRCC","AKAP9","per_event_pairwise","HM_vs_Classic","WT",NA,NA,NA,NA,4,3,8,NA,NA
"CCRCC","AKAP9","per_event_pairwise","HM_vs_WGD","CNA_driver",NA,NA,NA,NA,4,3,8,NA,NA
"CCRCC","AKAP9","per_event_pairwise","HM_vs_WGD","CI_M",NA,NA,NA,NA,4,3,8,NA,NA
"CCRCC","AKAP9","per_event_pairwise","HM_vs_WGD","M",NA,NA,NA,NA,4,3,8,NA,NA
"CCRCC","AKAP9","per_event_pairwise","HM_vs_WGD","WT",NA,NA,NA,NA,4,3,8,NA,NA
"CCRCC","AKAP9","per_event_pairwise","WGD_vs_Classic","CNA_driver",NA,NA,NA,NA,4,3,8,NA,NA
"CCRCC","AKAP9","per_event_pairwise","WGD_vs_Classic","CI_M",NA,NA,NA,NA,4,3,8,NA,NA
"CCRCC","AKAP9","per_event_pairwise","WGD_vs_Classic","M",NA,NA,NA,NA,4,3,8,NA,NA
"CCRCC","AKAP9","per_event_pairwise","WGD_vs_Classic","WT",NA,NA,NA,NA,4,3,8,NA,NA
"CCRCC","ARHGAP35","global","Classic_vs_HM_vs_WGD",NA,0.00249875062468766,NA,NA,NA,5,3,4,0.0174912543728136,0.00880241697333152
"CCRCC","ARHGAP35","pairwise_all_events","HM_vs_Classic",NA,0.0285714285714286,NA,NA,NA,5,3,4,0.0599700149925037,0.101532979082321
"CCRCC","ARHGAP35","pairwise_all_events","WGD_vs_Classic",NA,0.00793650793650794,NA,NA,NA,5,3,4,0.0599700149925037,0.0387553970762367
"CCRCC","ARHGAP35","per_event_HM_vs_rest","HM_vs_rest","CNA_driver",NA,NA,NA,NA,5,3,4,NA,NA
"CCRCC","ARHGAP35","per_event_HM_vs_rest","HM_vs_rest","CI_M",NA,NA,NA,NA,5,3,4,NA,NA
"CCRCC","ARHGAP35","per_event_HM_vs_rest","HM_vs_rest","M",0.490909090909091,0,0,4.91393359113287,5,3,4,0.930833477085849,1
"CCRCC","ARHGAP35","per_event_HM_vs_rest","HM_vs_rest","WT",0.490909090909091,Inf,0.203502953683478,Inf,5,3,4,0.930833477085849,1
"CCRCC","ARHGAP35","per_event_pairwise","HM_vs_Classic","CNA_driver",NA,NA,NA,NA,5,3,4,NA,NA
"CCRCC","ARHGAP35","per_event_pairwise","HM_vs_Classic","CI_M",NA,NA,NA,NA,5,3,4,NA,NA
"CCRCC","ARHGAP35","per_event_pairwise","HM_vs_Classic","M",0.0285714285714286,0,0,1.08009055055785,5,3,4,0.0793650793650793,0.121096842195836
"CCRCC","ARHGAP35","per_event_pairwise","HM_vs_Classic","WT",0.0285714285714286,Inf,0.925848299925889,Inf,5,3,4,0.0793650793650793,0.121096842195836
"CCRCC","ARHGAP35","per_event_pairwise","HM_vs_WGD","CNA_driver",NA,NA,NA,NA,5,3,4,NA,NA
"CCRCC","ARHGAP35","per_event_pairwise","HM_vs_WGD","CI_M",NA,NA,NA,NA,5,3,4,NA,NA
"CCRCC","ARHGAP35","per_event_pairwise","HM_vs_WGD","M",NA,NA,NA,NA,5,3,4,NA,NA
"CCRCC","ARHGAP35","per_event_pairwise","HM_vs_WGD","WT",NA,NA,NA,NA,5,3,4,NA,NA
"CCRCC","ARHGAP35","per_event_pairwise","WGD_vs_Classic","CNA_driver",NA,NA,NA,NA,5,3,4,NA,NA
"CCRCC","ARHGAP35","per_event_pairwise","WGD_vs_Classic","CI_M",NA,NA,NA,NA,5,3,4,NA,NA
"CCRCC","ARHGAP35","per_event_pairwise","WGD_vs_Classic","M",0.00793650793650794,0,0,0.571314063301162,5,3,4,0.0793650793650793,0.048703058459156
"CCRCC","ARHGAP35","per_event_pairwise","WGD_vs_Classic","WT",0.00793650793650794,Inf,1.750350751427,Inf,5,3,4,0.0793650793650793,0.048703058459156
"CCRCC","ASXL1","per_event_HM_vs_rest","HM_vs_rest","CNA_driver",NA,NA,NA,NA,4,4,0,NA,NA
"CCRCC","ASXL1","per_event_HM_vs_rest","HM_vs_rest","CI_M",NA,NA,NA,NA,4,4,0,NA,NA
"CCRCC","ASXL1","per_event_HM_vs_rest","HM_vs_rest","M",NA,NA,NA,NA,4,4,0,NA,NA
"CCRCC","ASXL1","per_event_HM_vs_rest","HM_vs_rest","WT",NA,NA,NA,NA,4,4,0,NA,NA
"CCRCC","ASXL1","per_event_pairwise","HM_vs_WGD","CNA_driver",NA,NA,NA,NA,4,4,0,NA,NA
"CCRCC","ASXL1","per_event_pairwise","HM_vs_WGD","CI_M",NA,NA,NA,NA,4,4,0,NA,NA
"CCRCC","ASXL1","per_event_pairwise","HM_vs_WGD","M",NA,NA,NA,NA,4,4,0,NA,NA
"CCRCC","ASXL1","per_event_pairwise","HM_vs_WGD","WT",NA,NA,NA,NA,4,4,0,NA,NA
"CCRCC","ATM","global","Classic_vs_WGD",NA,0.0285714285714286,NA,NA,NA,4,2,3,0.05,0.0681318681318681
"CCRCC","ATM","pairwise_all_events","WGD_vs_Classic",NA,0.0285714285714286,NA,NA,NA,4,2,3,0.0599700149925037,0.101532979082321
"CCRCC","ATM","per_event_pairwise","WGD_vs_Classic","CNA_driver",NA,NA,NA,NA,4,2,3,NA,NA
"CCRCC","ATM","per_event_pairwise","WGD_vs_Classic","CI_M",NA,NA,NA,NA,4,2,3,NA,NA
"CCRCC","ATM","per_event_pairwise","WGD_vs_Classic","M",0.0285714285714286,0,0,1.08009055055785,4,2,3,0.0793650793650793,0.121096842195836
"CCRCC","ATM","per_event_pairwise","WGD_vs_Classic","WT",0.0285714285714286,Inf,0.925848299925889,Inf,4,2,3,0.0793650793650793,0.121096842195836
"CCRCC","BAP1","global","Classic_vs_WGD",NA,0.024487756121939,NA,NA,NA,5,0,6,0.05,0.0593062843578211
"CCRCC","BAP1","pairwise_all_events","WGD_vs_Classic",NA,0.0299850074962519,NA,NA,NA,5,0,6,0.0599700149925037,0.104752818395997
"CCRCC","BAP1","per_event_pairwise","WGD_vs_Classic","CNA_driver",1,0,0,46.7665327000365,5,0,6,1,1
"CCRCC","BAP1","per_event_pairwise","WGD_vs_Classic","CI_M",NA,NA,NA,NA,5,0,6,NA,NA
"CCRCC","BAP1","per_event_pairwise","WGD_vs_Classic","M",0.0800865800865801,0.0743347526548088,0.000861781393863978,1.6630360702084,5,0,6,0.20021645021645,0.243455829518658
"CCRCC","BAP1","per_event_pairwise","WGD_vs_Classic","WT",0.0151515151515151,Inf,1.26944084361774,Inf,5,0,6,0.0793650793650793,0.0749788910779623
"CCRCC","CHD4","per_event_HM_vs_rest","HM_vs_rest","CNA_driver",NA,NA,NA,NA,4,3,2,NA,NA
"CCRCC","CHD4","per_event_HM_vs_rest","HM_vs_rest","CI_M",NA,NA,NA,NA,4,3,2,NA,NA
"CCRCC","CHD4","per_event_HM_vs_rest","HM_vs_rest","M",NA,NA,NA,NA,4,3,2,NA,NA
"CCRCC","CHD4","per_event_HM_vs_rest","HM_vs_rest","WT",NA,NA,NA,NA,4,3,2,NA,NA
"CCRCC","CHD4","per_event_pairwise","HM_vs_WGD","CNA_driver",NA,NA,NA,NA,4,3,2,NA,NA
"CCRCC","CHD4","per_event_pairwise","HM_vs_WGD","CI_M",NA,NA,NA,NA,4,3,2,NA,NA
"CCRCC","CHD4","per_event_pairwise","HM_vs_WGD","M",NA,NA,NA,NA,4,3,2,NA,NA
"CCRCC","CHD4","per_event_pairwise","HM_vs_WGD","WT",NA,NA,NA,NA,4,3,2,NA,NA
"CCRCC","CREBBP","per_event_HM_vs_rest","HM_vs_rest","CNA_driver",NA,NA,NA,NA,3,4,1,NA,NA
"CCRCC","CREBBP","per_event_HM_vs_rest","HM_vs_rest","CI_M",NA,NA,NA,NA,3,4,1,NA,NA
"CCRCC","CREBBP","per_event_HM_vs_rest","HM_vs_rest","M",NA,NA,NA,NA,3,4,1,NA,NA
"CCRCC","CREBBP","per_event_HM_vs_rest","HM_vs_rest","WT",NA,NA,NA,NA,3,4,1,NA,NA
"CCRCC","CREBBP","per_event_pairwise","HM_vs_WGD","CNA_driver",NA,NA,NA,NA,3,4,1,NA,NA
"CCRCC","CREBBP","per_event_pairwise","HM_vs_WGD","CI_M",NA,NA,NA,NA,3,4,1,NA,NA
"CCRCC","CREBBP","per_event_pairwise","HM_vs_WGD","M",NA,NA,NA,NA,3,4,1,NA,NA
"CCRCC","CREBBP","per_event_pairwise","HM_vs_WGD","WT",NA,NA,NA,NA,3,4,1,NA,NA
"CCRCC","KMT2C","per_event_HM_vs_rest","HM_vs_rest","CNA_driver",NA,NA,NA,NA,4,3,8,NA,NA
"CCRCC","KMT2C","per_event_HM_vs_rest","HM_vs_rest","CI_M",NA,NA,NA,NA,4,3,8,NA,NA
"CCRCC","KMT2C","per_event_HM_vs_rest","HM_vs_rest","M",NA,NA,NA,NA,4,3,8,NA,NA
"CCRCC","KMT2C","per_event_HM_vs_rest","HM_vs_rest","WT",NA,NA,NA,NA,4,3,8,NA,NA
"CCRCC","KMT2C","per_event_pairwise","HM_vs_Classic","CNA_driver",NA,NA,NA,NA,4,3,8,NA,NA
"CCRCC","KMT2C","per_event_pairwise","HM_vs_Classic","CI_M",NA,NA,NA,NA,4,3,8,NA,NA
"CCRCC","KMT2C","per_event_pairwise","HM_vs_Classic","M",NA,NA,NA,NA,4,3,8,NA,NA
"CCRCC","KMT2C","per_event_pairwise","HM_vs_Classic","WT",NA,NA,NA,NA,4,3,8,NA,NA
"CCRCC","KMT2C","per_event_pairwise","HM_vs_WGD","CNA_driver",NA,NA,NA,NA,4,3,8,NA,NA
"CCRCC","KMT2C","per_event_pairwise","HM_vs_WGD","CI_M",NA,NA,NA,NA,4,3,8,NA,NA
"CCRCC","KMT2C","per_event_pairwise","HM_vs_WGD","M",NA,NA,NA,NA,4,3,8,NA,NA
"CCRCC","KMT2C","per_event_pairwise","HM_vs_WGD","WT",NA,NA,NA,NA,4,3,8,NA,NA
"CCRCC","KMT2C","per_event_pairwise","WGD_vs_Classic","CNA_driver",NA,NA,NA,NA,4,3,8,NA,NA
"CCRCC","KMT2C","per_event_pairwise","WGD_vs_Classic","CI_M",NA,NA,NA,NA,4,3,8,NA,NA
"CCRCC","KMT2C","per_event_pairwise","WGD_vs_Classic","M",NA,NA,NA,NA,4,3,8,NA,NA
"CCRCC","KMT2C","per_event_pairwise","WGD_vs_Classic","WT",NA,NA,NA,NA,4,3,8,NA,NA
"CCRCC","KMT2D","per_event_HM_vs_rest","HM_vs_rest","CNA_driver",NA,NA,NA,NA,4,3,2,NA,NA
"CCRCC","KMT2D","per_event_HM_vs_rest","HM_vs_rest","CI_M",NA,NA,NA,NA,4,3,2,NA,NA
"CCRCC","KMT2D","per_event_HM_vs_rest","HM_vs_rest","M",NA,NA,NA,NA,4,3,2,NA,NA
"CCRCC","KMT2D","per_event_HM_vs_rest","HM_vs_rest","WT",NA,NA,NA,NA,4,3,2,NA,NA
"CCRCC","KMT2D","per_event_pairwise","HM_vs_WGD","CNA_driver",NA,NA,NA,NA,4,3,2,NA,NA
"CCRCC","KMT2D","per_event_pairwise","HM_vs_WGD","CI_M",NA,NA,NA,NA,4,3,2,NA,NA
"CCRCC","KMT2D","per_event_pairwise","HM_vs_WGD","M",NA,NA,NA,NA,4,3,2,NA,NA
"CCRCC","KMT2D","per_event_pairwise","HM_vs_WGD","WT",NA,NA,NA,NA,4,3,2,NA,NA
"CCRCC","MAP3K1","per_event_HM_vs_rest","HM_vs_rest","CNA_driver",NA,NA,NA,NA,5,3,7,NA,NA
"CCRCC","MAP3K1","per_event_HM_vs_rest","HM_vs_rest","CI_M",NA,NA,NA,NA,5,3,7,NA,NA
"CCRCC","MAP3K1","per_event_HM_vs_rest","HM_vs_rest","M",NA,NA,NA,NA,5,3,7,NA,NA
"CCRCC","MAP3K1","per_event_HM_vs_rest","HM_vs_rest","WT",NA,NA,NA,NA,5,3,7,NA,NA
"CCRCC","MAP3K1","per_event_pairwise","HM_vs_Classic","CNA_driver",NA,NA,NA,NA,5,3,7,NA,NA
"CCRCC","MAP3K1","per_event_pairwise","HM_vs_Classic","CI_M",NA,NA,NA,NA,5,3,7,NA,NA
"CCRCC","MAP3K1","per_event_pairwise","HM_vs_Classic","M",NA,NA,NA,NA,5,3,7,NA,NA
"CCRCC","MAP3K1","per_event_pairwise","HM_vs_Classic","WT",NA,NA,NA,NA,5,3,7,NA,NA
"CCRCC","MAP3K1","per_event_pairwise","HM_vs_WGD","CNA_driver",NA,NA,NA,NA,5,3,7,NA,NA
"CCRCC","MAP3K1","per_event_pairwise","HM_vs_WGD","CI_M",NA,NA,NA,NA,5,3,7,NA,NA
"CCRCC","MAP3K1","per_event_pairwise","HM_vs_WGD","M",NA,NA,NA,NA,5,3,7,NA,NA
"CCRCC","MAP3K1","per_event_pairwise","HM_vs_WGD","WT",NA,NA,NA,NA,5,3,7,NA,NA
"CCRCC","MAP3K1","per_event_pairwise","WGD_vs_Classic","CNA_driver",NA,NA,NA,NA,5,3,7,NA,NA
"CCRCC","MAP3K1","per_event_pairwise","WGD_vs_Classic","CI_M",NA,NA,NA,NA,5,3,7,NA,NA
"CCRCC","MAP3K1","per_event_pairwise","WGD_vs_Classic","M",NA,NA,NA,NA,5,3,7,NA,NA
"CCRCC","MAP3K1","per_event_pairwise","WGD_vs_Classic","WT",NA,NA,NA,NA,5,3,7,NA,NA
"CCRCC","MET","per_event_HM_vs_rest","HM_vs_rest","CNA_driver",NA,NA,NA,NA,4,3,8,NA,NA
"CCRCC","MET","per_event_HM_vs_rest","HM_vs_rest","CI_M",NA,NA,NA,NA,4,3,8,NA,NA
"CCRCC","MET","per_event_HM_vs_rest","HM_vs_rest","M",NA,NA,NA,NA,4,3,8,NA,NA
"CCRCC","MET","per_event_HM_vs_rest","HM_vs_rest","WT",NA,NA,NA,NA,4,3,8,NA,NA
"CCRCC","MET","per_event_pairwise","HM_vs_Classic","CNA_driver",NA,NA,NA,NA,4,3,8,NA,NA
"CCRCC","MET","per_event_pairwise","HM_vs_Classic","CI_M",NA,NA,NA,NA,4,3,8,NA,NA
"CCRCC","MET","per_event_pairwise","HM_vs_Classic","M",NA,NA,NA,NA,4,3,8,NA,NA
"CCRCC","MET","per_event_pairwise","HM_vs_Classic","WT",NA,NA,NA,NA,4,3,8,NA,NA
"CCRCC","MET","per_event_pairwise","HM_vs_WGD","CNA_driver",NA,NA,NA,NA,4,3,8,NA,NA
"CCRCC","MET","per_event_pairwise","HM_vs_WGD","CI_M",NA,NA,NA,NA,4,3,8,NA,NA
"CCRCC","MET","per_event_pairwise","HM_vs_WGD","M",NA,NA,NA,NA,4,3,8,NA,NA
"CCRCC","MET","per_event_pairwise","HM_vs_WGD","WT",NA,NA,NA,NA,4,3,8,NA,NA
"CCRCC","MET","per_event_pairwise","WGD_vs_Classic","CNA_driver",NA,NA,NA,NA,4,3,8,NA,NA
"CCRCC","MET","per_event_pairwise","WGD_vs_Classic","CI_M",NA,NA,NA,NA,4,3,8,NA,NA
"CCRCC","MET","per_event_pairwise","WGD_vs_Classic","M",NA,NA,NA,NA,4,3,8,NA,NA
"CCRCC","MET","per_event_pairwise","WGD_vs_Classic","WT",NA,NA,NA,NA,4,3,8,NA,NA
"CCRCC","PBRM1","global","Classic_vs_WGD",NA,0.230384807596202,NA,NA,NA,4,2,19,0.322538730634683,0.340091858832489
"CCRCC","PBRM1","pairwise_all_events","WGD_vs_Classic",NA,0.226386806596702,NA,NA,NA,4,2,19,0.323409723709574,0.419986558444915
"CCRCC","PBRM1","per_event_pairwise","WGD_vs_Classic","CNA_driver",1,0,0,13.1468096959904,4,2,19,1,1
"CCRCC","PBRM1","per_event_pairwise","WGD_vs_Classic","CI_M",NA,NA,NA,NA,4,2,19,NA,NA
"CCRCC","PBRM1","per_event_pairwise","WGD_vs_Classic","M",1,0.578630209270244,0.0299715496593727,39.263576699024,4,2,19,1,1
"CCRCC","PBRM1","per_event_pairwise","WGD_vs_Classic","WT",0.173913043478261,Inf,0.121794809955798,Inf,4,2,19,0.36231884057971,0.401435979258078
"CCRCC","PIK3CA","per_event_pairwise","WGD_vs_Classic","CNA_driver",NA,NA,NA,NA,4,2,4,NA,NA
"CCRCC","PIK3CA","per_event_pairwise","WGD_vs_Classic","CI_M",NA,NA,NA,NA,4,2,4,NA,NA
"CCRCC","PIK3CA","per_event_pairwise","WGD_vs_Classic","M",NA,NA,NA,NA,4,2,4,NA,NA
"CCRCC","PIK3CA","per_event_pairwise","WGD_vs_Classic","WT",NA,NA,NA,NA,4,2,4,NA,NA
"CCRCC","SETD2","global","Classic_vs_WGD",NA,0.439780109945027,NA,NA,NA,4,2,4,0.439780109945027,0.558737024930158
"CCRCC","SETD2","pairwise_all_events","WGD_vs_Classic",NA,0.418290854572714,NA,NA,NA,4,2,4,0.522863568215892,0.623380830360443
"CCRCC","SETD2","per_event_pairwise","WGD_vs_Classic","CNA_driver",1,0,0,39.0005499686929,4,2,4,1,1
"CCRCC","SETD2","per_event_pairwise","WGD_vs_Classic","CI_M",NA,NA,NA,NA,4,2,4,NA,NA
"CCRCC","SETD2","per_event_pairwise","WGD_vs_Classic","M",1,0.384366590625226,0.00426528630574042,12.6894171568585,4,2,4,1,1
"CCRCC","SETD2","per_event_pairwise","WGD_vs_Classic","WT",0.428571428571429,Inf,0.197895127720622,Inf,4,2,4,0.793650793650794,0.67902123065851
"CCRCC","SMARCA4","per_event_HM_vs_rest","HM_vs_rest","CNA_driver",NA,NA,NA,NA,5,3,0,NA,NA
"CCRCC","SMARCA4","per_event_HM_vs_rest","HM_vs_rest","CI_M",NA,NA,NA,NA,5,3,0,NA,NA
"CCRCC","SMARCA4","per_event_HM_vs_rest","HM_vs_rest","M",NA,NA,NA,NA,5,3,0,NA,NA
"CCRCC","SMARCA4","per_event_HM_vs_rest","HM_vs_rest","WT",NA,NA,NA,NA,5,3,0,NA,NA
"CCRCC","SMARCA4","per_event_pairwise","HM_vs_WGD","CNA_driver",NA,NA,NA,NA,5,3,0,NA,NA
"CCRCC","SMARCA4","per_event_pairwise","HM_vs_WGD","CI_M",NA,NA,NA,NA,5,3,0,NA,NA
"CCRCC","SMARCA4","per_event_pairwise","HM_vs_WGD","M",NA,NA,NA,NA,5,3,0,NA,NA
"CCRCC","SMARCA4","per_event_pairwise","HM_vs_WGD","WT",NA,NA,NA,NA,5,3,0,NA,NA
"CCRCC","TP53","global","Classic_vs_WGD",NA,0.0178571428571428,NA,NA,NA,5,0,3,0.05,0.0461309523809524
"CCRCC","TP53","pairwise_all_events","WGD_vs_Classic",NA,0.0178571428571428,NA,NA,NA,5,0,3,0.0599700149925037,0.0691161356628982
"CCRCC","TP53","per_event_pairwise","WGD_vs_Classic","CNA_driver",NA,NA,NA,NA,5,0,3,NA,NA
"CCRCC","TP53","per_event_pairwise","WGD_vs_Classic","CI_M",NA,NA,NA,NA,5,0,3,NA,NA
"CCRCC","TP53","per_event_pairwise","WGD_vs_Classic","M",0.0178571428571428,0,0,0.831937677676195,5,0,3,0.0793650793650793,0.0854155350353069
"CCRCC","TP53","per_event_pairwise","WGD_vs_Classic","WT",0.0178571428571428,Inf,1.20201311568583,Inf,5,0,3,0.0793650793650793,0.0854155350353069
"CCRCC","TRRAP","per_event_HM_vs_rest","HM_vs_rest","CNA_driver",NA,NA,NA,NA,4,3,8,NA,NA
"CCRCC","TRRAP","per_event_HM_vs_rest","HM_vs_rest","CI_M",NA,NA,NA,NA,4,3,8,NA,NA
"CCRCC","TRRAP","per_event_HM_vs_rest","HM_vs_rest","M",NA,NA,NA,NA,4,3,8,NA,NA
"CCRCC","TRRAP","per_event_HM_vs_rest","HM_vs_rest","WT",NA,NA,NA,NA,4,3,8,NA,NA
"CCRCC","TRRAP","per_event_pairwise","HM_vs_Classic","CNA_driver",NA,NA,NA,NA,4,3,8,NA,NA
"CCRCC","TRRAP","per_event_pairwise","HM_vs_Classic","CI_M",NA,NA,NA,NA,4,3,8,NA,NA
"CCRCC","TRRAP","per_event_pairwise","HM_vs_Classic","M",NA,NA,NA,NA,4,3,8,NA,NA
"CCRCC","TRRAP","per_event_pairwise","HM_vs_Classic","WT",NA,NA,NA,NA,4,3,8,NA,NA
"CCRCC","TRRAP","per_event_pairwise","HM_vs_WGD","CNA_driver",NA,NA,NA,NA,4,3,8,NA,NA
"CCRCC","TRRAP","per_event_pairwise","HM_vs_WGD","CI_M",NA,NA,NA,NA,4,3,8,NA,NA
"CCRCC","TRRAP","per_event_pairwise","HM_vs_WGD","M",NA,NA,NA,NA,4,3,8,NA,NA
"CCRCC","TRRAP","per_event_pairwise","HM_vs_WGD","WT",NA,NA,NA,NA,4,3,8,NA,NA
"CCRCC","TRRAP","per_event_pairwise","WGD_vs_Classic","CNA_driver",NA,NA,NA,NA,4,3,8,NA,NA
"CCRCC","TRRAP","per_event_pairwise","WGD_vs_Classic","CI_M",NA,NA,NA,NA,4,3,8,NA,NA
"CCRCC","TRRAP","per_event_pairwise","WGD_vs_Classic","M",NA,NA,NA,NA,4,3,8,NA,NA
"CCRCC","TRRAP","per_event_pairwise","WGD_vs_Classic","WT",NA,NA,NA,NA,4,3,8,NA,NA
"CCRCC","VHL","global","Classic_vs_HM_vs_WGD",NA,0.312843578210895,NA,NA,NA,5,4,25,0.364984174579377,0.429961230838325
"CCRCC","VHL","pairwise_all_events","HM_vs_Classic",NA,1,NA,NA,NA,5,4,25,1,1
"CCRCC","VHL","pairwise_all_events","HM_vs_WGD",NA,1,NA,NA,NA,5,4,25,1,1
"CCRCC","VHL","pairwise_all_events","WGD_vs_Classic",NA,0.193903048475762,NA,NA,NA,5,4,25,0.323171747459604,0.383190883190883
"CCRCC","VHL","per_event_HM_vs_rest","HM_vs_rest","CNA_driver",0.55850008625151,1.63856084784874,0.0265061269944018,26.1166426601036,5,4,25,0.930833477085849,1
"CCRCC","VHL","per_event_HM_vs_rest","HM_vs_rest","CI_M",NA,NA,NA,NA,5,4,25,NA,NA
"CCRCC","VHL","per_event_HM_vs_rest","HM_vs_rest","M",1,0.756799800075582,0.0492590189679282,45.8583819079686,5,4,25,1,1
"CCRCC","VHL","per_event_HM_vs_rest","HM_vs_rest","WT",1,0,0,291.173794358508,5,4,25,1,1
"CCRCC","VHL","per_event_pairwise","HM_vs_Classic","CNA_driver",1,1.31934361349931,0.0212063942718701,21.2030828813257,5,4,25,1,1
"CCRCC","VHL","per_event_pairwise","HM_vs_Classic","CI_M",NA,NA,NA,NA,5,4,25,NA,NA
"CCRCC","VHL","per_event_pairwise","HM_vs_Classic","M",1,0.757952659010254,0.0471629529345817,47.1555884126178,5,4,25,1,1
"CCRCC","VHL","per_event_pairwise","HM_vs_Classic","WT",NA,NA,NA,NA,5,4,25,NA,NA
"CCRCC","VHL","per_event_pairwise","HM_vs_WGD","CNA_driver",0.444444444444445,Inf,0.0320509965820313,Inf,5,4,25,0.793650793650794,0.698888888888889
"CCRCC","VHL","per_event_pairwise","HM_vs_WGD","CI_M",NA,NA,NA,NA,5,4,25,NA,NA
"CCRCC","VHL","per_event_pairwise","HM_vs_WGD","M",1,0.774603754137427,0.00767308091218327,78.2381966219507,5,4,25,1,1
"CCRCC","VHL","per_event_pairwise","HM_vs_WGD","WT",1,0,0,48.7136550464301,5,4,25,1,1
"CCRCC","VHL","per_event_pairwise","WGD_vs_Classic","CNA_driver",0.55615903891766,0,0,6.05865310432765,5,4,25,0.926931731529433,0.782751668520579
"CCRCC","VHL","per_event_pairwise","WGD_vs_Classic","CI_M",NA,NA,NA,NA,5,4,25,NA,NA
"CCRCC","VHL","per_event_pairwise","WGD_vs_Classic","M",1,1,0.0727759430997728,58.954700007432,5,4,25,1,1
"CCRCC","VHL","per_event_pairwise","WGD_vs_Classic","WT",0.166666666666667,Inf,0.1282050703125,Inf,5,4,25,0.36231884057971,0.386838868388684
"CHOL","ARID1A","global","Classic_vs_WGD",NA,1,NA,NA,NA,3,0,3,1,1
"CHOL","ARID1A","pairwise_all_events","WGD_vs_Classic",NA,1,NA,NA,NA,3,0,3,1,1
"CHOL","ARID1A","per_event_pairwise","WGD_vs_Classic","CNA_driver",1,1,0.00853404575617269,117.177717177893,3,0,3,1,1
"CHOL","ARID1A","per_event_pairwise","WGD_vs_Classic","CI_M",NA,NA,NA,NA,3,0,3,NA,NA
"CHOL","ARID1A","per_event_pairwise","WGD_vs_Classic","M",1,0.321983379692712,0.00285256663151877,14.8361289975149,3,0,3,1,1
"CHOL","ARID1A","per_event_pairwise","WGD_vs_Classic","WT",1,Inf,0.0256406640625,Inf,3,0,3,1,1
"CHOL","CDKN2A","global","Classic_vs_WGD",NA,1,NA,NA,NA,3,0,3,1,1
"CHOL","CDKN2A","pairwise_all_events","WGD_vs_Classic",NA,1,NA,NA,NA,3,0,3,1,1
"CHOL","CDKN2A","per_event_pairwise","WGD_vs_Classic","CNA_driver",1,0,0,39.0005499686929,3,0,3,1,1
"CHOL","CDKN2A","per_event_pairwise","WGD_vs_Classic","CI_M",NA,NA,NA,NA,3,0,3,NA,NA
"CHOL","CDKN2A","per_event_pairwise","WGD_vs_Classic","M",NA,NA,NA,NA,3,0,3,NA,NA
"CHOL","CDKN2A","per_event_pairwise","WGD_vs_Classic","WT",1,Inf,0.0256406640625,Inf,3,0,3,1,1
"CHOL","TP53","global","Classic_vs_WGD",NA,0.428571428571429,NA,NA,NA,4,0,3,1,0.54673721340388
"CHOL","TP53","pairwise_all_events","WGD_vs_Classic",NA,0.428571428571429,NA,NA,NA,4,0,3,1,0.628260023355391
"CHOL","TP53","per_event_pairwise","WGD_vs_Classic","CNA_driver",NA,NA,NA,NA,4,0,3,NA,NA
"CHOL","TP53","per_event_pairwise","WGD_vs_Classic","CI_M",NA,NA,NA,NA,4,0,3,NA,NA
"CHOL","TP53","per_event_pairwise","WGD_vs_Classic","M",0.428571428571429,0,0,7.05623784817769,4,0,3,1,0.67902123065851
"CHOL","TP53","per_event_pairwise","WGD_vs_Classic","WT",0.428571428571429,Inf,0.141718578868236,Inf,4,0,3,1,0.67902123065851
"ESCA","APC","global","HM_vs_WGD",NA,0.0509745127436282,NA,NA,NA,9,3,2,0.288855572213893,0.108233554455649
"ESCA","APC","pairwise_all_events","HM_vs_WGD",NA,0.0489755122438781,NA,NA,NA,9,3,2,0.440779610194903,0.150564717641179
"ESCA","APC","per_event_HM_vs_rest","HM_vs_rest","CNA_driver",0.0454545454545455,Inf,0.681957739009523,Inf,9,3,2,0.991304347826087,1
"ESCA","APC","per_event_HM_vs_rest","HM_vs_rest","CI_M",NA,NA,NA,NA,9,3,2,NA,NA
"ESCA","APC","per_event_HM_vs_rest","HM_vs_rest","M",1,0,0,116.788321167883,9,3,2,1,1
"ESCA","APC","per_event_HM_vs_rest","HM_vs_rest","WT",0.127272727272727,0.0901412760462606,0.00095720932686934,2.97694842417762,9,3,2,0.991304347826087,1
"ESCA","APC","per_event_pairwise","HM_vs_WGD","CNA_driver",0.0454545454545455,Inf,0.681957739009523,Inf,9,3,2,0.738636363636364,0.16923926588875
"ESCA","APC","per_event_pairwise","HM_vs_WGD","CI_M",NA,NA,NA,NA,9,3,2,NA,NA
"ESCA","APC","per_event_pairwise","HM_vs_WGD","M",1,0,0,116.788321167883,9,3,2,1,1
"ESCA","APC","per_event_pairwise","HM_vs_WGD","WT",0.127272727272727,0.0901412760462606,0.00095720932686934,2.97694842417762,9,3,2,0.770750988142292,0.331885454043132
"ESCA","ARID2","global","HM_vs_WGD",NA,0.130434782608696,NA,NA,NA,20,3,0,0.369565217391304,0.218224221222722
"ESCA","ARID2","pairwise_all_events","HM_vs_WGD",NA,0.130434782608696,NA,NA,NA,20,3,0,0.525974025974026,0.297347089167281
"ESCA","ARID2","per_event_HM_vs_rest","HM_vs_rest","CNA_driver",NA,NA,NA,NA,20,3,0,NA,NA
"ESCA","ARID2","per_event_HM_vs_rest","HM_vs_rest","CI_M",NA,NA,NA,NA,20,3,0,NA,NA
"ESCA","ARID2","per_event_HM_vs_rest","HM_vs_rest","M",0.130434782608696,Inf,0.170940131673177,Inf,20,3,0,0.991304347826087,1
"ESCA","ARID2","per_event_HM_vs_rest","HM_vs_rest","WT",0.130434782608696,0,0,5.850001343815,20,3,0,0.991304347826087,1
"ESCA","ARID2","per_event_pairwise","HM_vs_WGD","CNA_driver",NA,NA,NA,NA,20,3,0,NA,NA
"ESCA","ARID2","per_event_pairwise","HM_vs_WGD","CI_M",NA,NA,NA,NA,20,3,0,NA,NA
"ESCA","ARID2","per_event_pairwise","HM_vs_WGD","M",0.130434782608696,Inf,0.170940131673177,Inf,20,3,0,0.770750988142292,0.335556148306215
"ESCA","ARID2","per_event_pairwise","HM_vs_WGD","WT",0.130434782608696,0,0,5.850001343815,20,3,0,0.770750988142292,0.335556148306215
"ESCA","ASXL1","global","Classic_vs_HM_vs_WGD",NA,0.297851074462769,NA,NA,NA,7,6,5,0.562607585096341,0.415918167042605
"ESCA","ASXL1","pairwise_all_events","HM_vs_Classic",NA,0.454545454545455,NA,NA,NA,7,6,5,0.670588235294118,0.655617840604436
"ESCA","ASXL1","pairwise_all_events","WGD_vs_Classic",NA,0.416666666666667,NA,NA,NA,7,6,5,0.670588235294118,0.622685185185185
"ESCA","ASXL1","per_event_HM_vs_rest","HM_vs_rest","CNA_driver",NA,NA,NA,NA,7,6,5,NA,NA
"ESCA","ASXL1","per_event_HM_vs_rest","HM_vs_rest","CI_M",NA,NA,NA,NA,7,6,5,NA,NA
"ESCA","ASXL1","per_event_HM_vs_rest","HM_vs_rest","M",1,0,0,77.9062690200851,7,6,5,1,1
"ESCA","ASXL1","per_event_HM_vs_rest","HM_vs_rest","WT",1,Inf,0.0128359375,Inf,7,6,5,1,1
"ESCA","ASXL1","per_event_pairwise","HM_vs_Classic","CNA_driver",NA,NA,NA,NA,7,6,5,NA,NA
"ESCA","ASXL1","per_event_pairwise","HM_vs_Classic","CI_M",NA,NA,NA,NA,7,6,5,NA,NA
"ESCA","ASXL1","per_event_pairwise","HM_vs_Classic","M",0.454545454545455,0,0,32.5003149261473,7,6,5,0.820924861172539,0.711216644052465
"ESCA","ASXL1","per_event_pairwise","HM_vs_Classic","WT",0.454545454545455,Inf,0.0307689326171876,Inf,7,6,5,0.820924861172539,0.711216644052465
"ESCA","ASXL1","per_event_pairwise","HM_vs_WGD","CNA_driver",NA,NA,NA,NA,7,6,5,NA,NA
"ESCA","ASXL1","per_event_pairwise","HM_vs_WGD","CI_M",NA,NA,NA,NA,7,6,5,NA,NA
"ESCA","ASXL1","per_event_pairwise","HM_vs_WGD","M",NA,NA,NA,NA,7,6,5,NA,NA
"ESCA","ASXL1","per_event_pairwise","HM_vs_WGD","WT",NA,NA,NA,NA,7,6,5,NA,NA
"ESCA","ASXL1","per_event_pairwise","WGD_vs_Classic","CNA_driver",NA,NA,NA,NA,7,6,5,NA,NA
"ESCA","ASXL1","per_event_pairwise","WGD_vs_Classic","CI_M",NA,NA,NA,NA,7,6,5,NA,NA
"ESCA","ASXL1","per_event_pairwise","WGD_vs_Classic","M",0.416666666666667,0,0,27.8573390843815,7,6,5,0.820924861172539,0.672871202396235
"ESCA","ASXL1","per_event_pairwise","WGD_vs_Classic","WT",0.416666666666667,Inf,0.0358971830357143,Inf,7,6,5,0.820924861172539,0.672871202396235
"ESCA","BAP1","per_event_HM_vs_rest","HM_vs_rest","CNA_driver",NA,NA,NA,NA,9,4,0,NA,NA
"ESCA","BAP1","per_event_HM_vs_rest","HM_vs_rest","CI_M",NA,NA,NA,NA,9,4,0,NA,NA
"ESCA","BAP1","per_event_HM_vs_rest","HM_vs_rest","M",NA,NA,NA,NA,9,4,0,NA,NA
"ESCA","BAP1","per_event_HM_vs_rest","HM_vs_rest","WT",NA,NA,NA,NA,9,4,0,NA,NA
"ESCA","BAP1","per_event_pairwise","HM_vs_WGD","CNA_driver",NA,NA,NA,NA,9,4,0,NA,NA
"ESCA","BAP1","per_event_pairwise","HM_vs_WGD","CI_M",NA,NA,NA,NA,9,4,0,NA,NA
"ESCA","BAP1","per_event_pairwise","HM_vs_WGD","M",NA,NA,NA,NA,9,4,0,NA,NA
"ESCA","BAP1","per_event_pairwise","HM_vs_WGD","WT",NA,NA,NA,NA,9,4,0,NA,NA
"ESCA","CANT1","per_event_HM_vs_rest","HM_vs_rest","CNA_driver",NA,NA,NA,NA,13,6,1,NA,NA
"ESCA","CANT1","per_event_HM_vs_rest","HM_vs_rest","CI_M",NA,NA,NA,NA,13,6,1,NA,NA
"ESCA","CANT1","per_event_HM_vs_rest","HM_vs_rest","M",NA,NA,NA,NA,13,6,1,NA,NA
"ESCA","CANT1","per_event_HM_vs_rest","HM_vs_rest","WT",NA,NA,NA,NA,13,6,1,NA,NA
"ESCA","CANT1","per_event_pairwise","HM_vs_WGD","CNA_driver",NA,NA,NA,NA,13,6,1,NA,NA
"ESCA","CANT1","per_event_pairwise","HM_vs_WGD","CI_M",NA,NA,NA,NA,13,6,1,NA,NA
"ESCA","CANT1","per_event_pairwise","HM_vs_WGD","M",NA,NA,NA,NA,13,6,1,NA,NA
"ESCA","CANT1","per_event_pairwise","HM_vs_WGD","WT",NA,NA,NA,NA,13,6,1,NA,NA
"ESCA","CBL","per_event_HM_vs_rest","HM_vs_rest","CNA_driver",NA,NA,NA,NA,14,3,1,NA,NA
"ESCA","CBL","per_event_HM_vs_rest","HM_vs_rest","CI_M",NA,NA,NA,NA,14,3,1,NA,NA
"ESCA","CBL","per_event_HM_vs_rest","HM_vs_rest","M",NA,NA,NA,NA,14,3,1,NA,NA
"ESCA","CBL","per_event_HM_vs_rest","HM_vs_rest","WT",NA,NA,NA,NA,14,3,1,NA,NA
"ESCA","CBL","per_event_pairwise","HM_vs_WGD","CNA_driver",NA,NA,NA,NA,14,3,1,NA,NA
"ESCA","CBL","per_event_pairwise","HM_vs_WGD","CI_M",NA,NA,NA,NA,14,3,1,NA,NA
"ESCA","CBL","per_event_pairwise","HM_vs_WGD","M",NA,NA,NA,NA,14,3,1,NA,NA
"ESCA","CBL","per_event_pairwise","HM_vs_WGD","WT",NA,NA,NA,NA,14,3,1,NA,NA
"ESCA","CDKN2A","global","Classic_vs_HM_vs_WGD",NA,0.0839580209895052,NA,NA,NA,17,8,4,0.356821589205397,0.159674763845071
"ESCA","CDKN2A","pairwise_all_events","HM_vs_Classic",NA,0.393303348325837,NA,NA,NA,17,8,4,0.670588235294118,0.60456343256943
"ESCA","CDKN2A","pairwise_all_events","HM_vs_WGD",NA,0.141429285357321,NA,NA,NA,17,8,4,0.525974025974026,0.312427409988386
"ESCA","CDKN2A","pairwise_all_events","WGD_vs_Classic",NA,0.141429285357321,NA,NA,NA,17,8,4,0.525974025974026,0.312427409988386
"ESCA","CDKN2A","per_event_HM_vs_rest","HM_vs_rest","CNA_driver",0.108645677161419,4.60544686754664,0.623044501473634,57.5462277575061,17,8,4,0.991304347826087,1
"ESCA","CDKN2A","per_event_HM_vs_rest","HM_vs_rest","CI_M",NA,NA,NA,NA,17,8,4,NA,NA
"ESCA","CDKN2A","per_event_HM_vs_rest","HM_vs_rest","M",0.55201886236369,0,0,4.02721256278409,17,8,4,1,1
"ESCA","CDKN2A","per_event_HM_vs_rest","HM_vs_rest","WT",0.670626225348864,0.456511326679069,0.036758154756056,3.40760161156362,17,8,4,1,1
"ESCA","CDKN2A","per_event_pairwise","HM_vs_Classic","CNA_driver",1,1,0.0127588349303342,27.8696928236818,17,8,4,1,1
"ESCA","CDKN2A","per_event_pairwise","HM_vs_Classic","CI_M",NA,NA,NA,NA,17,8,4,NA,NA
"ESCA","CDKN2A","per_event_pairwise","HM_vs_Classic","M",0.333333333333333,0,0,19.5000651747784,17,8,4,0.820924861172539,0.575217192501143
"ESCA","CDKN2A","per_event_pairwise","HM_vs_Classic","WT",0.515151515151515,Inf,0.0902004863555119,Inf,17,8,4,0.820924861172539,0.750939288598617
"ESCA","CDKN2A","per_event_pairwise","HM_vs_WGD","CNA_driver",0.080976353928299,6.57873320282919,0.816973077378962,89.1195387505743,17,8,4,0.751923286477063,0.243568812140241
"ESCA","CDKN2A","per_event_pairwise","HM_vs_WGD","CI_M",NA,NA,NA,NA,17,8,4,NA,NA
"ESCA","CDKN2A","per_event_pairwise","HM_vs_WGD","M",0.526956521739131,0,0,5.21124332659402,17,8,4,0.820924861172539,0.759067188519243
"ESCA","CDKN2A","per_event_pairwise","HM_vs_WGD","WT",0.233684210526316,0.311021133757218,0.0240812084740185,2.43112211312006,17,8,4,0.770750988142292,0.462224428997021
"ESCA","CDKN2A","per_event_pairwise","WGD_vs_Classic","CNA_driver",0.252798663324979,0.154276197595468,0.00245488023370737,2.44654345982425,17,8,4,0.770750988142292,0.482580756392752
"ESCA","CDKN2A","per_event_pairwise","WGD_vs_Classic","CI_M",NA,NA,NA,NA,17,8,4,NA,NA
"ESCA","CDKN2A","per_event_pairwise","WGD_vs_Classic","M",1,0.657758462735269,0.0338541154068805,44.8702179082506,17,8,4,1,1
"ESCA","CDKN2A","per_event_pairwise","WGD_vs_Classic","WT",0.103759398496241,Inf,0.544791069637131,Inf,17,8,4,0.770750988142292,0.282531002831755
"ESCA","CDX2","per_event_HM_vs_rest","HM_vs_rest","CNA_driver",NA,NA,NA,NA,8,5,2,NA,NA
"ESCA","CDX2","per_event_HM_vs_rest","HM_vs_rest","CI_M",NA,NA,NA,NA,8,5,2,NA,NA
"ESCA","CDX2","per_event_HM_vs_rest","HM_vs_rest","M",NA,NA,NA,NA,8,5,2,NA,NA
"ESCA","CDX2","per_event_HM_vs_rest","HM_vs_rest","WT",NA,NA,NA,NA,8,5,2,NA,NA
"ESCA","CDX2","per_event_pairwise","HM_vs_WGD","CNA_driver",NA,NA,NA,NA,8,5,2,NA,NA
"ESCA","CDX2","per_event_pairwise","HM_vs_WGD","CI_M",NA,NA,NA,NA,8,5,2,NA,NA
"ESCA","CDX2","per_event_pairwise","HM_vs_WGD","M",NA,NA,NA,NA,8,5,2,NA,NA
"ESCA","CDX2","per_event_pairwise","HM_vs_WGD","WT",NA,NA,NA,NA,8,5,2,NA,NA
"ESCA","CSMD3","per_event_HM_vs_rest","HM_vs_rest","CNA_driver",NA,NA,NA,NA,5,5,0,NA,NA
"ESCA","CSMD3","per_event_HM_vs_rest","HM_vs_rest","CI_M",NA,NA,NA,NA,5,5,0,NA,NA
"ESCA","CSMD3","per_event_HM_vs_rest","HM_vs_rest","M",NA,NA,NA,NA,5,5,0,NA,NA
"ESCA","CSMD3","per_event_HM_vs_rest","HM_vs_rest","WT",NA,NA,NA,NA,5,5,0,NA,NA
"ESCA","CSMD3","per_event_pairwise","HM_vs_WGD","CNA_driver",NA,NA,NA,NA,5,5,0,NA,NA
"ESCA","CSMD3","per_event_pairwise","HM_vs_WGD","CI_M",NA,NA,NA,NA,5,5,0,NA,NA
"ESCA","CSMD3","per_event_pairwise","HM_vs_WGD","M",NA,NA,NA,NA,5,5,0,NA,NA
"ESCA","CSMD3","per_event_pairwise","HM_vs_WGD","WT",NA,NA,NA,NA,5,5,0,NA,NA
"ESCA","CTNNB1","global","HM_vs_WGD",NA,1,NA,NA,NA,13,5,0,1,1
"ESCA","CTNNB1","pairwise_all_events","HM_vs_WGD",NA,1,NA,NA,NA,13,5,0,1,1
"ESCA","CTNNB1","per_event_HM_vs_rest","HM_vs_rest","CNA_driver",NA,NA,NA,NA,13,5,0,NA,NA
"ESCA","CTNNB1","per_event_HM_vs_rest","HM_vs_rest","CI_M",NA,NA,NA,NA,13,5,0,NA,NA
"ESCA","CTNNB1","per_event_HM_vs_rest","HM_vs_rest","M",1,0.841583963739026,0.0127385475757037,14.9719337135889,13,5,0,1,1
"ESCA","CTNNB1","per_event_HM_vs_rest","HM_vs_rest","WT",1,1.18823556898251,0.0667916395523694,78.5018852468951,13,5,0,1,1
"ESCA","CTNNB1","per_event_pairwise","HM_vs_WGD","CNA_driver",NA,NA,NA,NA,13,5,0,NA,NA
"ESCA","CTNNB1","per_event_pairwise","HM_vs_WGD","CI_M",NA,NA,NA,NA,13,5,0,NA,NA
"ESCA","CTNNB1","per_event_pairwise","HM_vs_WGD","M",1,0.841583963739026,0.0127385475757037,14.9719337135889,13,5,0,1,1
"ESCA","CTNNB1","per_event_pairwise","HM_vs_WGD","WT",1,1.18823556898251,0.0667916395523694,78.5018852468951,13,5,0,1,1
"ESCA","CTNND2","per_event_HM_vs_rest","HM_vs_rest","CNA_driver",NA,NA,NA,NA,9,6,2,NA,NA
"ESCA","CTNND2","per_event_HM_vs_rest","HM_vs_rest","CI_M",NA,NA,NA,NA,9,6,2,NA,NA
"ESCA","CTNND2","per_event_HM_vs_rest","HM_vs_rest","M",NA,NA,NA,NA,9,6,2,NA,NA
"ESCA","CTNND2","per_event_HM_vs_rest","HM_vs_rest","WT",NA,NA,NA,NA,9,6,2,NA,NA
"ESCA","CTNND2","per_event_pairwise","HM_vs_WGD","CNA_driver",NA,NA,NA,NA,9,6,2,NA,NA
"ESCA","CTNND2","per_event_pairwise","HM_vs_WGD","CI_M",NA,NA,NA,NA,9,6,2,NA,NA
"ESCA","CTNND2","per_event_pairwise","HM_vs_WGD","M",NA,NA,NA,NA,9,6,2,NA,NA
"ESCA","CTNND2","per_event_pairwise","HM_vs_WGD","WT",NA,NA,NA,NA,9,6,2,NA,NA
"ESCA","ERBB2","global","Classic_vs_HM_vs_WGD",NA,0.278860569715142,NA,NA,NA,16,8,3,0.562607585096341,0.393264906008534
"ESCA","ERBB2","pairwise_all_events","HM_vs_Classic",NA,0.332833583208396,NA,NA,NA,16,8,3,0.670588235294118,0.535323383084577
"ESCA","ERBB2","pairwise_all_events","HM_vs_WGD",NA,1,NA,NA,NA,16,8,3,1,1
"ESCA","ERBB2","pairwise_all_events","WGD_vs_Classic",NA,0.201399300349825,NA,NA,NA,16,8,3,0.525974025974026,0.389932157592246
"ESCA","ERBB2","per_event_HM_vs_rest","HM_vs_rest","CNA_driver",0.615904868078781,1.73758880936626,0.11769086369721,19.6049143881522,16,8,3,1,1
"ESCA","ERBB2","per_event_HM_vs_rest","HM_vs_rest","CI_M",NA,NA,NA,NA,16,8,3,NA,NA
"ESCA","ERBB2","per_event_HM_vs_rest","HM_vs_rest","M",1,0,0,92.4925838594356,16,8,3,1,1
"ESCA","ERBB2","per_event_HM_vs_rest","HM_vs_rest","WT",1,0.806835525924209,0.0851313460754234,11.1697852853234,16,8,3,1,1
"ESCA","ERBB2","per_event_pairwise","HM_vs_Classic","CNA_driver",1,Inf,0.0645422157434746,Inf,16,8,3,1,1
"ESCA","ERBB2","per_event_pairwise","HM_vs_Classic","CI_M",NA,NA,NA,NA,16,8,3,NA,NA
"ESCA","ERBB2","per_event_pairwise","HM_vs_Classic","M",0.272727272727273,0,0,14.6250265136627,16,8,3,0.770750988142292,0.500132520540684
"ESCA","ERBB2","per_event_pairwise","HM_vs_Classic","WT",1,1.44322223605735,0.0170198535963177,46.8697489550792,16,8,3,1,1
"ESCA","ERBB2","per_event_pairwise","HM_vs_WGD","CNA_driver",1,1.42172418875157,0.0950284634528575,16.269650167446,16,8,3,1,1
"ESCA","ERBB2","per_event_pairwise","HM_vs_WGD","CI_M",NA,NA,NA,NA,16,8,3,NA,NA
"ESCA","ERBB2","per_event_pairwise","HM_vs_WGD","M",NA,NA,NA,NA,16,8,3,NA,NA
"ESCA","ERBB2","per_event_pairwise","HM_vs_WGD","WT",1,0.70337130641219,0.0614641365799557,10.5231628889389,16,8,3,1,1
"ESCA","ERBB2","per_event_pairwise","WGD_vs_Classic","CNA_driver",1,Inf,0.0629447678522475,Inf,16,8,3,1,1
"ESCA","ERBB2","per_event_pairwise","WGD_vs_Classic","CI_M",NA,NA,NA,NA,16,8,3,NA,NA
"ESCA","ERBB2","per_event_pairwise","WGD_vs_Classic","M",0.157894736842105,0,0,7.31250284556737,16,8,3,0.770750988142292,0.378345864661654
"ESCA","ERBB2","per_event_pairwise","WGD_vs_Classic","WT",0.530443756449948,2.06665611054261,0.0276140692819105,54.3142919538336,16,8,3,0.820924861172539,0.76088739522695
"ESCA","GNAS","per_event_HM_vs_rest","HM_vs_rest","CNA_driver",NA,NA,NA,NA,7,6,5,NA,NA
"ESCA","GNAS","per_event_HM_vs_rest","HM_vs_rest","CI_M",NA,NA,NA,NA,7,6,5,NA,NA
"ESCA","GNAS","per_event_HM_vs_rest","HM_vs_rest","M",NA,NA,NA,NA,7,6,5,NA,NA
"ESCA","GNAS","per_event_HM_vs_rest","HM_vs_rest","WT",NA,NA,NA,NA,7,6,5,NA,NA
"ESCA","GNAS","per_event_pairwise","HM_vs_Classic","CNA_driver",NA,NA,NA,NA,7,6,5,NA,NA
"ESCA","GNAS","per_event_pairwise","HM_vs_Classic","CI_M",NA,NA,NA,NA,7,6,5,NA,NA
"ESCA","GNAS","per_event_pairwise","HM_vs_Classic","M",NA,NA,NA,NA,7,6,5,NA,NA
"ESCA","GNAS","per_event_pairwise","HM_vs_Classic","WT",NA,NA,NA,NA,7,6,5,NA,NA
"ESCA","GNAS","per_event_pairwise","HM_vs_WGD","CNA_driver",NA,NA,NA,NA,7,6,5,NA,NA
"ESCA","GNAS","per_event_pairwise","HM_vs_WGD","CI_M",NA,NA,NA,NA,7,6,5,NA,NA
"ESCA","GNAS","per_event_pairwise","HM_vs_WGD","M",NA,NA,NA,NA,7,6,5,NA,NA
"ESCA","GNAS","per_event_pairwise","HM_vs_WGD","WT",NA,NA,NA,NA,7,6,5,NA,NA
"ESCA","GNAS","per_event_pairwise","WGD_vs_Classic","CNA_driver",NA,NA,NA,NA,7,6,5,NA,NA
"ESCA","GNAS","per_event_pairwise","WGD_vs_Classic","CI_M",NA,NA,NA,NA,7,6,5,NA,NA
"ESCA","GNAS","per_event_pairwise","WGD_vs_Classic","M",NA,NA,NA,NA,7,6,5,NA,NA
"ESCA","GNAS","per_event_pairwise","WGD_vs_Classic","WT",NA,NA,NA,NA,7,6,5,NA,NA
"ESCA","HLA-A","global","HM_vs_WGD",NA,1,NA,NA,NA,12,3,2,1,1
"ESCA","HLA-A","pairwise_all_events","HM_vs_WGD",NA,1,NA,NA,NA,12,3,2,1,1
"ESCA","HLA-A","per_event_HM_vs_rest","HM_vs_rest","CNA_driver",NA,NA,NA,NA,12,3,2,NA,NA
"ESCA","HLA-A","per_event_HM_vs_rest","HM_vs_rest","CI_M",NA,NA,NA,NA,12,3,2,NA,NA
"ESCA","HLA-A","per_event_HM_vs_rest","HM_vs_rest","M",1,0,0,155.623100303951,12,3,2,1,1
"ESCA","HLA-A","per_event_HM_vs_rest","HM_vs_rest","WT",1,Inf,0.00642578125000002,Inf,12,3,2,1,1
"ESCA","HLA-A","per_event_pairwise","HM_vs_WGD","CNA_driver",NA,NA,NA,NA,12,3,2,NA,NA
"ESCA","HLA-A","per_event_pairwise","HM_vs_WGD","CI_M",NA,NA,NA,NA,12,3,2,NA,NA
"ESCA","HLA-A","per_event_pairwise","HM_vs_WGD","M",1,0,0,155.623100303951,12,3,2,1,1
"ESCA","HLA-A","per_event_pairwise","HM_vs_WGD","WT",1,Inf,0.00642578125000002,Inf,12,3,2,1,1
"ESCA","HLA-B","per_event_HM_vs_rest","HM_vs_rest","CNA_driver",NA,NA,NA,NA,12,3,2,NA,NA
"ESCA","HLA-B","per_event_HM_vs_rest","HM_vs_rest","CI_M",NA,NA,NA,NA,12,3,2,NA,NA
"ESCA","HLA-B","per_event_HM_vs_rest","HM_vs_rest","M",NA,NA,NA,NA,12,3,2,NA,NA
"ESCA","HLA-B","per_event_HM_vs_rest","HM_vs_rest","WT",NA,NA,NA,NA,12,3,2,NA,NA
"ESCA","HLA-B","per_event_pairwise","HM_vs_WGD","CNA_driver",NA,NA,NA,NA,12,3,2,NA,NA
"ESCA","HLA-B","per_event_pairwise","HM_vs_WGD","CI_M",NA,NA,NA,NA,12,3,2,NA,NA
"ESCA","HLA-B","per_event_pairwise","HM_vs_WGD","M",NA,NA,NA,NA,12,3,2,NA,NA
"ESCA","HLA-B","per_event_pairwise","HM_vs_WGD","WT",NA,NA,NA,NA,12,3,2,NA,NA
"ESCA","IL7R","per_event_HM_vs_rest","HM_vs_rest","CNA_driver",NA,NA,NA,NA,9,5,2,NA,NA
"ESCA","IL7R","per_event_HM_vs_rest","HM_vs_rest","CI_M",NA,NA,NA,NA,9,5,2,NA,NA
"ESCA","IL7R","per_event_HM_vs_rest","HM_vs_rest","M",NA,NA,NA,NA,9,5,2,NA,NA
"ESCA","IL7R","per_event_HM_vs_rest","HM_vs_rest","WT",NA,NA,NA,NA,9,5,2,NA,NA
"ESCA","IL7R","per_event_pairwise","HM_vs_WGD","CNA_driver",NA,NA,NA,NA,9,5,2,NA,NA
"ESCA","IL7R","per_event_pairwise","HM_vs_WGD","CI_M",NA,NA,NA,NA,9,5,2,NA,NA
"ESCA","IL7R","per_event_pairwise","HM_vs_WGD","M",NA,NA,NA,NA,9,5,2,NA,NA
"ESCA","IL7R","per_event_pairwise","HM_vs_WGD","WT",NA,NA,NA,NA,9,5,2,NA,NA
"ESCA","KAT6A","per_event_HM_vs_rest","HM_vs_rest","CNA_driver",NA,NA,NA,NA,8,4,0,NA,NA
"ESCA","KAT6A","per_event_HM_vs_rest","HM_vs_rest","CI_M",NA,NA,NA,NA,8,4,0,NA,NA
"ESCA","KAT6A","per_event_HM_vs_rest","HM_vs_rest","M",NA,NA,NA,NA,8,4,0,NA,NA
"ESCA","KAT6A","per_event_HM_vs_rest","HM_vs_rest","WT",NA,NA,NA,NA,8,4,0,NA,NA
"ESCA","KAT6A","per_event_pairwise","HM_vs_WGD","CNA_driver",NA,NA,NA,NA,8,4,0,NA,NA
"ESCA","KAT6A","per_event_pairwise","HM_vs_WGD","CI_M",NA,NA,NA,NA,8,4,0,NA,NA
"ESCA","KAT6A","per_event_pairwise","HM_vs_WGD","M",NA,NA,NA,NA,8,4,0,NA,NA
"ESCA","KAT6A","per_event_pairwise","HM_vs_WGD","WT",NA,NA,NA,NA,8,4,0,NA,NA
"ESCA","KRAS","global","Classic_vs_WGD",NA,0.00149925037481259,NA,NA,NA,16,2,3,0.0254872563718141,0.00595855918194749
"ESCA","KRAS","pairwise_all_events","WGD_vs_Classic",NA,0.00149925037481259,NA,NA,NA,16,2,3,0.04047976011994,0.00960234168629971
"ESCA","KRAS","per_event_pairwise","WGD_vs_Classic","CNA_driver",1,Inf,0.030961027254891,Inf,16,2,3,1,1
"ESCA","KRAS","per_event_pairwise","WGD_vs_Classic","CI_M",NA,NA,NA,NA,16,2,3,NA,NA
"ESCA","KRAS","per_event_pairwise","WGD_vs_Classic","M",0.00103199174406605,0,0,0.236834044057946,16,2,3,0.0670794633642931,0.00976124521830893
"ESCA","KRAS","per_event_pairwise","WGD_vs_Classic","WT",0.0103199174406605,Inf,1.52516206384847,Inf,16,2,3,0.22359821121431,0.0569405971068021
"ESCA","NBEA","per_event_HM_vs_rest","HM_vs_rest","CNA_driver",NA,NA,NA,NA,7,3,1,NA,NA
"ESCA","NBEA","per_event_HM_vs_rest","HM_vs_rest","CI_M",NA,NA,NA,NA,7,3,1,NA,NA
"ESCA","NBEA","per_event_HM_vs_rest","HM_vs_rest","M",NA,NA,NA,NA,7,3,1,NA,NA
"ESCA","NBEA","per_event_HM_vs_rest","HM_vs_rest","WT",NA,NA,NA,NA,7,3,1,NA,NA
"ESCA","NBEA","per_event_pairwise","HM_vs_WGD","CNA_driver",NA,NA,NA,NA,7,3,1,NA,NA
"ESCA","NBEA","per_event_pairwise","HM_vs_WGD","CI_M",NA,NA,NA,NA,7,3,1,NA,NA
"ESCA","NBEA","per_event_pairwise","HM_vs_WGD","M",NA,NA,NA,NA,7,3,1,NA,NA
"ESCA","NBEA","per_event_pairwise","HM_vs_WGD","WT",NA,NA,NA,NA,7,3,1,NA,NA
"ESCA","NCOA2","per_event_HM_vs_rest","HM_vs_rest","CNA_driver",NA,NA,NA,NA,7,9,0,NA,NA
"ESCA","NCOA2","per_event_HM_vs_rest","HM_vs_rest","CI_M",NA,NA,NA,NA,7,9,0,NA,NA
"ESCA","NCOA2","per_event_HM_vs_rest","HM_vs_rest","M",NA,NA,NA,NA,7,9,0,NA,NA
"ESCA","NCOA2","per_event_HM_vs_rest","HM_vs_rest","WT",NA,NA,NA,NA,7,9,0,NA,NA
"ESCA","NCOA2","per_event_pairwise","HM_vs_WGD","CNA_driver",NA,NA,NA,NA,7,9,0,NA,NA
"ESCA","NCOA2","per_event_pairwise","HM_vs_WGD","CI_M",NA,NA,NA,NA,7,9,0,NA,NA
"ESCA","NCOA2","per_event_pairwise","HM_vs_WGD","M",NA,NA,NA,NA,7,9,0,NA,NA
"ESCA","NCOA2","per_event_pairwise","HM_vs_WGD","WT",NA,NA,NA,NA,7,9,0,NA,NA
"ESCA","NOTCH1","global","HM_vs_WGD",NA,0.214285714285714,NA,NA,NA,11,3,1,0.520408163265306,0.32246879334258
"ESCA","NOTCH1","pairwise_all_events","HM_vs_WGD",NA,0.214285714285714,NA,NA,NA,11,3,1,0.525974025974026,0.407370015143867
"ESCA","NOTCH1","per_event_HM_vs_rest","HM_vs_rest","CNA_driver",NA,NA,NA,NA,11,3,1,NA,NA
"ESCA","NOTCH1","per_event_HM_vs_rest","HM_vs_rest","CI_M",NA,NA,NA,NA,11,3,1,NA,NA
"ESCA","NOTCH1","per_event_HM_vs_rest","HM_vs_rest","M",0.214285714285714,Inf,0.0940170087594698,Inf,11,3,1,1,1
"ESCA","NOTCH1","per_event_HM_vs_rest","HM_vs_rest","WT",0.214285714285714,0,0,10.6363732817577,11,3,1,1,1
"ESCA","NOTCH1","per_event_pairwise","HM_vs_WGD","CNA_driver",NA,NA,NA,NA,11,3,1,NA,NA
"ESCA","NOTCH1","per_event_pairwise","HM_vs_WGD","CI_M",NA,NA,NA,NA,11,3,1,NA,NA
"ESCA","NOTCH1","per_event_pairwise","HM_vs_WGD","M",0.214285714285714,Inf,0.0940170087594698,Inf,11,3,1,0.770750988142292,0.444837340876945
"ESCA","NOTCH1","per_event_pairwise","HM_vs_WGD","WT",0.214285714285714,0,0,10.6363732817577,11,3,1,0.770750988142292,0.444837340876945
"ESCA","NRG1","per_event_HM_vs_rest","HM_vs_rest","CNA_driver",NA,NA,NA,NA,9,6,1,NA,NA
"ESCA","NRG1","per_event_HM_vs_rest","HM_vs_rest","CI_M",NA,NA,NA,NA,9,6,1,NA,NA
"ESCA","NRG1","per_event_HM_vs_rest","HM_vs_rest","M",NA,NA,NA,NA,9,6,1,NA,NA
"ESCA","NRG1","per_event_HM_vs_rest","HM_vs_rest","WT",NA,NA,NA,NA,9,6,1,NA,NA
"ESCA","NRG1","per_event_pairwise","HM_vs_WGD","CNA_driver",NA,NA,NA,NA,9,6,1,NA,NA
"ESCA","NRG1","per_event_pairwise","HM_vs_WGD","CI_M",NA,NA,NA,NA,9,6,1,NA,NA
"ESCA","NRG1","per_event_pairwise","HM_vs_WGD","M",NA,NA,NA,NA,9,6,1,NA,NA
"ESCA","NRG1","per_event_pairwise","HM_vs_WGD","WT",NA,NA,NA,NA,9,6,1,NA,NA
"ESCA","NUMA1","per_event_HM_vs_rest","HM_vs_rest","CNA_driver",NA,NA,NA,NA,9,3,1,NA,NA
"ESCA","NUMA1","per_event_HM_vs_rest","HM_vs_rest","CI_M",NA,NA,NA,NA,9,3,1,NA,NA
"ESCA","NUMA1","per_event_HM_vs_rest","HM_vs_rest","M",NA,NA,NA,NA,9,3,1,NA,NA
"ESCA","NUMA1","per_event_HM_vs_rest","HM_vs_rest","WT",NA,NA,NA,NA,9,3,1,NA,NA
"ESCA","NUMA1","per_event_pairwise","HM_vs_WGD","CNA_driver",NA,NA,NA,NA,9,3,1,NA,NA
"ESCA","NUMA1","per_event_pairwise","HM_vs_WGD","CI_M",NA,NA,NA,NA,9,3,1,NA,NA
"ESCA","NUMA1","per_event_pairwise","HM_vs_WGD","M",NA,NA,NA,NA,9,3,1,NA,NA
"ESCA","NUMA1","per_event_pairwise","HM_vs_WGD","WT",NA,NA,NA,NA,9,3,1,NA,NA
"ESCA","PBRM1","global","HM_vs_WGD",NA,1,NA,NA,NA,11,4,0,1,1
"ESCA","PBRM1","pairwise_all_events","HM_vs_WGD",NA,1,NA,NA,NA,11,4,0,1,1
"ESCA","PBRM1","per_event_HM_vs_rest","HM_vs_rest","CNA_driver",NA,NA,NA,NA,11,4,0,NA,NA
"ESCA","PBRM1","per_event_HM_vs_rest","HM_vs_rest","CI_M",NA,NA,NA,NA,11,4,0,NA,NA
"ESCA","PBRM1","per_event_HM_vs_rest","HM_vs_rest","M",1,0,0,15.5935464922067,11,4,0,1,1
"ESCA","PBRM1","per_event_HM_vs_rest","HM_vs_rest","WT",1,Inf,0.064129093436171,Inf,11,4,0,1,1
"ESCA","PBRM1","per_event_pairwise","HM_vs_WGD","CNA_driver",NA,NA,NA,NA,11,4,0,NA,NA
"ESCA","PBRM1","per_event_pairwise","HM_vs_WGD","CI_M",NA,NA,NA,NA,11,4,0,NA,NA
"ESCA","PBRM1","per_event_pairwise","HM_vs_WGD","M",1,0,0,15.5935464922067,11,4,0,1,1
"ESCA","PBRM1","per_event_pairwise","HM_vs_WGD","WT",1,Inf,0.064129093436171,Inf,11,4,0,1,1
"ESCA","PDS5B","per_event_HM_vs_rest","HM_vs_rest","CNA_driver",NA,NA,NA,NA,5,3,1,NA,NA
"ESCA","PDS5B","per_event_HM_vs_rest","HM_vs_rest","CI_M",NA,NA,NA,NA,5,3,1,NA,NA
"ESCA","PDS5B","per_event_HM_vs_rest","HM_vs_rest","M",NA,NA,NA,NA,5,3,1,NA,NA
"ESCA","PDS5B","per_event_HM_vs_rest","HM_vs_rest","WT",NA,NA,NA,NA,5,3,1,NA,NA
"ESCA","PDS5B","per_event_pairwise","HM_vs_WGD","CNA_driver",NA,NA,NA,NA,5,3,1,NA,NA
"ESCA","PDS5B","per_event_pairwise","HM_vs_WGD","CI_M",NA,NA,NA,NA,5,3,1,NA,NA
"ESCA","PDS5B","per_event_pairwise","HM_vs_WGD","M",NA,NA,NA,NA,5,3,1,NA,NA
"ESCA","PDS5B","per_event_pairwise","HM_vs_WGD","WT",NA,NA,NA,NA,5,3,1,NA,NA
"ESCA","PIK3CA","global","HM_vs_WGD",NA,0.496732026143791,NA,NA,NA,11,7,2,0.67443201476185,0.608643984603064
"ESCA","PIK3CA","pairwise_all_events","HM_vs_WGD",NA,0.496732026143791,NA,NA,NA,11,7,2,0.670588235294118,0.686996992455937
"ESCA","PIK3CA","per_event_HM_vs_rest","HM_vs_rest","CNA_driver",NA,NA,NA,NA,11,7,2,NA,NA
"ESCA","PIK3CA","per_event_HM_vs_rest","HM_vs_rest","CI_M",NA,NA,NA,NA,11,7,2,NA,NA
"ESCA","PIK3CA","per_event_HM_vs_rest","HM_vs_rest","M",0.496732026143791,0,0,8.43689955150423,11,7,2,1,1
"ESCA","PIK3CA","per_event_HM_vs_rest","HM_vs_rest","WT",0.496732026143791,Inf,0.118526953402178,Inf,11,7,2,1,1
"ESCA","PIK3CA","per_event_pairwise","HM_vs_WGD","CNA_driver",NA,NA,NA,NA,11,7,2,NA,NA
"ESCA","PIK3CA","per_event_pairwise","HM_vs_WGD","CI_M",NA,NA,NA,NA,11,7,2,NA,NA
"ESCA","PIK3CA","per_event_pairwise","HM_vs_WGD","M",0.496732026143791,0,0,8.43689955150423,11,7,2,0.820924861172539,0.738639348568427
"ESCA","PIK3CA","per_event_pairwise","HM_vs_WGD","WT",0.496732026143791,Inf,0.118526953402178,Inf,11,7,2,0.820924861172539,0.738639348568427
"ESCA","PREX2","per_event_HM_vs_rest","HM_vs_rest","CNA_driver",NA,NA,NA,NA,8,9,0,NA,NA
"ESCA","PREX2","per_event_HM_vs_rest","HM_vs_rest","CI_M",NA,NA,NA,NA,8,9,0,NA,NA
"ESCA","PREX2","per_event_HM_vs_rest","HM_vs_rest","M",NA,NA,NA,NA,8,9,0,NA,NA
"ESCA","PREX2","per_event_HM_vs_rest","HM_vs_rest","WT",NA,NA,NA,NA,8,9,0,NA,NA
"ESCA","PREX2","per_event_pairwise","HM_vs_WGD","CNA_driver",NA,NA,NA,NA,8,9,0,NA,NA
"ESCA","PREX2","per_event_pairwise","HM_vs_WGD","CI_M",NA,NA,NA,NA,8,9,0,NA,NA
"ESCA","PREX2","per_event_pairwise","HM_vs_WGD","M",NA,NA,NA,NA,8,9,0,NA,NA
"ESCA","PREX2","per_event_pairwise","HM_vs_WGD","WT",NA,NA,NA,NA,8,9,0,NA,NA
"ESCA","PTCH1","per_event_HM_vs_rest","HM_vs_rest","CNA_driver",NA,NA,NA,NA,10,3,0,NA,NA
"ESCA","PTCH1","per_event_HM_vs_rest","HM_vs_rest","CI_M",NA,NA,NA,NA,10,3,0,NA,NA
"ESCA","PTCH1","per_event_HM_vs_rest","HM_vs_rest","M",NA,NA,NA,NA,10,3,0,NA,NA
"ESCA","PTCH1","per_event_HM_vs_rest","HM_vs_rest","WT",NA,NA,NA,NA,10,3,0,NA,NA
"ESCA","PTCH1","per_event_pairwise","HM_vs_WGD","CNA_driver",NA,NA,NA,NA,10,3,0,NA,NA
"ESCA","PTCH1","per_event_pairwise","HM_vs_WGD","CI_M",NA,NA,NA,NA,10,3,0,NA,NA
"ESCA","PTCH1","per_event_pairwise","HM_vs_WGD","M",NA,NA,NA,NA,10,3,0,NA,NA
"ESCA","PTCH1","per_event_pairwise","HM_vs_WGD","WT",NA,NA,NA,NA,10,3,0,NA,NA
"ESCA","PTEN","global","HM_vs_WGD",NA,0.489285714285714,NA,NA,NA,13,3,1,0.67443201476185,0.608643984603064
"ESCA","PTEN","pairwise_all_events","HM_vs_WGD",NA,0.489285714285714,NA,NA,NA,13,3,1,0.670588235294118,0.683729128014842
"ESCA","PTEN","per_event_HM_vs_rest","HM_vs_rest","CNA_driver",0.489285714285714,2.54678944318704,0.0311767949642596,78.6539759301951,13,3,1,1,1
"ESCA","PTEN","per_event_HM_vs_rest","HM_vs_rest","CI_M",NA,NA,NA,NA,13,3,1,NA,NA
"ESCA","PTEN","per_event_HM_vs_rest","HM_vs_rest","M",NA,NA,NA,NA,13,3,1,NA,NA
"ESCA","PTEN","per_event_HM_vs_rest","HM_vs_rest","WT",0.489285714285714,0.392651227087154,0.012713915452761,32.0751379718915,13,3,1,1,1
"ESCA","PTEN","per_event_pairwise","HM_vs_WGD","CNA_driver",0.489285714285714,2.54678944318704,0.0311767949642596,78.6539759301951,13,3,1,0.820924861172539,0.738639348568427
"ESCA","PTEN","per_event_pairwise","HM_vs_WGD","CI_M",NA,NA,NA,NA,13,3,1,NA,NA
"ESCA","PTEN","per_event_pairwise","HM_vs_WGD","M",NA,NA,NA,NA,13,3,1,NA,NA
"ESCA","PTEN","per_event_pairwise","HM_vs_WGD","WT",0.489285714285714,0.392651227087154,0.012713915452761,32.0751379718915,13,3,1,0.820924861172539,0.738639348568427
"ESCA","PTPRT","per_event_HM_vs_rest","HM_vs_rest","CNA_driver",NA,NA,NA,NA,7,6,5,NA,NA
"ESCA","PTPRT","per_event_HM_vs_rest","HM_vs_rest","CI_M",NA,NA,NA,NA,7,6,5,NA,NA
"ESCA","PTPRT","per_event_HM_vs_rest","HM_vs_rest","M",NA,NA,NA,NA,7,6,5,NA,NA
"ESCA","PTPRT","per_event_HM_vs_rest","HM_vs_rest","WT",NA,NA,NA,NA,7,6,5,NA,NA
"ESCA","PTPRT","per_event_pairwise","HM_vs_Classic","CNA_driver",NA,NA,NA,NA,7,6,5,NA,NA
"ESCA","PTPRT","per_event_pairwise","HM_vs_Classic","CI_M",NA,NA,NA,NA,7,6,5,NA,NA
"ESCA","PTPRT","per_event_pairwise","HM_vs_Classic","M",NA,NA,NA,NA,7,6,5,NA,NA
"ESCA","PTPRT","per_event_pairwise","HM_vs_Classic","WT",NA,NA,NA,NA,7,6,5,NA,NA
"ESCA","PTPRT","per_event_pairwise","HM_vs_WGD","CNA_driver",NA,NA,NA,NA,7,6,5,NA,NA
"ESCA","PTPRT","per_event_pairwise","HM_vs_WGD","CI_M",NA,NA,NA,NA,7,6,5,NA,NA
"ESCA","PTPRT","per_event_pairwise","HM_vs_WGD","M",NA,NA,NA,NA,7,6,5,NA,NA
"ESCA","PTPRT","per_event_pairwise","HM_vs_WGD","WT",NA,NA,NA,NA,7,6,5,NA,NA
"ESCA","PTPRT","per_event_pairwise","WGD_vs_Classic","CNA_driver",NA,NA,NA,NA,7,6,5,NA,NA
"ESCA","PTPRT","per_event_pairwise","WGD_vs_Classic","CI_M",NA,NA,NA,NA,7,6,5,NA,NA
"ESCA","PTPRT","per_event_pairwise","WGD_vs_Classic","M",NA,NA,NA,NA,7,6,5,NA,NA
"ESCA","PTPRT","per_event_pairwise","WGD_vs_Classic","WT",NA,NA,NA,NA,7,6,5,NA,NA
"ESCA","RB1","global","HM_vs_WGD",NA,0.515742128935532,NA,NA,NA,9,4,1,0.67443201476185,0.61818490389919
"ESCA","RB1","pairwise_all_events","HM_vs_WGD",NA,0.548725637181409,NA,NA,NA,9,4,1,0.705504390661812,0.732541917626795
"ESCA","RB1","per_event_HM_vs_rest","HM_vs_rest","CNA_driver",0.307692307692308,Inf,0.057692157389323,Inf,9,4,1,1,1
"ESCA","RB1","per_event_HM_vs_rest","HM_vs_rest","CI_M",NA,NA,NA,NA,9,4,1,NA,NA
"ESCA","RB1","per_event_HM_vs_rest","HM_vs_rest","M",1,0,0,87.6312186216339,9,4,1,1,1
"ESCA","RB1","per_event_HM_vs_rest","HM_vs_rest","WT",1,0.408247127333912,0.00426538206811123,39.1662091195461,9,4,1,1,1
"ESCA","RB1","per_event_pairwise","HM_vs_WGD","CNA_driver",0.307692307692308,Inf,0.057692157389323,Inf,9,4,1,0.820924861172539,0.544411987449962
"ESCA","RB1","per_event_pairwise","HM_vs_WGD","CI_M",NA,NA,NA,NA,9,4,1,NA,NA
"ESCA","RB1","per_event_pairwise","HM_vs_WGD","M",1,0,0,87.6312186216339,9,4,1,1,1
"ESCA","RB1","per_event_pairwise","HM_vs_WGD","WT",1,0.408247127333912,0.00426538206811123,39.1662091195461,9,4,1,1,1
"ESCA","RNF213","per_event_HM_vs_rest","HM_vs_rest","CNA_driver",NA,NA,NA,NA,14,6,1,NA,NA
"ESCA","RNF213","per_event_HM_vs_rest","HM_vs_rest","CI_M",NA,NA,NA,NA,14,6,1,NA,NA
"ESCA","RNF213","per_event_HM_vs_rest","HM_vs_rest","M",NA,NA,NA,NA,14,6,1,NA,NA
"ESCA","RNF213","per_event_HM_vs_rest","HM_vs_rest","WT",NA,NA,NA,NA,14,6,1,NA,NA
"ESCA","RNF213","per_event_pairwise","HM_vs_WGD","CNA_driver",NA,NA,NA,NA,14,6,1,NA,NA
"ESCA","RNF213","per_event_pairwise","HM_vs_WGD","CI_M",NA,NA,NA,NA,14,6,1,NA,NA
"ESCA","RNF213","per_event_pairwise","HM_vs_WGD","M",NA,NA,NA,NA,14,6,1,NA,NA
"ESCA","RNF213","per_event_pairwise","HM_vs_WGD","WT",NA,NA,NA,NA,14,6,1,NA,NA
"ESCA","RNF43","global","Classic_vs_HM_vs_WGD",NA,0.120439780109945,NA,NA,NA,14,8,3,0.369565217391304,0.206278076431398
"ESCA","RNF43","pairwise_all_events","HM_vs_Classic",NA,0.272727272727273,NA,NA,NA,14,8,3,0.613636363636363,0.459960102593331
"ESCA","RNF43","pairwise_all_events","WGD_vs_Classic",NA,0.176470588235294,NA,NA,NA,14,8,3,0.525974025974026,0.365158371040724
"ESCA","RNF43","per_event_HM_vs_rest","HM_vs_rest","CNA_driver",1,0,0,82.7691137314568,14,8,3,1,1
"ESCA","RNF43","per_event_HM_vs_rest","HM_vs_rest","CI_M",NA,NA,NA,NA,14,8,3,NA,NA
"ESCA","RNF43","per_event_HM_vs_rest","HM_vs_rest","M",NA,NA,NA,NA,14,8,3,NA,NA
"ESCA","RNF43","per_event_HM_vs_rest","HM_vs_rest","WT",1,Inf,0.0120818014705883,Inf,14,8,3,1,1
"ESCA","RNF43","per_event_pairwise","HM_vs_Classic","CNA_driver",0.272727272727273,0,0,14.6250265136627,14,8,3,0.770750988142292,0.500132520540684
"ESCA","RNF43","per_event_pairwise","HM_vs_Classic","CI_M",NA,NA,NA,NA,14,8,3,NA,NA
"ESCA","RNF43","per_event_pairwise","HM_vs_Classic","M",NA,NA,NA,NA,14,8,3,NA,NA
"ESCA","RNF43","per_event_pairwise","HM_vs_Classic","WT",0.272727272727273,Inf,0.0683759444173178,Inf,14,8,3,0.770750988142292,0.500132520540684
"ESCA","RNF43","per_event_pairwise","HM_vs_WGD","CNA_driver",NA,NA,NA,NA,14,8,3,NA,NA
"ESCA","RNF43","per_event_pairwise","HM_vs_WGD","CI_M",NA,NA,NA,NA,14,8,3,NA,NA
"ESCA","RNF43","per_event_pairwise","HM_vs_WGD","M",NA,NA,NA,NA,14,8,3,NA,NA
"ESCA","RNF43","per_event_pairwise","HM_vs_WGD","WT",NA,NA,NA,NA,14,8,3,NA,NA
"ESCA","RNF43","per_event_pairwise","WGD_vs_Classic","CNA_driver",0.176470588235294,0,0,8.35714727464203,14,8,3,0.770750988142292,0.402173913043478
"ESCA","RNF43","per_event_pairwise","WGD_vs_Classic","CI_M",NA,NA,NA,NA,14,8,3,NA,NA
"ESCA","RNF43","per_event_pairwise","WGD_vs_Classic","M",NA,NA,NA,NA,14,8,3,NA,NA
"ESCA","RNF43","per_event_pairwise","WGD_vs_Classic","WT",0.176470588235294,Inf,0.11965805640811,Inf,14,8,3,0.770750988142292,0.402173913043478
"ESCA","ROBO2","per_event_HM_vs_rest","HM_vs_rest","CNA_driver",NA,NA,NA,NA,10,5,0,NA,NA
"ESCA","ROBO2","per_event_HM_vs_rest","HM_vs_rest","CI_M",NA,NA,NA,NA,10,5,0,NA,NA
"ESCA","ROBO2","per_event_HM_vs_rest","HM_vs_rest","M",NA,NA,NA,NA,10,5,0,NA,NA
"ESCA","ROBO2","per_event_HM_vs_rest","HM_vs_rest","WT",NA,NA,NA,NA,10,5,0,NA,NA
"ESCA","ROBO2","per_event_pairwise","HM_vs_WGD","CNA_driver",NA,NA,NA,NA,10,5,0,NA,NA
"ESCA","ROBO2","per_event_pairwise","HM_vs_WGD","CI_M",NA,NA,NA,NA,10,5,0,NA,NA
"ESCA","ROBO2","per_event_pairwise","HM_vs_WGD","M",NA,NA,NA,NA,10,5,0,NA,NA
"ESCA","ROBO2","per_event_pairwise","HM_vs_WGD","WT",NA,NA,NA,NA,10,5,0,NA,NA
"ESCA","SMAD4","global","Classic_vs_HM_vs_WGD",NA,0.0224887556221889,NA,NA,NA,8,5,4,0.191154422788606,0.0553294781180838
"ESCA","SMAD4","pairwise_all_events","HM_vs_Classic",NA,0.444444444444445,NA,NA,NA,8,5,4,0.670588235294118,0.64450434261755
"ESCA","SMAD4","pairwise_all_events","HM_vs_WGD",NA,0.0804597701149425,NA,NA,NA,8,5,4,0.525974025974026,0.211251227063354
"ESCA","SMAD4","pairwise_all_events","WGD_vs_Classic",NA,0.0214892553723138,NA,NA,NA,8,5,4,0.290104947526237,0.0796687435799387
"ESCA","SMAD4","per_event_HM_vs_rest","HM_vs_rest","CNA_driver",0.53781512605042,3.07186990630043,0.159028836744209,61.7430727855146,8,5,4,1,1
"ESCA","SMAD4","per_event_HM_vs_rest","HM_vs_rest","CI_M",NA,NA,NA,NA,8,5,4,NA,NA
"ESCA","SMAD4","per_event_HM_vs_rest","HM_vs_rest","M",0.619909502262443,2.00863490894652,0.161913406611395,32.901855551776,8,5,4,1,1
"ESCA","SMAD4","per_event_HM_vs_rest","HM_vs_rest","WT",0.244505494505495,0,0,2.43828021428563,8,5,4,1,1
"ESCA","SMAD4","per_event_pairwise","HM_vs_Classic","CNA_driver",0.444444444444445,Inf,0.152327042727835,Inf,8,5,4,0.820924861172539,0.698888888888889
"ESCA","SMAD4","per_event_pairwise","HM_vs_Classic","CI_M",NA,NA,NA,NA,8,5,4,NA,NA
"ESCA","SMAD4","per_event_pairwise","HM_vs_Classic","M",0.444444444444445,0,0,6.56482251668678,8,5,4,0.820924861172539,0.698888888888889
"ESCA","SMAD4","per_event_pairwise","HM_vs_Classic","WT",NA,NA,NA,NA,8,5,4,NA,NA
"ESCA","SMAD4","per_event_pairwise","HM_vs_WGD","CNA_driver",1,1.89180168277808,0.0924882954232575,39.9888087169429,8,5,4,1,1
"ESCA","SMAD4","per_event_pairwise","HM_vs_WGD","CI_M",NA,NA,NA,NA,8,5,4,NA,NA
"ESCA","SMAD4","per_event_pairwise","HM_vs_WGD","M",0.216783216783217,8.36696171698196,0.419805902657931,623.892701287045,8,5,4,0.770750988142292,0.449280538242647
"ESCA","SMAD4","per_event_pairwise","HM_vs_WGD","WT",0.0753690753690753,0,0,1.31368508491465,8,5,4,0.751923286477063,0.235271207975923
"ESCA","SMAD4","per_event_pairwise","WGD_vs_Classic","CNA_driver",0.515151515151515,Inf,0.0902004863555119,Inf,8,5,4,0.820924861172539,0.750939288598617
"ESCA","SMAD4","per_event_pairwise","WGD_vs_Classic","CI_M",NA,NA,NA,NA,8,5,4,NA,NA
"ESCA","SMAD4","per_event_pairwise","WGD_vs_Classic","M",0.0101010101010101,0,0,0.660601492840294,8,5,4,0.22359821121431,0.0569405971068021
"ESCA","SMAD4","per_event_pairwise","WGD_vs_Classic","WT",0.0808080808080808,Inf,0.572699220068471,Inf,8,5,4,0.751923286477063,0.243568812140241
"ESCA","STAG1","per_event_HM_vs_rest","HM_vs_rest","CNA_driver",NA,NA,NA,NA,13,7,0,NA,NA
"ESCA","STAG1","per_event_HM_vs_rest","HM_vs_rest","CI_M",NA,NA,NA,NA,13,7,0,NA,NA
"ESCA","STAG1","per_event_HM_vs_rest","HM_vs_rest","M",NA,NA,NA,NA,13,7,0,NA,NA
"ESCA","STAG1","per_event_HM_vs_rest","HM_vs_rest","WT",NA,NA,NA,NA,13,7,0,NA,NA
"ESCA","STAG1","per_event_pairwise","HM_vs_WGD","CNA_driver",NA,NA,NA,NA,13,7,0,NA,NA
"ESCA","STAG1","per_event_pairwise","HM_vs_WGD","CI_M",NA,NA,NA,NA,13,7,0,NA,NA
"ESCA","STAG1","per_event_pairwise","HM_vs_WGD","M",NA,NA,NA,NA,13,7,0,NA,NA
"ESCA","STAG1","per_event_pairwise","HM_vs_WGD","WT",NA,NA,NA,NA,13,7,0,NA,NA
"ESCA","TGFBR1","per_event_HM_vs_rest","HM_vs_rest","CNA_driver",NA,NA,NA,NA,9,3,0,NA,NA
"ESCA","TGFBR1","per_event_HM_vs_rest","HM_vs_rest","CI_M",NA,NA,NA,NA,9,3,0,NA,NA
"ESCA","TGFBR1","per_event_HM_vs_rest","HM_vs_rest","M",NA,NA,NA,NA,9,3,0,NA,NA
"ESCA","TGFBR1","per_event_HM_vs_rest","HM_vs_rest","WT",NA,NA,NA,NA,9,3,0,NA,NA
"ESCA","TGFBR1","per_event_pairwise","HM_vs_WGD","CNA_driver",NA,NA,NA,NA,9,3,0,NA,NA
"ESCA","TGFBR1","per_event_pairwise","HM_vs_WGD","CI_M",NA,NA,NA,NA,9,3,0,NA,NA
"ESCA","TGFBR1","per_event_pairwise","HM_vs_WGD","M",NA,NA,NA,NA,9,3,0,NA,NA
"ESCA","TGFBR1","per_event_pairwise","HM_vs_WGD","WT",NA,NA,NA,NA,9,3,0,NA,NA
"ESCA","TGFBR2","global","HM_vs_WGD",NA,1,NA,NA,NA,11,5,0,1,1
"ESCA","TGFBR2","pairwise_all_events","HM_vs_WGD",NA,1,NA,NA,NA,11,5,0,1,1
"ESCA","TGFBR2","per_event_HM_vs_rest","HM_vs_rest","CNA_driver",NA,NA,NA,NA,11,5,0,NA,NA
"ESCA","TGFBR2","per_event_HM_vs_rest","HM_vs_rest","CI_M",NA,NA,NA,NA,11,5,0,NA,NA
"ESCA","TGFBR2","per_event_HM_vs_rest","HM_vs_rest","M",1,0,0,85.6864654333008,11,5,0,1,1
"ESCA","TGFBR2","per_event_HM_vs_rest","HM_vs_rest","WT",1,Inf,0.0116704545454545,Inf,11,5,0,1,1
"ESCA","TGFBR2","per_event_pairwise","HM_vs_WGD","CNA_driver",NA,NA,NA,NA,11,5,0,NA,NA
"ESCA","TGFBR2","per_event_pairwise","HM_vs_WGD","CI_M",NA,NA,NA,NA,11,5,0,NA,NA
"ESCA","TGFBR2","per_event_pairwise","HM_vs_WGD","M",1,0,0,85.6864654333008,11,5,0,1,1
"ESCA","TGFBR2","per_event_pairwise","HM_vs_WGD","WT",1,Inf,0.0116704545454545,Inf,11,5,0,1,1
"ESCA","TP53","global","Classic_vs_HM_vs_WGD",NA,0.348325837081459,NA,NA,NA,27,9,6,0.592153923038481,0.467450257555205
"ESCA","TP53","pairwise_all_events","HM_vs_Classic",NA,0.4,NA,NA,NA,27,9,6,0.670588235294118,0.606651603775577
"ESCA","TP53","pairwise_all_events","HM_vs_WGD",NA,1,NA,NA,NA,27,9,6,1,1
"ESCA","TP53","pairwise_all_events","WGD_vs_Classic",NA,0.20039980009995,NA,NA,NA,27,9,6,0.525974025974026,0.389932157592246
"ESCA","TP53","per_event_HM_vs_rest","HM_vs_rest","CNA_driver",1,0,0,142.683421159303,27,9,6,1,1
"ESCA","TP53","per_event_HM_vs_rest","HM_vs_rest","CI_M",NA,NA,NA,NA,27,9,6,NA,NA
"ESCA","TP53","per_event_HM_vs_rest","HM_vs_rest","M",1,Inf,0.107930979246231,Inf,27,9,6,1,1
"ESCA","TP53","per_event_HM_vs_rest","HM_vs_rest","WT",1,0,0,20.1489976711147,27,9,6,1,1
"ESCA","TP53","per_event_pairwise","HM_vs_Classic","CNA_driver",0.4,0,0,26.0001586923748,27,9,6,0.820924861172539,0.6526588845655
"ESCA","TP53","per_event_pairwise","HM_vs_Classic","CI_M",NA,NA,NA,NA,27,9,6,NA,NA
"ESCA","TP53","per_event_pairwise","HM_vs_Classic","M",0.4,Inf,0.0384613037109375,Inf,27,9,6,0.820924861172539,0.6526588845655
"ESCA","TP53","per_event_pairwise","HM_vs_Classic","WT",NA,NA,NA,NA,27,9,6,NA,NA
"ESCA","TP53","per_event_pairwise","HM_vs_WGD","CNA_driver",NA,NA,NA,NA,27,9,6,NA,NA
"ESCA","TP53","per_event_pairwise","HM_vs_WGD","CI_M",NA,NA,NA,NA,27,9,6,NA,NA
"ESCA","TP53","per_event_pairwise","HM_vs_WGD","M",1,Inf,0.0609183255855104,Inf,27,9,6,1,1
"ESCA","TP53","per_event_pairwise","HM_vs_WGD","WT",1,0,0,16.4154216385398,27,9,6,1,1
"ESCA","TP53","per_event_pairwise","WGD_vs_Classic","CNA_driver",0.181818181818182,0,0,8.66667164135123,27,9,6,0.770750988142292,0.404827031375704
"ESCA","TP53","per_event_pairwise","WGD_vs_Classic","CI_M",NA,NA,NA,NA,27,9,6,NA,NA
"ESCA","TP53","per_event_pairwise","WGD_vs_Classic","M",0.463892961876833,2.4149488779305,0.0353714442427707,55.4945490278878,27,9,6,0.820924861172539,0.717807313703635
"ESCA","TP53","per_event_pairwise","WGD_vs_Classic","WT",1,Inf,0.0395280198558113,Inf,27,9,6,1,1
"ESCA","ZNF750","per_event_HM_vs_rest","HM_vs_rest","CNA_driver",NA,NA,NA,NA,12,5,1,NA,NA
"ESCA","ZNF750","per_event_HM_vs_rest","HM_vs_rest","CI_M",NA,NA,NA,NA,12,5,1,NA,NA
"ESCA","ZNF750","per_event_HM_vs_rest","HM_vs_rest","M",NA,NA,NA,NA,12,5,1,NA,NA
"ESCA","ZNF750","per_event_HM_vs_rest","HM_vs_rest","WT",NA,NA,NA,NA,12,5,1,NA,NA
"ESCA","ZNF750","per_event_pairwise","HM_vs_WGD","CNA_driver",NA,NA,NA,NA,12,5,1,NA,NA
"ESCA","ZNF750","per_event_pairwise","HM_vs_WGD","CI_M",NA,NA,NA,NA,12,5,1,NA,NA
"ESCA","ZNF750","per_event_pairwise","HM_vs_WGD","M",NA,NA,NA,NA,12,5,1,NA,NA
"ESCA","ZNF750","per_event_pairwise","HM_vs_WGD","WT",NA,NA,NA,NA,12,5,1,NA,NA
"HCC","ACVR2A","global","Classic_vs_HM_vs_WGD",NA,0.00849575212393803,NA,NA,NA,27,3,6,0.0270319385761665,0.0254766600920447
"HCC","ACVR2A","pairwise_all_events","HM_vs_Classic",NA,0.166666666666667,NA,NA,NA,27,3,6,0.361111111111111,0.351633986928105
"HCC","ACVR2A","pairwise_all_events","HM_vs_WGD",NA,1,NA,NA,NA,27,3,6,1,1
"HCC","ACVR2A","pairwise_all_events","WGD_vs_Classic",NA,0.00490082775955968,NA,NA,NA,27,3,6,0.0318553804371379,0.0263664533464311
"HCC","ACVR2A","per_event_HM_vs_rest","HM_vs_rest","CNA_driver",NA,NA,NA,NA,27,3,6,NA,NA
"HCC","ACVR2A","per_event_HM_vs_rest","HM_vs_rest","CI_M",NA,NA,NA,NA,27,3,6,NA,NA
"HCC","ACVR2A","per_event_HM_vs_rest","HM_vs_rest","M",1,0,0,13.1793660190223,27,3,6,1,1
"HCC","ACVR2A","per_event_HM_vs_rest","HM_vs_rest","WT",1,Inf,0.0758761839193678,Inf,27,3,6,1,1
"HCC","ACVR2A","per_event_pairwise","HM_vs_Classic","CNA_driver",NA,NA,NA,NA,27,3,6,NA,NA
"HCC","ACVR2A","per_event_pairwise","HM_vs_Classic","CI_M",NA,NA,NA,NA,27,3,6,NA,NA
"HCC","ACVR2A","per_event_pairwise","HM_vs_Classic","M",0.166666666666667,0,0,2.64605950689025,27,3,6,0.386243386243387,0.386838868388684
"HCC","ACVR2A","per_event_pairwise","HM_vs_Classic","WT",0.166666666666667,Inf,0.377920450162226,Inf,27,3,6,0.386243386243387,0.386838868388684
"HCC","ACVR2A","per_event_pairwise","HM_vs_WGD","CNA_driver",NA,NA,NA,NA,27,3,6,NA,NA
"HCC","ACVR2A","per_event_pairwise","HM_vs_WGD","CI_M",NA,NA,NA,NA,27,3,6,NA,NA
"HCC","ACVR2A","per_event_pairwise","HM_vs_WGD","M",1,0,0,55.3950776342451,27,3,6,1,1
"HCC","ACVR2A","per_event_pairwise","HM_vs_WGD","WT",1,Inf,0.0180521454740557,Inf,27,3,6,1,1
"HCC","ACVR2A","per_event_pairwise","WGD_vs_Classic","CNA_driver",NA,NA,NA,NA,27,3,6,NA,NA
"HCC","ACVR2A","per_event_pairwise","WGD_vs_Classic","CI_M",NA,NA,NA,NA,27,3,6,NA,NA
"HCC","ACVR2A","per_event_pairwise","WGD_vs_Classic","M",0.00490082775955968,0.0482455709645067,0.00259549708525941,0.547494007334064,27,3,6,0.0397511584942063,0.032969204927947
"HCC","ACVR2A","per_event_pairwise","WGD_vs_Classic","WT",0.00490082775955968,20.7272912312652,1.82650401028012,385.282651897122,27,3,6,0.0397511584942063,0.032969204927947
"HCC","AFF4","per_event_HM_vs_rest","HM_vs_rest","CNA_driver",NA,NA,NA,NA,23,9,12,NA,NA
"HCC","AFF4","per_event_HM_vs_rest","HM_vs_rest","CI_M",NA,NA,NA,NA,23,9,12,NA,NA
"HCC","AFF4","per_event_HM_vs_rest","HM_vs_rest","M",NA,NA,NA,NA,23,9,12,NA,NA
"HCC","AFF4","per_event_HM_vs_rest","HM_vs_rest","WT",NA,NA,NA,NA,23,9,12,NA,NA
"HCC","AFF4","per_event_pairwise","HM_vs_Classic","CNA_driver",NA,NA,NA,NA,23,9,12,NA,NA
"HCC","AFF4","per_event_pairwise","HM_vs_Classic","CI_M",NA,NA,NA,NA,23,9,12,NA,NA
"HCC","AFF4","per_event_pairwise","HM_vs_Classic","M",NA,NA,NA,NA,23,9,12,NA,NA
"HCC","AFF4","per_event_pairwise","HM_vs_Classic","WT",NA,NA,NA,NA,23,9,12,NA,NA
"HCC","AFF4","per_event_pairwise","HM_vs_WGD","CNA_driver",NA,NA,NA,NA,23,9,12,NA,NA
"HCC","AFF4","per_event_pairwise","HM_vs_WGD","CI_M",NA,NA,NA,NA,23,9,12,NA,NA
"HCC","AFF4","per_event_pairwise","HM_vs_WGD","M",NA,NA,NA,NA,23,9,12,NA,NA
"HCC","AFF4","per_event_pairwise","HM_vs_WGD","WT",NA,NA,NA,NA,23,9,12,NA,NA
"HCC","AFF4","per_event_pairwise","WGD_vs_Classic","CNA_driver",NA,NA,NA,NA,23,9,12,NA,NA
"HCC","AFF4","per_event_pairwise","WGD_vs_Classic","CI_M",NA,NA,NA,NA,23,9,12,NA,NA
"HCC","AFF4","per_event_pairwise","WGD_vs_Classic","M",NA,NA,NA,NA,23,9,12,NA,NA
"HCC","AFF4","per_event_pairwise","WGD_vs_Classic","WT",NA,NA,NA,NA,23,9,12,NA,NA
"HCC","AKAP9","per_event_HM_vs_rest","HM_vs_rest","CNA_driver",NA,NA,NA,NA,18,9,26,NA,NA
"HCC","AKAP9","per_event_HM_vs_rest","HM_vs_rest","CI_M",NA,NA,NA,NA,18,9,26,NA,NA
"HCC","AKAP9","per_event_HM_vs_rest","HM_vs_rest","M",NA,NA,NA,NA,18,9,26,NA,NA
"HCC","AKAP9","per_event_HM_vs_rest","HM_vs_rest","WT",NA,NA,NA,NA,18,9,26,NA,NA
"HCC","AKAP9","per_event_pairwise","HM_vs_Classic","CNA_driver",NA,NA,NA,NA,18,9,26,NA,NA
"HCC","AKAP9","per_event_pairwise","HM_vs_Classic","CI_M",NA,NA,NA,NA,18,9,26,NA,NA
"HCC","AKAP9","per_event_pairwise","HM_vs_Classic","M",NA,NA,NA,NA,18,9,26,NA,NA
"HCC","AKAP9","per_event_pairwise","HM_vs_Classic","WT",NA,NA,NA,NA,18,9,26,NA,NA
"HCC","AKAP9","per_event_pairwise","HM_vs_WGD","CNA_driver",NA,NA,NA,NA,18,9,26,NA,NA
"HCC","AKAP9","per_event_pairwise","HM_vs_WGD","CI_M",NA,NA,NA,NA,18,9,26,NA,NA
"HCC","AKAP9","per_event_pairwise","HM_vs_WGD","M",NA,NA,NA,NA,18,9,26,NA,NA
"HCC","AKAP9","per_event_pairwise","HM_vs_WGD","WT",NA,NA,NA,NA,18,9,26,NA,NA
"HCC","AKAP9","per_event_pairwise","WGD_vs_Classic","CNA_driver",NA,NA,NA,NA,18,9,26,NA,NA
"HCC","AKAP9","per_event_pairwise","WGD_vs_Classic","CI_M",NA,NA,NA,NA,18,9,26,NA,NA
"HCC","AKAP9","per_event_pairwise","WGD_vs_Classic","M",NA,NA,NA,NA,18,9,26,NA,NA
"HCC","AKAP9","per_event_pairwise","WGD_vs_Classic","WT",NA,NA,NA,NA,18,9,26,NA,NA
"HCC","ALB","per_event_pairwise","WGD_vs_Classic","CNA_driver",NA,NA,NA,NA,3,2,11,NA,NA
"HCC","ALB","per_event_pairwise","WGD_vs_Classic","CI_M",NA,NA,NA,NA,3,2,11,NA,NA
"HCC","ALB","per_event_pairwise","WGD_vs_Classic","M",NA,NA,NA,NA,3,2,11,NA,NA
"HCC","ALB","per_event_pairwise","WGD_vs_Classic","WT",NA,NA,NA,NA,3,2,11,NA,NA
"HCC","ALK","per_event_HM_vs_rest","HM_vs_rest","CNA_driver",NA,NA,NA,NA,29,4,6,NA,NA
"HCC","ALK","per_event_HM_vs_rest","HM_vs_rest","CI_M",NA,NA,NA,NA,29,4,6,NA,NA
"HCC","ALK","per_event_HM_vs_rest","HM_vs_rest","M",NA,NA,NA,NA,29,4,6,NA,NA
"HCC","ALK","per_event_HM_vs_rest","HM_vs_rest","WT",NA,NA,NA,NA,29,4,6,NA,NA
"HCC","ALK","per_event_pairwise","HM_vs_Classic","CNA_driver",NA,NA,NA,NA,29,4,6,NA,NA
"HCC","ALK","per_event_pairwise","HM_vs_Classic","CI_M",NA,NA,NA,NA,29,4,6,NA,NA
"HCC","ALK","per_event_pairwise","HM_vs_Classic","M",NA,NA,NA,NA,29,4,6,NA,NA
"HCC","ALK","per_event_pairwise","HM_vs_Classic","WT",NA,NA,NA,NA,29,4,6,NA,NA
"HCC","ALK","per_event_pairwise","HM_vs_WGD","CNA_driver",NA,NA,NA,NA,29,4,6,NA,NA
"HCC","ALK","per_event_pairwise","HM_vs_WGD","CI_M",NA,NA,NA,NA,29,4,6,NA,NA
"HCC","ALK","per_event_pairwise","HM_vs_WGD","M",NA,NA,NA,NA,29,4,6,NA,NA
"HCC","ALK","per_event_pairwise","HM_vs_WGD","WT",NA,NA,NA,NA,29,4,6,NA,NA
"HCC","ALK","per_event_pairwise","WGD_vs_Classic","CNA_driver",NA,NA,NA,NA,29,4,6,NA,NA
"HCC","ALK","per_event_pairwise","WGD_vs_Classic","CI_M",NA,NA,NA,NA,29,4,6,NA,NA
"HCC","ALK","per_event_pairwise","WGD_vs_Classic","M",NA,NA,NA,NA,29,4,6,NA,NA
"HCC","ALK","per_event_pairwise","WGD_vs_Classic","WT",NA,NA,NA,NA,29,4,6,NA,NA
"HCC","APC","global","Classic_vs_HM_vs_WGD",NA,0.452773613193403,NA,NA,NA,23,8,15,0.511196014895778,0.572897224856959
"HCC","APC","pairwise_all_events","HM_vs_Classic",NA,1,NA,NA,NA,23,8,15,1,1
"HCC","APC","pairwise_all_events","HM_vs_WGD",NA,0.448775612193903,NA,NA,NA,23,8,15,0.71147353152692,0.649035697205161
"HCC","APC","pairwise_all_events","WGD_vs_Classic",NA,0.636181909045477,NA,NA,NA,23,8,15,0.898952697564261,0.818817863795375
"HCC","APC","per_event_HM_vs_rest","HM_vs_rest","CNA_driver",1,0,0,184.718213580434,23,8,15,1,1
"HCC","APC","per_event_HM_vs_rest","HM_vs_rest","CI_M",NA,NA,NA,NA,23,8,15,NA,NA
"HCC","APC","per_event_HM_vs_rest","HM_vs_rest","M",0.320772946859903,5.01084029968492,0.0589744797318905,424.064629116001,23,8,15,1,1
"HCC","APC","per_event_HM_vs_rest","HM_vs_rest","WT",0.444268774703557,0.399238882487311,0.0183138474915921,26.1882451998451,23,8,15,1,1
"HCC","APC","per_event_pairwise","HM_vs_Classic","CNA_driver",NA,NA,NA,NA,23,8,15,NA,NA
"HCC","APC","per_event_pairwise","HM_vs_Classic","CI_M",NA,NA,NA,NA,23,8,15,NA,NA
"HCC","APC","per_event_pairwise","HM_vs_Classic","M",1,1.93655160081997,0.0223194997173723,167.763554960023,23,8,15,1,1
"HCC","APC","per_event_pairwise","HM_vs_Classic","WT",1,0.51638179926452,0.0059607702056522,44.8038716218021,23,8,15,1,1
"HCC","APC","per_event_pairwise","HM_vs_WGD","CNA_driver",1,0,0,111.93065166147,23,8,15,1,1
"HCC","APC","per_event_pairwise","HM_vs_WGD","CI_M",NA,NA,NA,NA,23,8,15,NA,NA
"HCC","APC","per_event_pairwise","HM_vs_WGD","M",0.258064516129032,Inf,0.0737178350564709,Inf,23,8,15,0.509154315605928,0.48818821246665
"HCC","APC","per_event_pairwise","HM_vs_WGD","WT",0.455913978494624,0.332680884451607,0.00389018387951088,28.5150782564769,23,8,15,0.732441471571906,0.712051174014822
"HCC","APC","per_event_pairwise","WGD_vs_Classic","CNA_driver",1,Inf,0.0167377717391305,Inf,23,8,15,1,1
"HCC","APC","per_event_pairwise","WGD_vs_Classic","CI_M",NA,NA,NA,NA,23,8,15,NA,NA
"HCC","APC","per_event_pairwise","WGD_vs_Classic","M",0.394736842105263,0,0,25.4349309108858,23,8,15,0.662431941923775,0.6526588845655
"HCC","APC","per_event_pairwise","WGD_vs_Classic","WT",1,1.55221475966032,0.018704766972659,128.735211966914,23,8,15,1,1
"HCC","ARID1A","global","Classic_vs_HM_vs_WGD",NA,0.000499750124937531,NA,NA,NA,31,3,16,0.0029152090621356,0.00281677343146609
"HCC","ARID1A","pairwise_all_events","HM_vs_Classic",NA,0.0349825087456272,NA,NA,NA,31,3,16,0.15592203898051,0.118368488711619
"HCC","ARID1A","pairwise_all_events","HM_vs_WGD",NA,0.634182908545727,NA,NA,NA,31,3,16,0.898952697564261,0.818202409586574
"HCC","ARID1A","pairwise_all_events","WGD_vs_Classic",NA,0.000499750124937531,NA,NA,NA,31,3,16,0.00464053687441993,0.00407372071539988
"HCC","ARID1A","per_event_HM_vs_rest","HM_vs_rest","CNA_driver",1,0.808970773785618,0.0129506152437346,16.6031416214583,31,3,16,1,1
"HCC","ARID1A","per_event_HM_vs_rest","HM_vs_rest","CI_M",NA,NA,NA,NA,31,3,16,NA,NA
"HCC","ARID1A","per_event_HM_vs_rest","HM_vs_rest","M",1,0,0,19.6216745308988,31,3,16,1,1
"HCC","ARID1A","per_event_HM_vs_rest","HM_vs_rest","WT",1,2.0574014066516,0.100650745236584,128.065725279583,31,3,16,1,1
"HCC","ARID1A","per_event_pairwise","HM_vs_Classic","CNA_driver",0.2218782249742,0.186548167290432,0.0026217245961085,4.46120168527171,31,3,16,0.456256631637088,0.454561878952123
"HCC","ARID1A","per_event_pairwise","HM_vs_Classic","CI_M",NA,NA,NA,NA,31,3,16,NA,NA
"HCC","ARID1A","per_event_pairwise","HM_vs_Classic","M",1,0,0,10.1579920156443,31,3,16,1,1
"HCC","ARID1A","per_event_pairwise","HM_vs_Classic","WT",0.0175438596491228,Inf,1.23842129805681,Inf,31,3,16,0.116427432216906,0.0845600591517106
"HCC","ARID1A","per_event_pairwise","HM_vs_WGD","CNA_driver",0.511196524064171,2.03095307389977,0.030312514381538,45.514247978475,31,3,16,0.761578495034377,0.74801721877063
"HCC","ARID1A","per_event_pairwise","HM_vs_WGD","CI_M",NA,NA,NA,NA,31,3,16,NA,NA
"HCC","ARID1A","per_event_pairwise","HM_vs_WGD","M",1,0,0,63.7517474266188,31,3,16,1,1
"HCC","ARID1A","per_event_pairwise","HM_vs_WGD","WT",1,0.703642150128944,0.0323499776626935,46.1144432410399,31,3,16,1,1
"HCC","ARID1A","per_event_pairwise","WGD_vs_Classic","CNA_driver",0.000360124657171209,0.0858867606260653,0.0144559247980973,0.40351026661519,31,3,16,0.00438151666224971,0.00390548981656363
"HCC","ARID1A","per_event_pairwise","WGD_vs_Classic","CI_M",NA,NA,NA,NA,31,3,16,NA,NA
"HCC","ARID1A","per_event_pairwise","WGD_vs_Classic","M",0.160743680159381,0.214902532114231,0.017274267488053,1.72710057529109,31,3,16,0.386243386243387,0.382135966405629
"HCC","ARID1A","per_event_pairwise","WGD_vs_Classic","WT",6.52346146607621e-07,Inf,8.07520133826926,Inf,31,3,16,9.52425374047127e-05,2.73550484144129e-05
"HCC","ARID1B","global","Classic_vs_WGD",NA,0.178571428571429,NA,NA,NA,23,2,5,0.25,0.280881908788886
"HCC","ARID1B","pairwise_all_events","WGD_vs_Classic",NA,0.178571428571429,NA,NA,NA,23,2,5,0.374423963133641,0.368089764641489
"HCC","ARID1B","per_event_pairwise","WGD_vs_Classic","CNA_driver",NA,NA,NA,NA,23,2,5,NA,NA
"HCC","ARID1B","per_event_pairwise","WGD_vs_Classic","CI_M",NA,NA,NA,NA,23,2,5,NA,NA
"HCC","ARID1B","per_event_pairwise","WGD_vs_Classic","M",0.178571428571428,0,0,8.47826549985612,23,2,5,0.395021645021645,0.403734718499456
"HCC","ARID1B","per_event_pairwise","WGD_vs_Classic","WT",0.178571428571429,Inf,0.117948653532609,Inf,23,2,5,0.395021645021645,0.403734718499456
"HCC","ARID2","global","Classic_vs_WGD",NA,3.67765148550127e-05,NA,NA,NA,29,2,11,0.00128717801992544,0.00281677343146609
"HCC","ARID2","pairwise_all_events","WGD_vs_Classic",NA,3.67765148550127e-05,NA,NA,NA,29,2,11,0.00119523673278791,0.00179870590836335
"HCC","ARID2","per_event_pairwise","WGD_vs_Classic","CNA_driver",NA,NA,NA,NA,29,2,11,NA,NA
"HCC","ARID2","per_event_pairwise","WGD_vs_Classic","CI_M",NA,NA,NA,NA,29,2,11,NA,NA
"HCC","ARID2","per_event_pairwise","WGD_vs_Classic","M",3.67765148550127e-05,0.0302649244097789,0.00218396373040934,0.228010576229421,29,2,11,0.000767053024118838,0.000680365524817737
"HCC","ARID2","per_event_pairwise","WGD_vs_Classic","WT",3.67765148550128e-05,33.0415495661008,4.38576147008994,457.883061919055,29,2,11,0.000767053024118838,0.000680365524817737
"HCC","ATM","per_event_HM_vs_rest","HM_vs_rest","CNA_driver",NA,NA,NA,NA,23,3,0,NA,NA
"HCC","ATM","per_event_HM_vs_rest","HM_vs_rest","CI_M",NA,NA,NA,NA,23,3,0,NA,NA
"HCC","ATM","per_event_HM_vs_rest","HM_vs_rest","M",NA,NA,NA,NA,23,3,0,NA,NA
"HCC","ATM","per_event_HM_vs_rest","HM_vs_rest","WT",NA,NA,NA,NA,23,3,0,NA,NA
"HCC","ATM","per_event_pairwise","HM_vs_WGD","CNA_driver",NA,NA,NA,NA,23,3,0,NA,NA
"HCC","ATM","per_event_pairwise","HM_vs_WGD","CI_M",NA,NA,NA,NA,23,3,0,NA,NA
"HCC","ATM","per_event_pairwise","HM_vs_WGD","M",NA,NA,NA,NA,23,3,0,NA,NA
"HCC","ATM","per_event_pairwise","HM_vs_WGD","WT",NA,NA,NA,NA,23,3,0,NA,NA
"HCC","AXIN1","global","Classic_vs_WGD",NA,0.000499750124937531,NA,NA,NA,18,1,18,0.0029152090621356,0.00281677343146609
"HCC","AXIN1","pairwise_all_events","WGD_vs_Classic",NA,0.000499750124937531,NA,NA,NA,18,1,18,0.00464053687441993,0.00407372071539988
"HCC","AXIN1","per_event_pairwise","WGD_vs_Classic","CNA_driver",0.17741935483871,0.160493885175133,0.00306367024025818,1.68777972562182,18,1,18,0.395021645021645,0.402876441131943
"HCC","AXIN1","per_event_pairwise","WGD_vs_Classic","CI_M",NA,NA,NA,NA,18,1,18,NA,NA
"HCC","AXIN1","per_event_pairwise","WGD_vs_Classic","M",0.00272789872344933,0.0515420945384801,0.0010321840294706,0.466553781594021,18,1,18,0.0248920758514752,0.0207981611763592
"HCC","AXIN1","per_event_pairwise","WGD_vs_Classic","WT",2.96877116531806e-05,33.8129315587782,4.67949575352408,458.711627301419,18,1,18,0.000767053024118838,0.00058354908218283
"HCC","BAP1","global","Classic_vs_HM_vs_WGD",NA,0.314342828585707,NA,NA,NA,30,5,7,0.392928535732134,0.429961230838325
"HCC","BAP1","pairwise_all_events","HM_vs_Classic",NA,1,NA,NA,NA,30,5,7,1,1
"HCC","BAP1","pairwise_all_events","HM_vs_WGD",NA,0.379679144385027,NA,NA,NA,30,5,7,0.632798573975045,0.590368149361689
"HCC","BAP1","pairwise_all_events","WGD_vs_Classic",NA,0.477477477477477,NA,NA,NA,30,5,7,0.721768279907815,0.674233288406517
"HCC","BAP1","per_event_HM_vs_rest","HM_vs_rest","CNA_driver",NA,NA,NA,NA,30,5,7,NA,NA
"HCC","BAP1","per_event_HM_vs_rest","HM_vs_rest","CI_M",NA,NA,NA,NA,30,5,7,NA,NA
"HCC","BAP1","per_event_HM_vs_rest","HM_vs_rest","M",0.409943714821764,2.73956966340396,0.0432679906578134,45.9177802519537,30,5,7,1,1
"HCC","BAP1","per_event_HM_vs_rest","HM_vs_rest","WT",0.409943714821764,0.365020832781993,0.0217780562238187,23.1117735026926,30,5,7,1,1
"HCC","BAP1","per_event_pairwise","HM_vs_Classic","CNA_driver",NA,NA,NA,NA,30,5,7,NA,NA
"HCC","BAP1","per_event_pairwise","HM_vs_Classic","CI_M",NA,NA,NA,NA,30,5,7,NA,NA
"HCC","BAP1","per_event_pairwise","HM_vs_Classic","M",1,1.44910495160422,0.0153267838431345,136.917686970801,30,5,7,1,1
"HCC","BAP1","per_event_pairwise","HM_vs_Classic","WT",1,0.690081142082192,0.00730365829371088,65.2452602081908,30,5,7,1,1
"HCC","BAP1","per_event_pairwise","HM_vs_WGD","CNA_driver",NA,NA,NA,NA,30,5,7,NA,NA
"HCC","BAP1","per_event_pairwise","HM_vs_WGD","CI_M",NA,NA,NA,NA,30,5,7,NA,NA
"HCC","BAP1","per_event_pairwise","HM_vs_WGD","M",0.379679144385027,3.32808276644486,0.0475508297895887,79.2708654159565,30,5,7,0.644571570700162,0.63431123988893
"HCC","BAP1","per_event_pairwise","HM_vs_WGD","WT",0.379679144385027,0.300473296542509,0.0126149751835396,21.0301272222794,30,5,7,0.644571570700162,0.63431123988893
"HCC","BAP1","per_event_pairwise","WGD_vs_Classic","CNA_driver",NA,NA,NA,NA,30,5,7,NA,NA
"HCC","BAP1","per_event_pairwise","WGD_vs_Classic","CI_M",NA,NA,NA,NA,30,5,7,NA,NA
"HCC","BAP1","per_event_pairwise","WGD_vs_Classic","M",0.477477477477478,0.440780382307049,0.0197340087501467,29.4558960007908,30,5,7,0.741613954379912,0.728080808080808
"HCC","BAP1","per_event_pairwise","WGD_vs_Classic","WT",0.477477477477477,2.26870350891295,0.0339490606557396,50.6739412483828,30,5,7,0.741613954379912,0.728080808080808
"HCC","BIRC6","per_event_HM_vs_rest","HM_vs_rest","CNA_driver",NA,NA,NA,NA,29,4,6,NA,NA
"HCC","BIRC6","per_event_HM_vs_rest","HM_vs_rest","CI_M",NA,NA,NA,NA,29,4,6,NA,NA
"HCC","BIRC6","per_event_HM_vs_rest","HM_vs_rest","M",NA,NA,NA,NA,29,4,6,NA,NA
"HCC","BIRC6","per_event_HM_vs_rest","HM_vs_rest","WT",NA,NA,NA,NA,29,4,6,NA,NA
"HCC","BIRC6","per_event_pairwise","HM_vs_Classic","CNA_driver",NA,NA,NA,NA,29,4,6,NA,NA
"HCC","BIRC6","per_event_pairwise","HM_vs_Classic","CI_M",NA,NA,NA,NA,29,4,6,NA,NA
"HCC","BIRC6","per_event_pairwise","HM_vs_Classic","M",NA,NA,NA,NA,29,4,6,NA,NA
"HCC","BIRC6","per_event_pairwise","HM_vs_Classic","WT",NA,NA,NA,NA,29,4,6,NA,NA
"HCC","BIRC6","per_event_pairwise","HM_vs_WGD","CNA_driver",NA,NA,NA,NA,29,4,6,NA,NA
"HCC","BIRC6","per_event_pairwise","HM_vs_WGD","CI_M",NA,NA,NA,NA,29,4,6,NA,NA
"HCC","BIRC6","per_event_pairwise","HM_vs_WGD","M",NA,NA,NA,NA,29,4,6,NA,NA
"HCC","BIRC6","per_event_pairwise","HM_vs_WGD","WT",NA,NA,NA,NA,29,4,6,NA,NA
"HCC","BIRC6","per_event_pairwise","WGD_vs_Classic","CNA_driver",NA,NA,NA,NA,29,4,6,NA,NA
"HCC","BIRC6","per_event_pairwise","WGD_vs_Classic","CI_M",NA,NA,NA,NA,29,4,6,NA,NA
"HCC","BIRC6","per_event_pairwise","WGD_vs_Classic","M",NA,NA,NA,NA,29,4,6,NA,NA
"HCC","BIRC6","per_event_pairwise","WGD_vs_Classic","WT",NA,NA,NA,NA,29,4,6,NA,NA
"HCC","BRCA2","global","Classic_vs_WGD",NA,0.142857142857143,NA,NA,NA,24,1,4,0.217391304347826,0.233082706766917
"HCC","BRCA2","pairwise_all_events","WGD_vs_Classic",NA,0.142857142857143,NA,NA,NA,24,1,4,0.343915343915344,0.312427409988386
"HCC","BRCA2","per_event_pairwise","WGD_vs_Classic","CNA_driver",NA,NA,NA,NA,24,1,4,NA,NA
"HCC","BRCA2","per_event_pairwise","WGD_vs_Classic","CI_M",NA,NA,NA,NA,24,1,4,NA,NA
"HCC","BRCA2","per_event_pairwise","WGD_vs_Classic","M",0.142857142857143,0,0,6.50000192016658,24,1,4,0.379220779220779,0.352380952380953
"HCC","BRCA2","per_event_pairwise","WGD_vs_Classic","WT",0.142857142857143,Inf,0.153846108398437,Inf,24,1,4,0.379220779220779,0.352380952380953
"HCC","BRD7","global","Classic_vs_WGD",NA,0.00949525237381309,NA,NA,NA,26,1,5,0.0276944860902882,0.0275096096811407
"HCC","BRD7","pairwise_all_events","WGD_vs_Classic",NA,0.0104947526236882,NA,NA,NA,26,1,5,0.0568465767116442,0.0466626191036713
"HCC","BRD7","per_event_pairwise","WGD_vs_Classic","CNA_driver",0.161290322580645,0,0,7.50000309448369,26,1,5,0.386243386243387,0.382135966405629
"HCC","BRD7","per_event_pairwise","WGD_vs_Classic","CI_M",NA,NA,NA,NA,26,1,5,NA,NA
"HCC","BRD7","per_event_pairwise","WGD_vs_Classic","M",0.0600667408231368,0.0708290646670138,0.000989195015396314,1.70874565178313,26,1,5,0.274054505005561,0.208740220871564
"HCC","BRD7","per_event_pairwise","WGD_vs_Classic","WT",0.0084220562529795,28.9597647717322,1.62143358535833,2002.08755597183,26,1,5,0.0647168533123688,0.0509579940859562
"HCC","CACNA1D","per_event_HM_vs_rest","HM_vs_rest","CNA_driver",NA,NA,NA,NA,32,4,6,NA,NA
"HCC","CACNA1D","per_event_HM_vs_rest","HM_vs_rest","CI_M",NA,NA,NA,NA,32,4,6,NA,NA
"HCC","CACNA1D","per_event_HM_vs_rest","HM_vs_rest","M",NA,NA,NA,NA,32,4,6,NA,NA
"HCC","CACNA1D","per_event_HM_vs_rest","HM_vs_rest","WT",NA,NA,NA,NA,32,4,6,NA,NA
"HCC","CACNA1D","per_event_pairwise","HM_vs_Classic","CNA_driver",NA,NA,NA,NA,32,4,6,NA,NA
"HCC","CACNA1D","per_event_pairwise","HM_vs_Classic","CI_M",NA,NA,NA,NA,32,4,6,NA,NA
"HCC","CACNA1D","per_event_pairwise","HM_vs_Classic","M",NA,NA,NA,NA,32,4,6,NA,NA
"HCC","CACNA1D","per_event_pairwise","HM_vs_Classic","WT",NA,NA,NA,NA,32,4,6,NA,NA
"HCC","CACNA1D","per_event_pairwise","HM_vs_WGD","CNA_driver",NA,NA,NA,NA,32,4,6,NA,NA
"HCC","CACNA1D","per_event_pairwise","HM_vs_WGD","CI_M",NA,NA,NA,NA,32,4,6,NA,NA
"HCC","CACNA1D","per_event_pairwise","HM_vs_WGD","M",NA,NA,NA,NA,32,4,6,NA,NA
"HCC","CACNA1D","per_event_pairwise","HM_vs_WGD","WT",NA,NA,NA,NA,32,4,6,NA,NA
"HCC","CACNA1D","per_event_pairwise","WGD_vs_Classic","CNA_driver",NA,NA,NA,NA,32,4,6,NA,NA
"HCC","CACNA1D","per_event_pairwise","WGD_vs_Classic","CI_M",NA,NA,NA,NA,32,4,6,NA,NA
"HCC","CACNA1D","per_event_pairwise","WGD_vs_Classic","M",NA,NA,NA,NA,32,4,6,NA,NA
"HCC","CACNA1D","per_event_pairwise","WGD_vs_Classic","WT",NA,NA,NA,NA,32,4,6,NA,NA
"HCC","CARD11","per_event_HM_vs_rest","HM_vs_rest","CNA_driver",NA,NA,NA,NA,17,8,19,NA,NA
"HCC","CARD11","per_event_HM_vs_rest","HM_vs_rest","CI_M",NA,NA,NA,NA,17,8,19,NA,NA
"HCC","CARD11","per_event_HM_vs_rest","HM_vs_rest","M",NA,NA,NA,NA,17,8,19,NA,NA
"HCC","CARD11","per_event_HM_vs_rest","HM_vs_rest","WT",NA,NA,NA,NA,17,8,19,NA,NA
"HCC","CARD11","per_event_pairwise","HM_vs_Classic","CNA_driver",NA,NA,NA,NA,17,8,19,NA,NA
"HCC","CARD11","per_event_pairwise","HM_vs_Classic","CI_M",NA,NA,NA,NA,17,8,19,NA,NA
"HCC","CARD11","per_event_pairwise","HM_vs_Classic","M",NA,NA,NA,NA,17,8,19,NA,NA
"HCC","CARD11","per_event_pairwise","HM_vs_Classic","WT",NA,NA,NA,NA,17,8,19,NA,NA
"HCC","CARD11","per_event_pairwise","HM_vs_WGD","CNA_driver",NA,NA,NA,NA,17,8,19,NA,NA
"HCC","CARD11","per_event_pairwise","HM_vs_WGD","CI_M",NA,NA,NA,NA,17,8,19,NA,NA
"HCC","CARD11","per_event_pairwise","HM_vs_WGD","M",NA,NA,NA,NA,17,8,19,NA,NA
"HCC","CARD11","per_event_pairwise","HM_vs_WGD","WT",NA,NA,NA,NA,17,8,19,NA,NA
"HCC","CARD11","per_event_pairwise","WGD_vs_Classic","CNA_driver",NA,NA,NA,NA,17,8,19,NA,NA
"HCC","CARD11","per_event_pairwise","WGD_vs_Classic","CI_M",NA,NA,NA,NA,17,8,19,NA,NA
"HCC","CARD11","per_event_pairwise","WGD_vs_Classic","M",NA,NA,NA,NA,17,8,19,NA,NA
"HCC","CARD11","per_event_pairwise","WGD_vs_Classic","WT",NA,NA,NA,NA,17,8,19,NA,NA
"HCC","CCND1","per_event_pairwise","WGD_vs_Classic","CNA_driver",NA,NA,NA,NA,3,1,3,NA,NA
"HCC","CCND1","per_event_pairwise","WGD_vs_Classic","CI_M",NA,NA,NA,NA,3,1,3,NA,NA
"HCC","CCND1","per_event_pairwise","WGD_vs_Classic","M",NA,NA,NA,NA,3,1,3,NA,NA
"HCC","CCND1","per_event_pairwise","WGD_vs_Classic","WT",NA,NA,NA,NA,3,1,3,NA,NA
"HCC","CDH11","per_event_pairwise","WGD_vs_Classic","CNA_driver",NA,NA,NA,NA,26,1,3,NA,NA
"HCC","CDH11","per_event_pairwise","WGD_vs_Classic","CI_M",NA,NA,NA,NA,26,1,3,NA,NA
"HCC","CDH11","per_event_pairwise","WGD_vs_Classic","M",NA,NA,NA,NA,26,1,3,NA,NA
"HCC","CDH11","per_event_pairwise","WGD_vs_Classic","WT",NA,NA,NA,NA,26,1,3,NA,NA
"HCC","CDKN1A","global","Classic_vs_HM_vs_WGD",NA,1,NA,NA,NA,17,7,15,1,1
"HCC","CDKN1A","pairwise_all_events","HM_vs_Classic",NA,1,NA,NA,NA,17,7,15,1,1
"HCC","CDKN1A","pairwise_all_events","HM_vs_WGD",NA,1,NA,NA,NA,17,7,15,1,1
"HCC","CDKN1A","pairwise_all_events","WGD_vs_Classic",NA,1,NA,NA,NA,17,7,15,1,1
"HCC","CDKN1A","per_event_HM_vs_rest","HM_vs_rest","CNA_driver",NA,NA,NA,NA,17,7,15,NA,NA
"HCC","CDKN1A","per_event_HM_vs_rest","HM_vs_rest","CI_M",NA,NA,NA,NA,17,7,15,NA,NA
"HCC","CDKN1A","per_event_HM_vs_rest","HM_vs_rest","M",1,0,0,7.43640729651137,17,7,15,1,1
"HCC","CDKN1A","per_event_HM_vs_rest","HM_vs_rest","WT",1,Inf,0.134473538111492,Inf,17,7,15,1,1
"HCC","CDKN1A","per_event_pairwise","HM_vs_Classic","CNA_driver",NA,NA,NA,NA,17,7,15,NA,NA
"HCC","CDKN1A","per_event_pairwise","HM_vs_Classic","CI_M",NA,NA,NA,NA,17,7,15,NA,NA
"HCC","CDKN1A","per_event_pairwise","HM_vs_Classic","M",1,0,0,11.6883836518978,17,7,15,1,1
"HCC","CDKN1A","per_event_pairwise","HM_vs_Classic","WT",1,Inf,0.0855550288031167,Inf,17,7,15,1,1
"HCC","CDKN1A","per_event_pairwise","HM_vs_WGD","CNA_driver",NA,NA,NA,NA,17,7,15,NA,NA
"HCC","CDKN1A","per_event_pairwise","HM_vs_WGD","CI_M",NA,NA,NA,NA,17,7,15,NA,NA
"HCC","CDKN1A","per_event_pairwise","HM_vs_WGD","M",1,0,0,13.3111606311956,17,7,15,1,1
"HCC","CDKN1A","per_event_pairwise","HM_vs_WGD","WT",1,Inf,0.0751249292008716,Inf,17,7,15,1,1
"HCC","CDKN1A","per_event_pairwise","WGD_vs_Classic","CNA_driver",NA,NA,NA,NA,17,7,15,NA,NA
"HCC","CDKN1A","per_event_pairwise","WGD_vs_Classic","CI_M",NA,NA,NA,NA,17,7,15,NA,NA
"HCC","CDKN1A","per_event_pairwise","WGD_vs_Classic","M",1,0.870563219086905,0.0556704889089732,13.6037111539883,17,7,15,1,1
"HCC","CDKN1A","per_event_pairwise","WGD_vs_Classic","WT",1,1.14868165582375,0.0735093526083004,17.9628384732726,17,7,15,1,1
"HCC","CDKN2A","global","Classic_vs_WGD",NA,0.00249875062468766,NA,NA,NA,29,2,9,0.009717363540452,0.00880241697333152
"HCC","CDKN2A","pairwise_all_events","WGD_vs_Classic",NA,0.00449775112443778,NA,NA,NA,29,2,9,0.0318553804371379,0.0244423242923993
"HCC","CDKN2A","per_event_pairwise","WGD_vs_Classic","CNA_driver",0.0101334481390409,0.101226600170009,0.0107818023494694,0.740716168942451,29,2,9,0.0713587487781037,0.0569405971068021
"HCC","CDKN2A","per_event_pairwise","WGD_vs_Classic","CI_M",NA,NA,NA,NA,29,2,9,NA,NA
"HCC","CDKN2A","per_event_pairwise","WGD_vs_Classic","M",0.23271692745377,0.271167005056932,0.0167852043061982,4.34855307257896,29,2,9,0.471898214003477,0.461036054703688
"HCC","CDKN2A","per_event_pairwise","WGD_vs_Classic","WT",0.00165932935832067,15.1149355784189,2.1071013517924,191.373107982726,29,2,9,0.0161508057543212,0.01364337472397
"HCC","CIC","per_event_pairwise","WGD_vs_Classic","CNA_driver",NA,NA,NA,NA,17,2,8,NA,NA
"HCC","CIC","per_event_pairwise","WGD_vs_Classic","CI_M",NA,NA,NA,NA,17,2,8,NA,NA
"HCC","CIC","per_event_pairwise","WGD_vs_Classic","M",NA,NA,NA,NA,17,2,8,NA,NA
"HCC","CIC","per_event_pairwise","WGD_vs_Classic","WT",NA,NA,NA,NA,17,2,8,NA,NA
"HCC","CLTC","per_event_pairwise","WGD_vs_Classic","CNA_driver",NA,NA,NA,NA,18,2,20,NA,NA
"HCC","CLTC","per_event_pairwise","WGD_vs_Classic","CI_M",NA,NA,NA,NA,18,2,20,NA,NA
"HCC","CLTC","per_event_pairwise","WGD_vs_Classic","M",NA,NA,NA,NA,18,2,20,NA,NA
"HCC","CLTC","per_event_pairwise","WGD_vs_Classic","WT",NA,NA,NA,NA,18,2,20,NA,NA
"HCC","CLTCL1","per_event_HM_vs_rest","HM_vs_rest","CNA_driver",NA,NA,NA,NA,19,3,5,NA,NA
"HCC","CLTCL1","per_event_HM_vs_rest","HM_vs_rest","CI_M",NA,NA,NA,NA,19,3,5,NA,NA
"HCC","CLTCL1","per_event_HM_vs_rest","HM_vs_rest","M",NA,NA,NA,NA,19,3,5,NA,NA
"HCC","CLTCL1","per_event_HM_vs_rest","HM_vs_rest","WT",NA,NA,NA,NA,19,3,5,NA,NA
"HCC","CLTCL1","per_event_pairwise","HM_vs_Classic","CNA_driver",NA,NA,NA,NA,19,3,5,NA,NA
"HCC","CLTCL1","per_event_pairwise","HM_vs_Classic","CI_M",NA,NA,NA,NA,19,3,5,NA,NA
"HCC","CLTCL1","per_event_pairwise","HM_vs_Classic","M",NA,NA,NA,NA,19,3,5,NA,NA
"HCC","CLTCL1","per_event_pairwise","HM_vs_Classic","WT",NA,NA,NA,NA,19,3,5,NA,NA
"HCC","CLTCL1","per_event_pairwise","HM_vs_WGD","CNA_driver",NA,NA,NA,NA,19,3,5,NA,NA
"HCC","CLTCL1","per_event_pairwise","HM_vs_WGD","CI_M",NA,NA,NA,NA,19,3,5,NA,NA
"HCC","CLTCL1","per_event_pairwise","HM_vs_WGD","M",NA,NA,NA,NA,19,3,5,NA,NA
"HCC","CLTCL1","per_event_pairwise","HM_vs_WGD","WT",NA,NA,NA,NA,19,3,5,NA,NA
"HCC","CLTCL1","per_event_pairwise","WGD_vs_Classic","CNA_driver",NA,NA,NA,NA,19,3,5,NA,NA
"HCC","CLTCL1","per_event_pairwise","WGD_vs_Classic","CI_M",NA,NA,NA,NA,19,3,5,NA,NA
"HCC","CLTCL1","per_event_pairwise","WGD_vs_Classic","M",NA,NA,NA,NA,19,3,5,NA,NA
"HCC","CLTCL1","per_event_pairwise","WGD_vs_Classic","WT",NA,NA,NA,NA,19,3,5,NA,NA
"HCC","CREBBP","per_event_pairwise","WGD_vs_Classic","CNA_driver",NA,NA,NA,NA,23,1,3,NA,NA
"HCC","CREBBP","per_event_pairwise","WGD_vs_Classic","CI_M",NA,NA,NA,NA,23,1,3,NA,NA
"HCC","CREBBP","per_event_pairwise","WGD_vs_Classic","M",NA,NA,NA,NA,23,1,3,NA,NA
"HCC","CREBBP","per_event_pairwise","WGD_vs_Classic","WT",NA,NA,NA,NA,23,1,3,NA,NA
"HCC","CSMD3","per_event_HM_vs_rest","HM_vs_rest","CNA_driver",NA,NA,NA,NA,16,4,30,NA,NA
"HCC","CSMD3","per_event_HM_vs_rest","HM_vs_rest","CI_M",NA,NA,NA,NA,16,4,30,NA,NA
"HCC","CSMD3","per_event_HM_vs_rest","HM_vs_rest","M",NA,NA,NA,NA,16,4,30,NA,NA
"HCC","CSMD3","per_event_HM_vs_rest","HM_vs_rest","WT",NA,NA,NA,NA,16,4,30,NA,NA
"HCC","CSMD3","per_event_pairwise","HM_vs_Classic","CNA_driver",NA,NA,NA,NA,16,4,30,NA,NA
"HCC","CSMD3","per_event_pairwise","HM_vs_Classic","CI_M",NA,NA,NA,NA,16,4,30,NA,NA
"HCC","CSMD3","per_event_pairwise","HM_vs_Classic","M",NA,NA,NA,NA,16,4,30,NA,NA
"HCC","CSMD3","per_event_pairwise","HM_vs_Classic","WT",NA,NA,NA,NA,16,4,30,NA,NA
"HCC","CSMD3","per_event_pairwise","HM_vs_WGD","CNA_driver",NA,NA,NA,NA,16,4,30,NA,NA
"HCC","CSMD3","per_event_pairwise","HM_vs_WGD","CI_M",NA,NA,NA,NA,16,4,30,NA,NA
"HCC","CSMD3","per_event_pairwise","HM_vs_WGD","M",NA,NA,NA,NA,16,4,30,NA,NA
"HCC","CSMD3","per_event_pairwise","HM_vs_WGD","WT",NA,NA,NA,NA,16,4,30,NA,NA
"HCC","CSMD3","per_event_pairwise","WGD_vs_Classic","CNA_driver",NA,NA,NA,NA,16,4,30,NA,NA
"HCC","CSMD3","per_event_pairwise","WGD_vs_Classic","CI_M",NA,NA,NA,NA,16,4,30,NA,NA
"HCC","CSMD3","per_event_pairwise","WGD_vs_Classic","M",NA,NA,NA,NA,16,4,30,NA,NA
"HCC","CSMD3","per_event_pairwise","WGD_vs_Classic","WT",NA,NA,NA,NA,16,4,30,NA,NA
"HCC","CTNNA2","per_event_HM_vs_rest","HM_vs_rest","CNA_driver",NA,NA,NA,NA,28,3,2,NA,NA
"HCC","CTNNA2","per_event_HM_vs_rest","HM_vs_rest","CI_M",NA,NA,NA,NA,28,3,2,NA,NA
"HCC","CTNNA2","per_event_HM_vs_rest","HM_vs_rest","M",NA,NA,NA,NA,28,3,2,NA,NA
"HCC","CTNNA2","per_event_HM_vs_rest","HM_vs_rest","WT",NA,NA,NA,NA,28,3,2,NA,NA
"HCC","CTNNA2","per_event_pairwise","HM_vs_WGD","CNA_driver",NA,NA,NA,NA,28,3,2,NA,NA
"HCC","CTNNA2","per_event_pairwise","HM_vs_WGD","CI_M",NA,NA,NA,NA,28,3,2,NA,NA
"HCC","CTNNA2","per_event_pairwise","HM_vs_WGD","M",NA,NA,NA,NA,28,3,2,NA,NA
"HCC","CTNNA2","per_event_pairwise","HM_vs_WGD","WT",NA,NA,NA,NA,28,3,2,NA,NA
"HCC","CTNNB1","global","Classic_vs_HM_vs_WGD",NA,0.000499750124937531,NA,NA,NA,34,7,44,0.0029152090621356,0.00281677343146609
"HCC","CTNNB1","pairwise_all_events","HM_vs_Classic",NA,0.0946719113177185,NA,NA,NA,34,7,44,0.285923753665689,0.234716535893698
"HCC","CTNNB1","pairwise_all_events","HM_vs_WGD",NA,0.421481242277134,NA,NA,NA,34,7,44,0.684907018700344,0.626400299295852
"HCC","CTNNB1","pairwise_all_events","WGD_vs_Classic",NA,1.19510324919288e-05,NA,NA,NA,34,7,44,0.000776817111975369,0.000803706935082209
"HCC","CTNNB1","per_event_HM_vs_rest","HM_vs_rest","CNA_driver",NA,NA,NA,NA,34,7,44,NA,NA
"HCC","CTNNB1","per_event_HM_vs_rest","HM_vs_rest","CI_M",NA,NA,NA,NA,34,7,44,NA,NA
"HCC","CTNNB1","per_event_HM_vs_rest","HM_vs_rest","M",0.693414131983321,0.708923320785431,0.110965502959391,5.19259262128116,34,7,44,1,1
"HCC","CTNNB1","per_event_HM_vs_rest","HM_vs_rest","WT",0.693414131983321,1.41058979254919,0.192582024613607,9.01180973663467,34,7,44,1,1
"HCC","CTNNB1","per_event_pairwise","HM_vs_Classic","CNA_driver",NA,NA,NA,NA,34,7,44,NA,NA
"HCC","CTNNB1","per_event_pairwise","HM_vs_Classic","CI_M",NA,NA,NA,NA,34,7,44,NA,NA
"HCC","CTNNB1","per_event_pairwise","HM_vs_Classic","M",0.0946719113177185,0.219664744348353,0.0282077677901542,1.86854217435074,34,7,44,0.321114369501466,0.26884258338079
"HCC","CTNNB1","per_event_pairwise","HM_vs_Classic","WT",0.0946719113177185,4.5523918868572,0.535176574404841,35.4512277412126,34,7,44,0.321114369501466,0.26884258338079
"HCC","CTNNB1","per_event_pairwise","HM_vs_WGD","CNA_driver",NA,NA,NA,NA,34,7,44,NA,NA
"HCC","CTNNB1","per_event_pairwise","HM_vs_WGD","CI_M",NA,NA,NA,NA,34,7,44,NA,NA
"HCC","CTNNB1","per_event_pairwise","HM_vs_WGD","M",0.421481242277134,2.11250001560563,0.303542114782635,16.8185902580327,34,7,44,0.69141866710631,0.678903204589802
"HCC","CTNNB1","per_event_pairwise","HM_vs_WGD","WT",0.421481242277134,0.473372777568151,0.0594580154851202,3.29443576788708,34,7,44,0.69141866710631,0.678903204589802
"HCC","CTNNB1","per_event_pairwise","WGD_vs_Classic","CNA_driver",NA,NA,NA,NA,34,7,44,NA,NA
"HCC","CTNNB1","per_event_pairwise","WGD_vs_Classic","CI_M",NA,NA,NA,NA,34,7,44,NA,NA
"HCC","CTNNB1","per_event_pairwise","WGD_vs_Classic","M",1.19510324919287e-05,0.10137242485113,0.027109590856641,0.328585820410394,34,7,44,0.000581616914607199,0.000283667903298988
"HCC","CTNNB1","per_event_pairwise","WGD_vs_Classic","WT",1.19510324919287e-05,9.86461556452404,3.04334495855916,36.887314356315,34,7,44,0.000581616914607199,0.000283667903298988
"HCC","DCC","per_event_HM_vs_rest","HM_vs_rest","CNA_driver",NA,NA,NA,NA,31,3,2,NA,NA
"HCC","DCC","per_event_HM_vs_rest","HM_vs_rest","CI_M",NA,NA,NA,NA,31,3,2,NA,NA
"HCC","DCC","per_event_HM_vs_rest","HM_vs_rest","M",NA,NA,NA,NA,31,3,2,NA,NA
"HCC","DCC","per_event_HM_vs_rest","HM_vs_rest","WT",NA,NA,NA,NA,31,3,2,NA,NA
"HCC","DCC","per_event_pairwise","HM_vs_WGD","CNA_driver",NA,NA,NA,NA,31,3,2,NA,NA
"HCC","DCC","per_event_pairwise","HM_vs_WGD","CI_M",NA,NA,NA,NA,31,3,2,NA,NA
"HCC","DCC","per_event_pairwise","HM_vs_WGD","M",NA,NA,NA,NA,31,3,2,NA,NA
"HCC","DCC","per_event_pairwise","HM_vs_WGD","WT",NA,NA,NA,NA,31,3,2,NA,NA
"HCC","DDR2","per_event_HM_vs_rest","HM_vs_rest","CNA_driver",NA,NA,NA,NA,10,7,49,NA,NA
"HCC","DDR2","per_event_HM_vs_rest","HM_vs_rest","CI_M",NA,NA,NA,NA,10,7,49,NA,NA
"HCC","DDR2","per_event_HM_vs_rest","HM_vs_rest","M",NA,NA,NA,NA,10,7,49,NA,NA
"HCC","DDR2","per_event_HM_vs_rest","HM_vs_rest","WT",NA,NA,NA,NA,10,7,49,NA,NA
"HCC","DDR2","per_event_pairwise","HM_vs_Classic","CNA_driver",NA,NA,NA,NA,10,7,49,NA,NA
"HCC","DDR2","per_event_pairwise","HM_vs_Classic","CI_M",NA,NA,NA,NA,10,7,49,NA,NA
"HCC","DDR2","per_event_pairwise","HM_vs_Classic","M",NA,NA,NA,NA,10,7,49,NA,NA
"HCC","DDR2","per_event_pairwise","HM_vs_Classic","WT",NA,NA,NA,NA,10,7,49,NA,NA
"HCC","DDR2","per_event_pairwise","HM_vs_WGD","CNA_driver",NA,NA,NA,NA,10,7,49,NA,NA
"HCC","DDR2","per_event_pairwise","HM_vs_WGD","CI_M",NA,NA,NA,NA,10,7,49,NA,NA
"HCC","DDR2","per_event_pairwise","HM_vs_WGD","M",NA,NA,NA,NA,10,7,49,NA,NA
"HCC","DDR2","per_event_pairwise","HM_vs_WGD","WT",NA,NA,NA,NA,10,7,49,NA,NA
"HCC","DDR2","per_event_pairwise","WGD_vs_Classic","CNA_driver",NA,NA,NA,NA,10,7,49,NA,NA
"HCC","DDR2","per_event_pairwise","WGD_vs_Classic","CI_M",NA,NA,NA,NA,10,7,49,NA,NA
"HCC","DDR2","per_event_pairwise","WGD_vs_Classic","M",NA,NA,NA,NA,10,7,49,NA,NA
"HCC","DDR2","per_event_pairwise","WGD_vs_Classic","WT",NA,NA,NA,NA,10,7,49,NA,NA
"HCC","DHX9","per_event_HM_vs_rest","HM_vs_rest","CNA_driver",NA,NA,NA,NA,12,6,50,NA,NA
"HCC","DHX9","per_event_HM_vs_rest","HM_vs_rest","CI_M",NA,NA,NA,NA,12,6,50,NA,NA
"HCC","DHX9","per_event_HM_vs_rest","HM_vs_rest","M",NA,NA,NA,NA,12,6,50,NA,NA
"HCC","DHX9","per_event_HM_vs_rest","HM_vs_rest","WT",NA,NA,NA,NA,12,6,50,NA,NA
"HCC","DHX9","per_event_pairwise","HM_vs_Classic","CNA_driver",NA,NA,NA,NA,12,6,50,NA,NA
"HCC","DHX9","per_event_pairwise","HM_vs_Classic","CI_M",NA,NA,NA,NA,12,6,50,NA,NA
"HCC","DHX9","per_event_pairwise","HM_vs_Classic","M",NA,NA,NA,NA,12,6,50,NA,NA
"HCC","DHX9","per_event_pairwise","HM_vs_Classic","WT",NA,NA,NA,NA,12,6,50,NA,NA
"HCC","DHX9","per_event_pairwise","HM_vs_WGD","CNA_driver",NA,NA,NA,NA,12,6,50,NA,NA
"HCC","DHX9","per_event_pairwise","HM_vs_WGD","CI_M",NA,NA,NA,NA,12,6,50,NA,NA
"HCC","DHX9","per_event_pairwise","HM_vs_WGD","M",NA,NA,NA,NA,12,6,50,NA,NA
"HCC","DHX9","per_event_pairwise","HM_vs_WGD","WT",NA,NA,NA,NA,12,6,50,NA,NA
"HCC","DHX9","per_event_pairwise","WGD_vs_Classic","CNA_driver",NA,NA,NA,NA,12,6,50,NA,NA
"HCC","DHX9","per_event_pairwise","WGD_vs_Classic","CI_M",NA,NA,NA,NA,12,6,50,NA,NA
"HCC","DHX9","per_event_pairwise","WGD_vs_Classic","M",NA,NA,NA,NA,12,6,50,NA,NA
"HCC","DHX9","per_event_pairwise","WGD_vs_Classic","WT",NA,NA,NA,NA,12,6,50,NA,NA
"HCC","DNMT3A","global","Classic_vs_HM_vs_WGD",NA,0.256871564217891,NA,NA,NA,29,3,7,0.332981657319488,0.368658263460862
"HCC","DNMT3A","pairwise_all_events","HM_vs_Classic",NA,1,NA,NA,NA,29,3,7,1,1
"HCC","DNMT3A","pairwise_all_events","WGD_vs_Classic",NA,0.194444444444444,NA,NA,NA,29,3,7,0.394965277777778,0.383190883190883
"HCC","DNMT3A","per_event_HM_vs_rest","HM_vs_rest","CNA_driver",NA,NA,NA,NA,29,3,7,NA,NA
"HCC","DNMT3A","per_event_HM_vs_rest","HM_vs_rest","CI_M",NA,NA,NA,NA,29,3,7,NA,NA
"HCC","DNMT3A","per_event_HM_vs_rest","HM_vs_rest","M",1,0,0,464.609800362977,29,3,7,1,1
"HCC","DNMT3A","per_event_HM_vs_rest","HM_vs_rest","WT",1,Inf,0.00215234375,Inf,29,3,7,1,1
"HCC","DNMT3A","per_event_pairwise","HM_vs_Classic","CNA_driver",NA,NA,NA,NA,29,3,7,NA,NA
"HCC","DNMT3A","per_event_pairwise","HM_vs_Classic","CI_M",NA,NA,NA,NA,29,3,7,NA,NA
"HCC","DNMT3A","per_event_pairwise","HM_vs_Classic","M",1,0,0,90.8722109533468,29,3,7,1,1
"HCC","DNMT3A","per_event_pairwise","HM_vs_Classic","WT",1,Inf,0.0110044642857143,Inf,29,3,7,1,1
"HCC","DNMT3A","per_event_pairwise","HM_vs_WGD","CNA_driver",NA,NA,NA,NA,29,3,7,NA,NA
"HCC","DNMT3A","per_event_pairwise","HM_vs_WGD","CI_M",NA,NA,NA,NA,29,3,7,NA,NA
"HCC","DNMT3A","per_event_pairwise","HM_vs_WGD","M",NA,NA,NA,NA,29,3,7,NA,NA
"HCC","DNMT3A","per_event_pairwise","HM_vs_WGD","WT",NA,NA,NA,NA,29,3,7,NA,NA
"HCC","DNMT3A","per_event_pairwise","WGD_vs_Classic","CNA_driver",NA,NA,NA,NA,29,3,7,NA,NA
"HCC","DNMT3A","per_event_pairwise","WGD_vs_Classic","CI_M",NA,NA,NA,NA,29,3,7,NA,NA
"HCC","DNMT3A","per_event_pairwise","WGD_vs_Classic","M",0.194444444444444,0,0,9.41379961146483,29,3,7,0.417483660130719,0.421017402945114
"HCC","DNMT3A","per_event_pairwise","WGD_vs_Classic","WT",0.194444444444444,Inf,0.106227032789409,Inf,29,3,7,0.417483660130719,0.421017402945114
"HCC","EP300","global","Classic_vs_HM_vs_WGD",NA,0.404297851074463,NA,NA,NA,17,3,9,0.487945682331248,0.526606444676821
"HCC","EP300","pairwise_all_events","HM_vs_Classic",NA,1,NA,NA,NA,17,3,9,1,1
"HCC","EP300","pairwise_all_events","WGD_vs_Classic",NA,0.346153846153846,NA,NA,NA,17,3,9,0.592105263157895,0.546131288066772
"HCC","EP300","per_event_HM_vs_rest","HM_vs_rest","CNA_driver",NA,NA,NA,NA,17,3,9,NA,NA
"HCC","EP300","per_event_HM_vs_rest","HM_vs_rest","CI_M",NA,NA,NA,NA,17,3,9,NA,NA
"HCC","EP300","per_event_HM_vs_rest","HM_vs_rest","M",1,0,0,336.229541321479,17,3,9,1,1
"HCC","EP300","per_event_HM_vs_rest","HM_vs_rest","WT",1,Inf,0.00297415865384616,Inf,17,3,9,1,1
"HCC","EP300","per_event_pairwise","HM_vs_Classic","CNA_driver",NA,NA,NA,NA,17,3,9,NA,NA
"HCC","EP300","per_event_pairwise","HM_vs_Classic","CI_M",NA,NA,NA,NA,17,3,9,NA,NA
"HCC","EP300","per_event_pairwise","HM_vs_Classic","M",1,0,0,116.788321167883,17,3,9,1,1
"HCC","EP300","per_event_pairwise","HM_vs_Classic","WT",1,Inf,0.00856250000000001,Inf,17,3,9,1,1
"HCC","EP300","per_event_pairwise","HM_vs_WGD","CNA_driver",NA,NA,NA,NA,17,3,9,NA,NA
"HCC","EP300","per_event_pairwise","HM_vs_WGD","CI_M",NA,NA,NA,NA,17,3,9,NA,NA
"HCC","EP300","per_event_pairwise","HM_vs_WGD","M",NA,NA,NA,NA,17,3,9,NA,NA
"HCC","EP300","per_event_pairwise","HM_vs_WGD","WT",NA,NA,NA,NA,17,3,9,NA,NA
"HCC","EP300","per_event_pairwise","WGD_vs_Classic","CNA_driver",NA,NA,NA,NA,17,3,9,NA,NA
"HCC","EP300","per_event_pairwise","WGD_vs_Classic","CI_M",NA,NA,NA,NA,17,3,9,NA,NA
"HCC","EP300","per_event_pairwise","WGD_vs_Classic","M",0.346153846153846,0,0,20.6471366549516,17,3,9,0.601648351648352,0.58766739333541
"HCC","EP300","per_event_pairwise","WGD_vs_Classic","WT",0.346153846153846,Inf,0.0484328658598858,Inf,17,3,9,0.601648351648352,0.58766739333541
"HCC","EPHA7","per_event_HM_vs_rest","HM_vs_rest","CNA_driver",NA,NA,NA,NA,22,4,4,NA,NA
"HCC","EPHA7","per_event_HM_vs_rest","HM_vs_rest","CI_M",NA,NA,NA,NA,22,4,4,NA,NA
"HCC","EPHA7","per_event_HM_vs_rest","HM_vs_rest","M",NA,NA,NA,NA,22,4,4,NA,NA
"HCC","EPHA7","per_event_HM_vs_rest","HM_vs_rest","WT",NA,NA,NA,NA,22,4,4,NA,NA
"HCC","EPHA7","per_event_pairwise","HM_vs_Classic","CNA_driver",NA,NA,NA,NA,22,4,4,NA,NA
"HCC","EPHA7","per_event_pairwise","HM_vs_Classic","CI_M",NA,NA,NA,NA,22,4,4,NA,NA
"HCC","EPHA7","per_event_pairwise","HM_vs_Classic","M",NA,NA,NA,NA,22,4,4,NA,NA
"HCC","EPHA7","per_event_pairwise","HM_vs_Classic","WT",NA,NA,NA,NA,22,4,4,NA,NA
"HCC","EPHA7","per_event_pairwise","HM_vs_WGD","CNA_driver",NA,NA,NA,NA,22,4,4,NA,NA
"HCC","EPHA7","per_event_pairwise","HM_vs_WGD","CI_M",NA,NA,NA,NA,22,4,4,NA,NA
"HCC","EPHA7","per_event_pairwise","HM_vs_WGD","M",NA,NA,NA,NA,22,4,4,NA,NA
"HCC","EPHA7","per_event_pairwise","HM_vs_WGD","WT",NA,NA,NA,NA,22,4,4,NA,NA
"HCC","EPHA7","per_event_pairwise","WGD_vs_Classic","CNA_driver",NA,NA,NA,NA,22,4,4,NA,NA
"HCC","EPHA7","per_event_pairwise","WGD_vs_Classic","CI_M",NA,NA,NA,NA,22,4,4,NA,NA
"HCC","EPHA7","per_event_pairwise","WGD_vs_Classic","M",NA,NA,NA,NA,22,4,4,NA,NA
"HCC","EPHA7","per_event_pairwise","WGD_vs_Classic","WT",NA,NA,NA,NA,22,4,4,NA,NA
"HCC","ERBB4","global","Classic_vs_HM_vs_WGD",NA,1,NA,NA,NA,24,3,5,1,1
"HCC","ERBB4","pairwise_all_events","HM_vs_WGD",NA,1,NA,NA,NA,24,3,5,1,1
"HCC","ERBB4","pairwise_all_events","WGD_vs_Classic",NA,1,NA,NA,NA,24,3,5,1,1
"HCC","ERBB4","per_event_HM_vs_rest","HM_vs_rest","CNA_driver",NA,NA,NA,NA,24,3,5,NA,NA
"HCC","ERBB4","per_event_HM_vs_rest","HM_vs_rest","CI_M",NA,NA,NA,NA,24,3,5,NA,NA
"HCC","ERBB4","per_event_HM_vs_rest","HM_vs_rest","M",1,0,0,374.798061389338,24,3,5,1,1
"HCC","ERBB4","per_event_HM_vs_rest","HM_vs_rest","WT",1,Inf,0.00266810344827586,Inf,24,3,5,1,1
"HCC","ERBB4","per_event_pairwise","HM_vs_Classic","CNA_driver",NA,NA,NA,NA,24,3,5,NA,NA
"HCC","ERBB4","per_event_pairwise","HM_vs_Classic","CI_M",NA,NA,NA,NA,24,3,5,NA,NA
"HCC","ERBB4","per_event_pairwise","HM_vs_Classic","M",NA,NA,NA,NA,24,3,5,NA,NA
"HCC","ERBB4","per_event_pairwise","HM_vs_Classic","WT",NA,NA,NA,NA,24,3,5,NA,NA
"HCC","ERBB4","per_event_pairwise","HM_vs_WGD","CNA_driver",NA,NA,NA,NA,24,3,5,NA,NA
"HCC","ERBB4","per_event_pairwise","HM_vs_WGD","CI_M",NA,NA,NA,NA,24,3,5,NA,NA
"HCC","ERBB4","per_event_pairwise","HM_vs_WGD","M",1,0,0,310.491206791995,24,3,5,1,1
"HCC","ERBB4","per_event_pairwise","HM_vs_WGD","WT",1,Inf,0.003220703125,Inf,24,3,5,1,1
"HCC","ERBB4","per_event_pairwise","WGD_vs_Classic","CNA_driver",NA,NA,NA,NA,24,3,5,NA,NA
"HCC","ERBB4","per_event_pairwise","WGD_vs_Classic","CI_M",NA,NA,NA,NA,24,3,5,NA,NA
"HCC","ERBB4","per_event_pairwise","WGD_vs_Classic","M",1,Inf,0.00535742187500001,Inf,24,3,5,1,1
"HCC","ERBB4","per_event_pairwise","WGD_vs_Classic","WT",1,0,0,186.656944950783,24,3,5,1,1
"HCC","FBLN2","per_event_HM_vs_rest","HM_vs_rest","CNA_driver",NA,NA,NA,NA,30,5,8,NA,NA
"HCC","FBLN2","per_event_HM_vs_rest","HM_vs_rest","CI_M",NA,NA,NA,NA,30,5,8,NA,NA
"HCC","FBLN2","per_event_HM_vs_rest","HM_vs_rest","M",NA,NA,NA,NA,30,5,8,NA,NA
"HCC","FBLN2","per_event_HM_vs_rest","HM_vs_rest","WT",NA,NA,NA,NA,30,5,8,NA,NA
"HCC","FBLN2","per_event_pairwise","HM_vs_Classic","CNA_driver",NA,NA,NA,NA,30,5,8,NA,NA
"HCC","FBLN2","per_event_pairwise","HM_vs_Classic","CI_M",NA,NA,NA,NA,30,5,8,NA,NA
"HCC","FBLN2","per_event_pairwise","HM_vs_Classic","M",NA,NA,NA,NA,30,5,8,NA,NA
"HCC","FBLN2","per_event_pairwise","HM_vs_Classic","WT",NA,NA,NA,NA,30,5,8,NA,NA
"HCC","FBLN2","per_event_pairwise","HM_vs_WGD","CNA_driver",NA,NA,NA,NA,30,5,8,NA,NA
"HCC","FBLN2","per_event_pairwise","HM_vs_WGD","CI_M",NA,NA,NA,NA,30,5,8,NA,NA
"HCC","FBLN2","per_event_pairwise","HM_vs_WGD","M",NA,NA,NA,NA,30,5,8,NA,NA
"HCC","FBLN2","per_event_pairwise","HM_vs_WGD","WT",NA,NA,NA,NA,30,5,8,NA,NA
"HCC","FBLN2","per_event_pairwise","WGD_vs_Classic","CNA_driver",NA,NA,NA,NA,30,5,8,NA,NA
"HCC","FBLN2","per_event_pairwise","WGD_vs_Classic","CI_M",NA,NA,NA,NA,30,5,8,NA,NA
"HCC","FBLN2","per_event_pairwise","WGD_vs_Classic","M",NA,NA,NA,NA,30,5,8,NA,NA
"HCC","FBLN2","per_event_pairwise","WGD_vs_Classic","WT",NA,NA,NA,NA,30,5,8,NA,NA
"HCC","FLT4","per_event_HM_vs_rest","HM_vs_rest","CNA_driver",NA,NA,NA,NA,23,9,12,NA,NA
"HCC","FLT4","per_event_HM_vs_rest","HM_vs_rest","CI_M",NA,NA,NA,NA,23,9,12,NA,NA
"HCC","FLT4","per_event_HM_vs_rest","HM_vs_rest","M",NA,NA,NA,NA,23,9,12,NA,NA
"HCC","FLT4","per_event_HM_vs_rest","HM_vs_rest","WT",NA,NA,NA,NA,23,9,12,NA,NA
"HCC","FLT4","per_event_pairwise","HM_vs_Classic","CNA_driver",NA,NA,NA,NA,23,9,12,NA,NA
"HCC","FLT4","per_event_pairwise","HM_vs_Classic","CI_M",NA,NA,NA,NA,23,9,12,NA,NA
"HCC","FLT4","per_event_pairwise","HM_vs_Classic","M",NA,NA,NA,NA,23,9,12,NA,NA
"HCC","FLT4","per_event_pairwise","HM_vs_Classic","WT",NA,NA,NA,NA,23,9,12,NA,NA
"HCC","FLT4","per_event_pairwise","HM_vs_WGD","CNA_driver",NA,NA,NA,NA,23,9,12,NA,NA
"HCC","FLT4","per_event_pairwise","HM_vs_WGD","CI_M",NA,NA,NA,NA,23,9,12,NA,NA
"HCC","FLT4","per_event_pairwise","HM_vs_WGD","M",NA,NA,NA,NA,23,9,12,NA,NA
"HCC","FLT4","per_event_pairwise","HM_vs_WGD","WT",NA,NA,NA,NA,23,9,12,NA,NA
"HCC","FLT4","per_event_pairwise","WGD_vs_Classic","CNA_driver",NA,NA,NA,NA,23,9,12,NA,NA
"HCC","FLT4","per_event_pairwise","WGD_vs_Classic","CI_M",NA,NA,NA,NA,23,9,12,NA,NA
"HCC","FLT4","per_event_pairwise","WGD_vs_Classic","M",NA,NA,NA,NA,23,9,12,NA,NA
"HCC","FLT4","per_event_pairwise","WGD_vs_Classic","WT",NA,NA,NA,NA,23,9,12,NA,NA
"HCC","GMPS","per_event_HM_vs_rest","HM_vs_rest","CNA_driver",NA,NA,NA,NA,31,5,4,NA,NA
"HCC","GMPS","per_event_HM_vs_rest","HM_vs_rest","CI_M",NA,NA,NA,NA,31,5,4,NA,NA
"HCC","GMPS","per_event_HM_vs_rest","HM_vs_rest","M",NA,NA,NA,NA,31,5,4,NA,NA
"HCC","GMPS","per_event_HM_vs_rest","HM_vs_rest","WT",NA,NA,NA,NA,31,5,4,NA,NA
"HCC","GMPS","per_event_pairwise","HM_vs_Classic","CNA_driver",NA,NA,NA,NA,31,5,4,NA,NA
"HCC","GMPS","per_event_pairwise","HM_vs_Classic","CI_M",NA,NA,NA,NA,31,5,4,NA,NA
"HCC","GMPS","per_event_pairwise","HM_vs_Classic","M",NA,NA,NA,NA,31,5,4,NA,NA
"HCC","GMPS","per_event_pairwise","HM_vs_Classic","WT",NA,NA,NA,NA,31,5,4,NA,NA
"HCC","GMPS","per_event_pairwise","HM_vs_WGD","CNA_driver",NA,NA,NA,NA,31,5,4,NA,NA
"HCC","GMPS","per_event_pairwise","HM_vs_WGD","CI_M",NA,NA,NA,NA,31,5,4,NA,NA
"HCC","GMPS","per_event_pairwise","HM_vs_WGD","M",NA,NA,NA,NA,31,5,4,NA,NA
"HCC","GMPS","per_event_pairwise","HM_vs_WGD","WT",NA,NA,NA,NA,31,5,4,NA,NA
"HCC","GMPS","per_event_pairwise","WGD_vs_Classic","CNA_driver",NA,NA,NA,NA,31,5,4,NA,NA
"HCC","GMPS","per_event_pairwise","WGD_vs_Classic","CI_M",NA,NA,NA,NA,31,5,4,NA,NA
"HCC","GMPS","per_event_pairwise","WGD_vs_Classic","M",NA,NA,NA,NA,31,5,4,NA,NA
"HCC","GMPS","per_event_pairwise","WGD_vs_Classic","WT",NA,NA,NA,NA,31,5,4,NA,NA
"HCC","GNAS","per_event_HM_vs_rest","HM_vs_rest","CNA_driver",NA,NA,NA,NA,19,4,14,NA,NA
"HCC","GNAS","per_event_HM_vs_rest","HM_vs_rest","CI_M",NA,NA,NA,NA,19,4,14,NA,NA
"HCC","GNAS","per_event_HM_vs_rest","HM_vs_rest","M",NA,NA,NA,NA,19,4,14,NA,NA
"HCC","GNAS","per_event_HM_vs_rest","HM_vs_rest","WT",NA,NA,NA,NA,19,4,14,NA,NA
"HCC","GNAS","per_event_pairwise","HM_vs_Classic","CNA_driver",NA,NA,NA,NA,19,4,14,NA,NA
"HCC","GNAS","per_event_pairwise","HM_vs_Classic","CI_M",NA,NA,NA,NA,19,4,14,NA,NA
"HCC","GNAS","per_event_pairwise","HM_vs_Classic","M",NA,NA,NA,NA,19,4,14,NA,NA
"HCC","GNAS","per_event_pairwise","HM_vs_Classic","WT",NA,NA,NA,NA,19,4,14,NA,NA
"HCC","GNAS","per_event_pairwise","HM_vs_WGD","CNA_driver",NA,NA,NA,NA,19,4,14,NA,NA
"HCC","GNAS","per_event_pairwise","HM_vs_WGD","CI_M",NA,NA,NA,NA,19,4,14,NA,NA
"HCC","GNAS","per_event_pairwise","HM_vs_WGD","M",NA,NA,NA,NA,19,4,14,NA,NA
"HCC","GNAS","per_event_pairwise","HM_vs_WGD","WT",NA,NA,NA,NA,19,4,14,NA,NA
"HCC","GNAS","per_event_pairwise","WGD_vs_Classic","CNA_driver",NA,NA,NA,NA,19,4,14,NA,NA
"HCC","GNAS","per_event_pairwise","WGD_vs_Classic","CI_M",NA,NA,NA,NA,19,4,14,NA,NA
"HCC","GNAS","per_event_pairwise","WGD_vs_Classic","M",NA,NA,NA,NA,19,4,14,NA,NA
"HCC","GNAS","per_event_pairwise","WGD_vs_Classic","WT",NA,NA,NA,NA,19,4,14,NA,NA
"HCC","HNF1A","per_event_pairwise","WGD_vs_Classic","CNA_driver",NA,NA,NA,NA,26,2,5,NA,NA
"HCC","HNF1A","per_event_pairwise","WGD_vs_Classic","CI_M",NA,NA,NA,NA,26,2,5,NA,NA
"HCC","HNF1A","per_event_pairwise","WGD_vs_Classic","M",NA,NA,NA,NA,26,2,5,NA,NA
"HCC","HNF1A","per_event_pairwise","WGD_vs_Classic","WT",NA,NA,NA,NA,26,2,5,NA,NA
"HCC","HNRNPA2B1","per_event_HM_vs_rest","HM_vs_rest","CNA_driver",NA,NA,NA,NA,19,8,19,NA,NA
"HCC","HNRNPA2B1","per_event_HM_vs_rest","HM_vs_rest","CI_M",NA,NA,NA,NA,19,8,19,NA,NA
"HCC","HNRNPA2B1","per_event_HM_vs_rest","HM_vs_rest","M",NA,NA,NA,NA,19,8,19,NA,NA
"HCC","HNRNPA2B1","per_event_HM_vs_rest","HM_vs_rest","WT",NA,NA,NA,NA,19,8,19,NA,NA
"HCC","HNRNPA2B1","per_event_pairwise","HM_vs_Classic","CNA_driver",NA,NA,NA,NA,19,8,19,NA,NA
"HCC","HNRNPA2B1","per_event_pairwise","HM_vs_Classic","CI_M",NA,NA,NA,NA,19,8,19,NA,NA
"HCC","HNRNPA2B1","per_event_pairwise","HM_vs_Classic","M",NA,NA,NA,NA,19,8,19,NA,NA
"HCC","HNRNPA2B1","per_event_pairwise","HM_vs_Classic","WT",NA,NA,NA,NA,19,8,19,NA,NA
"HCC","HNRNPA2B1","per_event_pairwise","HM_vs_WGD","CNA_driver",NA,NA,NA,NA,19,8,19,NA,NA
"HCC","HNRNPA2B1","per_event_pairwise","HM_vs_WGD","CI_M",NA,NA,NA,NA,19,8,19,NA,NA
"HCC","HNRNPA2B1","per_event_pairwise","HM_vs_WGD","M",NA,NA,NA,NA,19,8,19,NA,NA
"HCC","HNRNPA2B1","per_event_pairwise","HM_vs_WGD","WT",NA,NA,NA,NA,19,8,19,NA,NA
"HCC","HNRNPA2B1","per_event_pairwise","WGD_vs_Classic","CNA_driver",NA,NA,NA,NA,19,8,19,NA,NA
"HCC","HNRNPA2B1","per_event_pairwise","WGD_vs_Classic","CI_M",NA,NA,NA,NA,19,8,19,NA,NA
"HCC","HNRNPA2B1","per_event_pairwise","WGD_vs_Classic","M",NA,NA,NA,NA,19,8,19,NA,NA
"HCC","HNRNPA2B1","per_event_pairwise","WGD_vs_Classic","WT",NA,NA,NA,NA,19,8,19,NA,NA
"HCC","IDH1","per_event_HM_vs_rest","HM_vs_rest","CNA_driver",NA,NA,NA,NA,24,3,4,NA,NA
"HCC","IDH1","per_event_HM_vs_rest","HM_vs_rest","CI_M",NA,NA,NA,NA,24,3,4,NA,NA
"HCC","IDH1","per_event_HM_vs_rest","HM_vs_rest","M",NA,NA,NA,NA,24,3,4,NA,NA
"HCC","IDH1","per_event_HM_vs_rest","HM_vs_rest","WT",NA,NA,NA,NA,24,3,4,NA,NA
"HCC","IDH1","per_event_pairwise","HM_vs_Classic","CNA_driver",NA,NA,NA,NA,24,3,4,NA,NA
"HCC","IDH1","per_event_pairwise","HM_vs_Classic","CI_M",NA,NA,NA,NA,24,3,4,NA,NA
"HCC","IDH1","per_event_pairwise","HM_vs_Classic","M",NA,NA,NA,NA,24,3,4,NA,NA
"HCC","IDH1","per_event_pairwise","HM_vs_Classic","WT",NA,NA,NA,NA,24,3,4,NA,NA
"HCC","IDH1","per_event_pairwise","HM_vs_WGD","CNA_driver",NA,NA,NA,NA,24,3,4,NA,NA
"HCC","IDH1","per_event_pairwise","HM_vs_WGD","CI_M",NA,NA,NA,NA,24,3,4,NA,NA
"HCC","IDH1","per_event_pairwise","HM_vs_WGD","M",NA,NA,NA,NA,24,3,4,NA,NA
"HCC","IDH1","per_event_pairwise","HM_vs_WGD","WT",NA,NA,NA,NA,24,3,4,NA,NA
"HCC","IDH1","per_event_pairwise","WGD_vs_Classic","CNA_driver",NA,NA,NA,NA,24,3,4,NA,NA
"HCC","IDH1","per_event_pairwise","WGD_vs_Classic","CI_M",NA,NA,NA,NA,24,3,4,NA,NA
"HCC","IDH1","per_event_pairwise","WGD_vs_Classic","M",NA,NA,NA,NA,24,3,4,NA,NA
"HCC","IDH1","per_event_pairwise","WGD_vs_Classic","WT",NA,NA,NA,NA,24,3,4,NA,NA
"HCC","IL6ST","per_event_HM_vs_rest","HM_vs_rest","CNA_driver",NA,NA,NA,NA,21,8,11,NA,NA
"HCC","IL6ST","per_event_HM_vs_rest","HM_vs_rest","CI_M",NA,NA,NA,NA,21,8,11,NA,NA
"HCC","IL6ST","per_event_HM_vs_rest","HM_vs_rest","M",NA,NA,NA,NA,21,8,11,NA,NA
"HCC","IL6ST","per_event_HM_vs_rest","HM_vs_rest","WT",NA,NA,NA,NA,21,8,11,NA,NA
"HCC","IL6ST","per_event_pairwise","HM_vs_Classic","CNA_driver",NA,NA,NA,NA,21,8,11,NA,NA
"HCC","IL6ST","per_event_pairwise","HM_vs_Classic","CI_M",NA,NA,NA,NA,21,8,11,NA,NA
"HCC","IL6ST","per_event_pairwise","HM_vs_Classic","M",NA,NA,NA,NA,21,8,11,NA,NA
"HCC","IL6ST","per_event_pairwise","HM_vs_Classic","WT",NA,NA,NA,NA,21,8,11,NA,NA
"HCC","IL6ST","per_event_pairwise","HM_vs_WGD","CNA_driver",NA,NA,NA,NA,21,8,11,NA,NA
"HCC","IL6ST","per_event_pairwise","HM_vs_WGD","CI_M",NA,NA,NA,NA,21,8,11,NA,NA
"HCC","IL6ST","per_event_pairwise","HM_vs_WGD","M",NA,NA,NA,NA,21,8,11,NA,NA
"HCC","IL6ST","per_event_pairwise","HM_vs_WGD","WT",NA,NA,NA,NA,21,8,11,NA,NA
"HCC","IL6ST","per_event_pairwise","WGD_vs_Classic","CNA_driver",NA,NA,NA,NA,21,8,11,NA,NA
"HCC","IL6ST","per_event_pairwise","WGD_vs_Classic","CI_M",NA,NA,NA,NA,21,8,11,NA,NA
"HCC","IL6ST","per_event_pairwise","WGD_vs_Classic","M",NA,NA,NA,NA,21,8,11,NA,NA
"HCC","IL6ST","per_event_pairwise","WGD_vs_Classic","WT",NA,NA,NA,NA,21,8,11,NA,NA
"HCC","IL7R","per_event_HM_vs_rest","HM_vs_rest","CNA_driver",NA,NA,NA,NA,21,8,14,NA,NA
"HCC","IL7R","per_event_HM_vs_rest","HM_vs_rest","CI_M",NA,NA,NA,NA,21,8,14,NA,NA
"HCC","IL7R","per_event_HM_vs_rest","HM_vs_rest","M",NA,NA,NA,NA,21,8,14,NA,NA
"HCC","IL7R","per_event_HM_vs_rest","HM_vs_rest","WT",NA,NA,NA,NA,21,8,14,NA,NA
"HCC","IL7R","per_event_pairwise","HM_vs_Classic","CNA_driver",NA,NA,NA,NA,21,8,14,NA,NA
"HCC","IL7R","per_event_pairwise","HM_vs_Classic","CI_M",NA,NA,NA,NA,21,8,14,NA,NA
"HCC","IL7R","per_event_pairwise","HM_vs_Classic","M",NA,NA,NA,NA,21,8,14,NA,NA
"HCC","IL7R","per_event_pairwise","HM_vs_Classic","WT",NA,NA,NA,NA,21,8,14,NA,NA
"HCC","IL7R","per_event_pairwise","HM_vs_WGD","CNA_driver",NA,NA,NA,NA,21,8,14,NA,NA
"HCC","IL7R","per_event_pairwise","HM_vs_WGD","CI_M",NA,NA,NA,NA,21,8,14,NA,NA
"HCC","IL7R","per_event_pairwise","HM_vs_WGD","M",NA,NA,NA,NA,21,8,14,NA,NA
"HCC","IL7R","per_event_pairwise","HM_vs_WGD","WT",NA,NA,NA,NA,21,8,14,NA,NA
"HCC","IL7R","per_event_pairwise","WGD_vs_Classic","CNA_driver",NA,NA,NA,NA,21,8,14,NA,NA
"HCC","IL7R","per_event_pairwise","WGD_vs_Classic","CI_M",NA,NA,NA,NA,21,8,14,NA,NA
"HCC","IL7R","per_event_pairwise","WGD_vs_Classic","M",NA,NA,NA,NA,21,8,14,NA,NA
"HCC","IL7R","per_event_pairwise","WGD_vs_Classic","WT",NA,NA,NA,NA,21,8,14,NA,NA
"HCC","KEAP1","global","Classic_vs_HM_vs_WGD",NA,0.0334832583708146,NA,NA,NA,23,3,4,0.0901472340752701,0.0780436849244551
"HCC","KEAP1","pairwise_all_events","HM_vs_Classic",NA,1,NA,NA,NA,23,3,4,1,1
"HCC","KEAP1","pairwise_all_events","HM_vs_WGD",NA,0.221538461538462,NA,NA,NA,23,3,4,0.436363636363636,0.418202429149798
"HCC","KEAP1","pairwise_all_events","WGD_vs_Classic",NA,0.0485470085470086,NA,NA,NA,23,3,4,0.18562091503268,0.15010511838098
"HCC","KEAP1","per_event_HM_vs_rest","HM_vs_rest","CNA_driver",NA,NA,NA,NA,23,3,4,NA,NA
"HCC","KEAP1","per_event_HM_vs_rest","HM_vs_rest","CI_M",NA,NA,NA,NA,23,3,4,NA,NA
"HCC","KEAP1","per_event_HM_vs_rest","HM_vs_rest","M",0.359605911330049,3.73998122088989,0.0509698417196123,96.1835931523897,23,3,4,1,1
"HCC","KEAP1","per_event_HM_vs_rest","HM_vs_rest","WT",0.359605911330049,0.267381021705253,0.0103967835597038,19.6194448768558,23,3,4,1,1
"HCC","KEAP1","per_event_pairwise","HM_vs_Classic","CNA_driver",NA,NA,NA,NA,23,3,4,NA,NA
"HCC","KEAP1","per_event_pairwise","HM_vs_Classic","CI_M",NA,NA,NA,NA,23,3,4,NA,NA
"HCC","KEAP1","per_event_pairwise","HM_vs_Classic","M",1,0.552465482695932,0.00568678735050021,21.3023390315921,23,3,4,1,1
"HCC","KEAP1","per_event_pairwise","HM_vs_Classic","WT",1,1.81006783468205,0.0469432018013122,175.846209532002,23,3,4,1,1
"HCC","KEAP1","per_event_pairwise","HM_vs_WGD","CNA_driver",NA,NA,NA,NA,23,3,4,NA,NA
"HCC","KEAP1","per_event_pairwise","HM_vs_WGD","CI_M",NA,NA,NA,NA,23,3,4,NA,NA
"HCC","KEAP1","per_event_pairwise","HM_vs_WGD","M",0.221538461538462,9.18332168095765,0.093635852416526,891.934303190802,23,3,4,0.456256631637088,0.454561878952123
"HCC","KEAP1","per_event_pairwise","HM_vs_WGD","WT",0.221538461538462,0.108893060130255,0.00112115880779852,10.6796699575248,23,3,4,0.456256631637088,0.454561878952123
"HCC","KEAP1","per_event_pairwise","WGD_vs_Classic","CNA_driver",NA,NA,NA,NA,23,3,4,NA,NA
"HCC","KEAP1","per_event_pairwise","WGD_vs_Classic","CI_M",NA,NA,NA,NA,23,3,4,NA,NA
"HCC","KEAP1","per_event_pairwise","WGD_vs_Classic","M",0.0485470085470085,0.0573982189451371,0.000748974374444102,1.49738654400654,23,3,4,0.236262108262108,0.177020686238078
"HCC","KEAP1","per_event_pairwise","WGD_vs_Classic","WT",0.0485470085470086,17.4221433761878,0.667830229944709,1335.1591644804,23,3,4,0.236262108262108,0.177020686238078
"HCC","KIF2A","per_event_HM_vs_rest","HM_vs_rest","CNA_driver",NA,NA,NA,NA,13,3,9,NA,NA
"HCC","KIF2A","per_event_HM_vs_rest","HM_vs_rest","CI_M",NA,NA,NA,NA,13,3,9,NA,NA
"HCC","KIF2A","per_event_HM_vs_rest","HM_vs_rest","M",NA,NA,NA,NA,13,3,9,NA,NA
"HCC","KIF2A","per_event_HM_vs_rest","HM_vs_rest","WT",NA,NA,NA,NA,13,3,9,NA,NA
"HCC","KIF2A","per_event_pairwise","HM_vs_Classic","CNA_driver",NA,NA,NA,NA,13,3,9,NA,NA
"HCC","KIF2A","per_event_pairwise","HM_vs_Classic","CI_M",NA,NA,NA,NA,13,3,9,NA,NA
"HCC","KIF2A","per_event_pairwise","HM_vs_Classic","M",NA,NA,NA,NA,13,3,9,NA,NA
"HCC","KIF2A","per_event_pairwise","HM_vs_Classic","WT",NA,NA,NA,NA,13,3,9,NA,NA
"HCC","KIF2A","per_event_pairwise","HM_vs_WGD","CNA_driver",NA,NA,NA,NA,13,3,9,NA,NA
"HCC","KIF2A","per_event_pairwise","HM_vs_WGD","CI_M",NA,NA,NA,NA,13,3,9,NA,NA
"HCC","KIF2A","per_event_pairwise","HM_vs_WGD","M",NA,NA,NA,NA,13,3,9,NA,NA
"HCC","KIF2A","per_event_pairwise","HM_vs_WGD","WT",NA,NA,NA,NA,13,3,9,NA,NA
"HCC","KIF2A","per_event_pairwise","WGD_vs_Classic","CNA_driver",NA,NA,NA,NA,13,3,9,NA,NA
"HCC","KIF2A","per_event_pairwise","WGD_vs_Classic","CI_M",NA,NA,NA,NA,13,3,9,NA,NA
"HCC","KIF2A","per_event_pairwise","WGD_vs_Classic","M",NA,NA,NA,NA,13,3,9,NA,NA
"HCC","KIF2A","per_event_pairwise","WGD_vs_Classic","WT",NA,NA,NA,NA,13,3,9,NA,NA
"HCC","KLF4","per_event_pairwise","WGD_vs_Classic","CNA_driver",NA,NA,NA,NA,27,1,3,NA,NA
"HCC","KLF4","per_event_pairwise","WGD_vs_Classic","CI_M",NA,NA,NA,NA,27,1,3,NA,NA
"HCC","KLF4","per_event_pairwise","WGD_vs_Classic","M",NA,NA,NA,NA,27,1,3,NA,NA
"HCC","KLF4","per_event_pairwise","WGD_vs_Classic","WT",NA,NA,NA,NA,27,1,3,NA,NA
"HCC","KMT2A","per_event_HM_vs_rest","HM_vs_rest","CNA_driver",NA,NA,NA,NA,21,3,0,NA,NA
"HCC","KMT2A","per_event_HM_vs_rest","HM_vs_rest","CI_M",NA,NA,NA,NA,21,3,0,NA,NA
"HCC","KMT2A","per_event_HM_vs_rest","HM_vs_rest","M",NA,NA,NA,NA,21,3,0,NA,NA
"HCC","KMT2A","per_event_HM_vs_rest","HM_vs_rest","WT",NA,NA,NA,NA,21,3,0,NA,NA
"HCC","KMT2A","per_event_pairwise","HM_vs_WGD","CNA_driver",NA,NA,NA,NA,21,3,0,NA,NA
"HCC","KMT2A","per_event_pairwise","HM_vs_WGD","CI_M",NA,NA,NA,NA,21,3,0,NA,NA
"HCC","KMT2A","per_event_pairwise","HM_vs_WGD","M",NA,NA,NA,NA,21,3,0,NA,NA
"HCC","KMT2A","per_event_pairwise","HM_vs_WGD","WT",NA,NA,NA,NA,21,3,0,NA,NA
"HCC","KMT2B","per_event_HM_vs_rest","HM_vs_rest","CNA_driver",NA,NA,NA,NA,18,3,8,NA,NA
"HCC","KMT2B","per_event_HM_vs_rest","HM_vs_rest","CI_M",NA,NA,NA,NA,18,3,8,NA,NA
"HCC","KMT2B","per_event_HM_vs_rest","HM_vs_rest","M",NA,NA,NA,NA,18,3,8,NA,NA
"HCC","KMT2B","per_event_HM_vs_rest","HM_vs_rest","WT",NA,NA,NA,NA,18,3,8,NA,NA
"HCC","KMT2B","per_event_pairwise","HM_vs_Classic","CNA_driver",NA,NA,NA,NA,18,3,8,NA,NA
"HCC","KMT2B","per_event_pairwise","HM_vs_Classic","CI_M",NA,NA,NA,NA,18,3,8,NA,NA
"HCC","KMT2B","per_event_pairwise","HM_vs_Classic","M",NA,NA,NA,NA,18,3,8,NA,NA
"HCC","KMT2B","per_event_pairwise","HM_vs_Classic","WT",NA,NA,NA,NA,18,3,8,NA,NA
"HCC","KMT2B","per_event_pairwise","HM_vs_WGD","CNA_driver",NA,NA,NA,NA,18,3,8,NA,NA
"HCC","KMT2B","per_event_pairwise","HM_vs_WGD","CI_M",NA,NA,NA,NA,18,3,8,NA,NA
"HCC","KMT2B","per_event_pairwise","HM_vs_WGD","M",NA,NA,NA,NA,18,3,8,NA,NA
"HCC","KMT2B","per_event_pairwise","HM_vs_WGD","WT",NA,NA,NA,NA,18,3,8,NA,NA
"HCC","KMT2B","per_event_pairwise","WGD_vs_Classic","CNA_driver",NA,NA,NA,NA,18,3,8,NA,NA
"HCC","KMT2B","per_event_pairwise","WGD_vs_Classic","CI_M",NA,NA,NA,NA,18,3,8,NA,NA
"HCC","KMT2B","per_event_pairwise","WGD_vs_Classic","M",NA,NA,NA,NA,18,3,8,NA,NA
"HCC","KMT2B","per_event_pairwise","WGD_vs_Classic","WT",NA,NA,NA,NA,18,3,8,NA,NA
"HCC","KMT2C","global","Classic_vs_HM_vs_WGD",NA,0.616191904047976,NA,NA,NA,20,7,25,0.673959895052474,0.726309848877842
"HCC","KMT2C","pairwise_all_events","HM_vs_Classic",NA,1,NA,NA,NA,20,7,25,1,1
"HCC","KMT2C","pairwise_all_events","WGD_vs_Classic",NA,0.494949494949495,NA,NA,NA,20,7,25,0.731175390266299,0.686996992455937
"HCC","KMT2C","per_event_HM_vs_rest","HM_vs_rest","CNA_driver",NA,NA,NA,NA,20,7,25,NA,NA
"HCC","KMT2C","per_event_HM_vs_rest","HM_vs_rest","CI_M",NA,NA,NA,NA,20,7,25,NA,NA
"HCC","KMT2C","per_event_HM_vs_rest","HM_vs_rest","M",1,0,0,36.0285361138824,20,7,25,1,1
"HCC","KMT2C","per_event_HM_vs_rest","HM_vs_rest","WT",1,Inf,0.0277557766110481,Inf,20,7,25,1,1
"HCC","KMT2C","per_event_pairwise","HM_vs_Classic","CNA_driver",NA,NA,NA,NA,20,7,25,NA,NA
"HCC","KMT2C","per_event_pairwise","HM_vs_Classic","CI_M",NA,NA,NA,NA,20,7,25,NA,NA
"HCC","KMT2C","per_event_pairwise","HM_vs_Classic","M",1,0,0,19.8064521691663,20,7,25,1,1
"HCC","KMT2C","per_event_pairwise","HM_vs_Classic","WT",1,Inf,0.0504885979305647,Inf,20,7,25,1,1
"HCC","KMT2C","per_event_pairwise","HM_vs_WGD","CNA_driver",NA,NA,NA,NA,20,7,25,NA,NA
"HCC","KMT2C","per_event_pairwise","HM_vs_WGD","CI_M",NA,NA,NA,NA,20,7,25,NA,NA
"HCC","KMT2C","per_event_pairwise","HM_vs_WGD","M",NA,NA,NA,NA,20,7,25,NA,NA
"HCC","KMT2C","per_event_pairwise","HM_vs_WGD","WT",NA,NA,NA,NA,20,7,25,NA,NA
"HCC","KMT2C","per_event_pairwise","WGD_vs_Classic","CNA_driver",NA,NA,NA,NA,20,7,25,NA,NA
"HCC","KMT2C","per_event_pairwise","WGD_vs_Classic","CI_M",NA,NA,NA,NA,20,7,25,NA,NA
"HCC","KMT2C","per_event_pairwise","WGD_vs_Classic","M",0.494949494949495,0,0,6.64100185456426,20,7,25,0.744975528480684,0.738639348568427
"HCC","KMT2C","per_event_pairwise","WGD_vs_Classic","WT",0.494949494949495,Inf,0.150579689917225,Inf,20,7,25,0.744975528480684,0.738639348568427
"HCC","KMT2D","global","Classic_vs_WGD",NA,0.0937499999999999,NA,NA,NA,29,1,3,0.172288855572214,0.172237410706411
"HCC","KMT2D","pairwise_all_events","WGD_vs_Classic",NA,0.0937499999999999,NA,NA,NA,29,1,3,0.285923753665689,0.23442265795207
"HCC","KMT2D","per_event_pairwise","WGD_vs_Classic","CNA_driver",NA,NA,NA,NA,29,1,3,NA,NA
"HCC","KMT2D","per_event_pairwise","WGD_vs_Classic","CI_M",NA,NA,NA,NA,29,1,3,NA,NA
"HCC","KMT2D","per_event_pairwise","WGD_vs_Classic","M",0.0937499999999999,0,0,4.03448312141234,29,1,3,0.321114369501466,0.26884258338079
"HCC","KMT2D","per_event_pairwise","WGD_vs_Classic","WT",0.0937499999999999,Inf,0.247863225574713,Inf,29,1,3,0.321114369501466,0.26884258338079
"HCC","KRAS","global","Classic_vs_WGD",NA,0.0967741935483871,NA,NA,NA,28,2,3,0.172288855572214,0.174418604651163
"HCC","KRAS","pairwise_all_events","WGD_vs_Classic",NA,0.0967741935483871,NA,NA,NA,28,2,3,0.285923753665689,0.237226756731401
"HCC","KRAS","per_event_pairwise","WGD_vs_Classic","CNA_driver",NA,NA,NA,NA,28,2,3,NA,NA
"HCC","KRAS","per_event_pairwise","WGD_vs_Classic","CI_M",NA,NA,NA,NA,28,2,3,NA,NA
"HCC","KRAS","per_event_pairwise","WGD_vs_Classic","M",0.0967741935483871,0,0,4.17857184085105,28,2,3,0.321114369501466,0.271399868075344
"HCC","KRAS","per_event_pairwise","WGD_vs_Classic","WT",0.0967741935483871,Inf,0.239316215704055,Inf,28,2,3,0.321114369501466,0.271399868075344
"HCC","LRP1B","per_event_HM_vs_rest","HM_vs_rest","CNA_driver",NA,NA,NA,NA,22,3,1,NA,NA
"HCC","LRP1B","per_event_HM_vs_rest","HM_vs_rest","CI_M",NA,NA,NA,NA,22,3,1,NA,NA
"HCC","LRP1B","per_event_HM_vs_rest","HM_vs_rest","M",NA,NA,NA,NA,22,3,1,NA,NA
"HCC","LRP1B","per_event_HM_vs_rest","HM_vs_rest","WT",NA,NA,NA,NA,22,3,1,NA,NA
"HCC","LRP1B","per_event_pairwise","HM_vs_WGD","CNA_driver",NA,NA,NA,NA,22,3,1,NA,NA
"HCC","LRP1B","per_event_pairwise","HM_vs_WGD","CI_M",NA,NA,NA,NA,22,3,1,NA,NA
"HCC","LRP1B","per_event_pairwise","HM_vs_WGD","M",NA,NA,NA,NA,22,3,1,NA,NA
"HCC","LRP1B","per_event_pairwise","HM_vs_WGD","WT",NA,NA,NA,NA,22,3,1,NA,NA
"HCC","LZTR1","per_event_HM_vs_rest","HM_vs_rest","CNA_driver",NA,NA,NA,NA,18,3,5,NA,NA
"HCC","LZTR1","per_event_HM_vs_rest","HM_vs_rest","CI_M",NA,NA,NA,NA,18,3,5,NA,NA
"HCC","LZTR1","per_event_HM_vs_rest","HM_vs_rest","M",NA,NA,NA,NA,18,3,5,NA,NA
"HCC","LZTR1","per_event_HM_vs_rest","HM_vs_rest","WT",NA,NA,NA,NA,18,3,5,NA,NA
"HCC","LZTR1","per_event_pairwise","HM_vs_Classic","CNA_driver",NA,NA,NA,NA,18,3,5,NA,NA
"HCC","LZTR1","per_event_pairwise","HM_vs_Classic","CI_M",NA,NA,NA,NA,18,3,5,NA,NA
"HCC","LZTR1","per_event_pairwise","HM_vs_Classic","M",NA,NA,NA,NA,18,3,5,NA,NA
"HCC","LZTR1","per_event_pairwise","HM_vs_Classic","WT",NA,NA,NA,NA,18,3,5,NA,NA
"HCC","LZTR1","per_event_pairwise","HM_vs_WGD","CNA_driver",NA,NA,NA,NA,18,3,5,NA,NA
"HCC","LZTR1","per_event_pairwise","HM_vs_WGD","CI_M",NA,NA,NA,NA,18,3,5,NA,NA
"HCC","LZTR1","per_event_pairwise","HM_vs_WGD","M",NA,NA,NA,NA,18,3,5,NA,NA
"HCC","LZTR1","per_event_pairwise","HM_vs_WGD","WT",NA,NA,NA,NA,18,3,5,NA,NA
"HCC","LZTR1","per_event_pairwise","WGD_vs_Classic","CNA_driver",NA,NA,NA,NA,18,3,5,NA,NA
"HCC","LZTR1","per_event_pairwise","WGD_vs_Classic","CI_M",NA,NA,NA,NA,18,3,5,NA,NA
"HCC","LZTR1","per_event_pairwise","WGD_vs_Classic","M",NA,NA,NA,NA,18,3,5,NA,NA
"HCC","LZTR1","per_event_pairwise","WGD_vs_Classic","WT",NA,NA,NA,NA,18,3,5,NA,NA
"HCC","MAP2K4","global","Classic_vs_WGD",NA,0.11764705882353,NA,NA,NA,30,0,4,0.18716577540107,0.202614379084967
"HCC","MAP2K4","pairwise_all_events","WGD_vs_Classic",NA,0.11764705882353,NA,NA,NA,30,0,4,0.305882352941177,0.272819472616633
"HCC","MAP2K4","per_event_pairwise","WGD_vs_Classic","CNA_driver",0.117647058823529,0,0,5.2000008957814,30,0,4,0.33679354094579,0.308977035490606
"HCC","MAP2K4","per_event_pairwise","WGD_vs_Classic","CI_M",NA,NA,NA,NA,30,0,4,NA,NA
"HCC","MAP2K4","per_event_pairwise","WGD_vs_Classic","M",NA,NA,NA,NA,30,0,4,NA,NA
"HCC","MAP2K4","per_event_pairwise","WGD_vs_Classic","WT",0.117647058823529,Inf,0.192307659179687,Inf,30,0,4,0.33679354094579,0.308977035490606
"HCC","MAP3K1","per_event_HM_vs_rest","HM_vs_rest","CNA_driver",NA,NA,NA,NA,21,8,11,NA,NA
"HCC","MAP3K1","per_event_HM_vs_rest","HM_vs_rest","CI_M",NA,NA,NA,NA,21,8,11,NA,NA
"HCC","MAP3K1","per_event_HM_vs_rest","HM_vs_rest","M",NA,NA,NA,NA,21,8,11,NA,NA
"HCC","MAP3K1","per_event_HM_vs_rest","HM_vs_rest","WT",NA,NA,NA,NA,21,8,11,NA,NA
"HCC","MAP3K1","per_event_pairwise","HM_vs_Classic","CNA_driver",NA,NA,NA,NA,21,8,11,NA,NA
"HCC","MAP3K1","per_event_pairwise","HM_vs_Classic","CI_M",NA,NA,NA,NA,21,8,11,NA,NA
"HCC","MAP3K1","per_event_pairwise","HM_vs_Classic","M",NA,NA,NA,NA,21,8,11,NA,NA
"HCC","MAP3K1","per_event_pairwise","HM_vs_Classic","WT",NA,NA,NA,NA,21,8,11,NA,NA
"HCC","MAP3K1","per_event_pairwise","HM_vs_WGD","CNA_driver",NA,NA,NA,NA,21,8,11,NA,NA
"HCC","MAP3K1","per_event_pairwise","HM_vs_WGD","CI_M",NA,NA,NA,NA,21,8,11,NA,NA
"HCC","MAP3K1","per_event_pairwise","HM_vs_WGD","M",NA,NA,NA,NA,21,8,11,NA,NA
"HCC","MAP3K1","per_event_pairwise","HM_vs_WGD","WT",NA,NA,NA,NA,21,8,11,NA,NA
"HCC","MAP3K1","per_event_pairwise","WGD_vs_Classic","CNA_driver",NA,NA,NA,NA,21,8,11,NA,NA
"HCC","MAP3K1","per_event_pairwise","WGD_vs_Classic","CI_M",NA,NA,NA,NA,21,8,11,NA,NA
"HCC","MAP3K1","per_event_pairwise","WGD_vs_Classic","M",NA,NA,NA,NA,21,8,11,NA,NA
"HCC","MAP3K1","per_event_pairwise","WGD_vs_Classic","WT",NA,NA,NA,NA,21,8,11,NA,NA
"HCC","MAPK1","per_event_HM_vs_rest","HM_vs_rest","CNA_driver",NA,NA,NA,NA,18,3,5,NA,NA
"HCC","MAPK1","per_event_HM_vs_rest","HM_vs_rest","CI_M",NA,NA,NA,NA,18,3,5,NA,NA
"HCC","MAPK1","per_event_HM_vs_rest","HM_vs_rest","M",NA,NA,NA,NA,18,3,5,NA,NA
"HCC","MAPK1","per_event_HM_vs_rest","HM_vs_rest","WT",NA,NA,NA,NA,18,3,5,NA,NA
"HCC","MAPK1","per_event_pairwise","HM_vs_Classic","CNA_driver",NA,NA,NA,NA,18,3,5,NA,NA
"HCC","MAPK1","per_event_pairwise","HM_vs_Classic","CI_M",NA,NA,NA,NA,18,3,5,NA,NA
"HCC","MAPK1","per_event_pairwise","HM_vs_Classic","M",NA,NA,NA,NA,18,3,5,NA,NA
"HCC","MAPK1","per_event_pairwise","HM_vs_Classic","WT",NA,NA,NA,NA,18,3,5,NA,NA
"HCC","MAPK1","per_event_pairwise","HM_vs_WGD","CNA_driver",NA,NA,NA,NA,18,3,5,NA,NA
"HCC","MAPK1","per_event_pairwise","HM_vs_WGD","CI_M",NA,NA,NA,NA,18,3,5,NA,NA
"HCC","MAPK1","per_event_pairwise","HM_vs_WGD","M",NA,NA,NA,NA,18,3,5,NA,NA
"HCC","MAPK1","per_event_pairwise","HM_vs_WGD","WT",NA,NA,NA,NA,18,3,5,NA,NA
"HCC","MAPK1","per_event_pairwise","WGD_vs_Classic","CNA_driver",NA,NA,NA,NA,18,3,5,NA,NA
"HCC","MAPK1","per_event_pairwise","WGD_vs_Classic","CI_M",NA,NA,NA,NA,18,3,5,NA,NA
"HCC","MAPK1","per_event_pairwise","WGD_vs_Classic","M",NA,NA,NA,NA,18,3,5,NA,NA
"HCC","MAPK1","per_event_pairwise","WGD_vs_Classic","WT",NA,NA,NA,NA,18,3,5,NA,NA
"HCC","MEN1","per_event_HM_vs_rest","HM_vs_rest","CNA_driver",NA,NA,NA,NA,20,4,0,NA,NA
"HCC","MEN1","per_event_HM_vs_rest","HM_vs_rest","CI_M",NA,NA,NA,NA,20,4,0,NA,NA
"HCC","MEN1","per_event_HM_vs_rest","HM_vs_rest","M",NA,NA,NA,NA,20,4,0,NA,NA
"HCC","MEN1","per_event_HM_vs_rest","HM_vs_rest","WT",NA,NA,NA,NA,20,4,0,NA,NA
"HCC","MEN1","per_event_pairwise","HM_vs_WGD","CNA_driver",NA,NA,NA,NA,20,4,0,NA,NA
"HCC","MEN1","per_event_pairwise","HM_vs_WGD","CI_M",NA,NA,NA,NA,20,4,0,NA,NA
"HCC","MEN1","per_event_pairwise","HM_vs_WGD","M",NA,NA,NA,NA,20,4,0,NA,NA
"HCC","MEN1","per_event_pairwise","HM_vs_WGD","WT",NA,NA,NA,NA,20,4,0,NA,NA
"HCC","MUC6","per_event_HM_vs_rest","HM_vs_rest","CNA_driver",NA,NA,NA,NA,22,4,3,NA,NA
"HCC","MUC6","per_event_HM_vs_rest","HM_vs_rest","CI_M",NA,NA,NA,NA,22,4,3,NA,NA
"HCC","MUC6","per_event_HM_vs_rest","HM_vs_rest","M",NA,NA,NA,NA,22,4,3,NA,NA
"HCC","MUC6","per_event_HM_vs_rest","HM_vs_rest","WT",NA,NA,NA,NA,22,4,3,NA,NA
"HCC","MUC6","per_event_pairwise","HM_vs_Classic","CNA_driver",NA,NA,NA,NA,22,4,3,NA,NA
"HCC","MUC6","per_event_pairwise","HM_vs_Classic","CI_M",NA,NA,NA,NA,22,4,3,NA,NA
"HCC","MUC6","per_event_pairwise","HM_vs_Classic","M",NA,NA,NA,NA,22,4,3,NA,NA
"HCC","MUC6","per_event_pairwise","HM_vs_Classic","WT",NA,NA,NA,NA,22,4,3,NA,NA
"HCC","MUC6","per_event_pairwise","HM_vs_WGD","CNA_driver",NA,NA,NA,NA,22,4,3,NA,NA
"HCC","MUC6","per_event_pairwise","HM_vs_WGD","CI_M",NA,NA,NA,NA,22,4,3,NA,NA
"HCC","MUC6","per_event_pairwise","HM_vs_WGD","M",NA,NA,NA,NA,22,4,3,NA,NA
"HCC","MUC6","per_event_pairwise","HM_vs_WGD","WT",NA,NA,NA,NA,22,4,3,NA,NA
"HCC","MUC6","per_event_pairwise","WGD_vs_Classic","CNA_driver",NA,NA,NA,NA,22,4,3,NA,NA
"HCC","MUC6","per_event_pairwise","WGD_vs_Classic","CI_M",NA,NA,NA,NA,22,4,3,NA,NA
"HCC","MUC6","per_event_pairwise","WGD_vs_Classic","M",NA,NA,NA,NA,22,4,3,NA,NA
"HCC","MUC6","per_event_pairwise","WGD_vs_Classic","WT",NA,NA,NA,NA,22,4,3,NA,NA
"HCC","MYO5A","per_event_HM_vs_rest","HM_vs_rest","CNA_driver",NA,NA,NA,NA,29,4,11,NA,NA
"HCC","MYO5A","per_event_HM_vs_rest","HM_vs_rest","CI_M",NA,NA,NA,NA,29,4,11,NA,NA
"HCC","MYO5A","per_event_HM_vs_rest","HM_vs_rest","M",NA,NA,NA,NA,29,4,11,NA,NA
"HCC","MYO5A","per_event_HM_vs_rest","HM_vs_rest","WT",NA,NA,NA,NA,29,4,11,NA,NA
"HCC","MYO5A","per_event_pairwise","HM_vs_Classic","CNA_driver",NA,NA,NA,NA,29,4,11,NA,NA
"HCC","MYO5A","per_event_pairwise","HM_vs_Classic","CI_M",NA,NA,NA,NA,29,4,11,NA,NA
"HCC","MYO5A","per_event_pairwise","HM_vs_Classic","M",NA,NA,NA,NA,29,4,11,NA,NA
"HCC","MYO5A","per_event_pairwise","HM_vs_Classic","WT",NA,NA,NA,NA,29,4,11,NA,NA
"HCC","MYO5A","per_event_pairwise","HM_vs_WGD","CNA_driver",NA,NA,NA,NA,29,4,11,NA,NA
"HCC","MYO5A","per_event_pairwise","HM_vs_WGD","CI_M",NA,NA,NA,NA,29,4,11,NA,NA
"HCC","MYO5A","per_event_pairwise","HM_vs_WGD","M",NA,NA,NA,NA,29,4,11,NA,NA
"HCC","MYO5A","per_event_pairwise","HM_vs_WGD","WT",NA,NA,NA,NA,29,4,11,NA,NA
"HCC","MYO5A","per_event_pairwise","WGD_vs_Classic","CNA_driver",NA,NA,NA,NA,29,4,11,NA,NA
"HCC","MYO5A","per_event_pairwise","WGD_vs_Classic","CI_M",NA,NA,NA,NA,29,4,11,NA,NA
"HCC","MYO5A","per_event_pairwise","WGD_vs_Classic","M",NA,NA,NA,NA,29,4,11,NA,NA
"HCC","MYO5A","per_event_pairwise","WGD_vs_Classic","WT",NA,NA,NA,NA,29,4,11,NA,NA
"HCC","N4BP2","per_event_HM_vs_rest","HM_vs_rest","CNA_driver",NA,NA,NA,NA,24,4,6,NA,NA
"HCC","N4BP2","per_event_HM_vs_rest","HM_vs_rest","CI_M",NA,NA,NA,NA,24,4,6,NA,NA
"HCC","N4BP2","per_event_HM_vs_rest","HM_vs_rest","M",NA,NA,NA,NA,24,4,6,NA,NA
"HCC","N4BP2","per_event_HM_vs_rest","HM_vs_rest","WT",NA,NA,NA,NA,24,4,6,NA,NA
"HCC","N4BP2","per_event_pairwise","HM_vs_Classic","CNA_driver",NA,NA,NA,NA,24,4,6,NA,NA
"HCC","N4BP2","per_event_pairwise","HM_vs_Classic","CI_M",NA,NA,NA,NA,24,4,6,NA,NA
"HCC","N4BP2","per_event_pairwise","HM_vs_Classic","M",NA,NA,NA,NA,24,4,6,NA,NA
"HCC","N4BP2","per_event_pairwise","HM_vs_Classic","WT",NA,NA,NA,NA,24,4,6,NA,NA
"HCC","N4BP2","per_event_pairwise","HM_vs_WGD","CNA_driver",NA,NA,NA,NA,24,4,6,NA,NA
"HCC","N4BP2","per_event_pairwise","HM_vs_WGD","CI_M",NA,NA,NA,NA,24,4,6,NA,NA
"HCC","N4BP2","per_event_pairwise","HM_vs_WGD","M",NA,NA,NA,NA,24,4,6,NA,NA
"HCC","N4BP2","per_event_pairwise","HM_vs_WGD","WT",NA,NA,NA,NA,24,4,6,NA,NA
"HCC","N4BP2","per_event_pairwise","WGD_vs_Classic","CNA_driver",NA,NA,NA,NA,24,4,6,NA,NA
"HCC","N4BP2","per_event_pairwise","WGD_vs_Classic","CI_M",NA,NA,NA,NA,24,4,6,NA,NA
"HCC","N4BP2","per_event_pairwise","WGD_vs_Classic","M",NA,NA,NA,NA,24,4,6,NA,NA
"HCC","N4BP2","per_event_pairwise","WGD_vs_Classic","WT",NA,NA,NA,NA,24,4,6,NA,NA
"HCC","NBEA","per_event_pairwise","WGD_vs_Classic","CNA_driver",NA,NA,NA,NA,23,1,3,NA,NA
"HCC","NBEA","per_event_pairwise","WGD_vs_Classic","CI_M",NA,NA,NA,NA,23,1,3,NA,NA
"HCC","NBEA","per_event_pairwise","WGD_vs_Classic","M",NA,NA,NA,NA,23,1,3,NA,NA
"HCC","NBEA","per_event_pairwise","WGD_vs_Classic","WT",NA,NA,NA,NA,23,1,3,NA,NA
"HCC","NCOR2","per_event_pairwise","WGD_vs_Classic","CNA_driver",NA,NA,NA,NA,27,2,4,NA,NA
"HCC","NCOR2","per_event_pairwise","WGD_vs_Classic","CI_M",NA,NA,NA,NA,27,2,4,NA,NA
"HCC","NCOR2","per_event_pairwise","WGD_vs_Classic","M",NA,NA,NA,NA,27,2,4,NA,NA
"HCC","NCOR2","per_event_pairwise","WGD_vs_Classic","WT",NA,NA,NA,NA,27,2,4,NA,NA
"HCC","NF1","global","Classic_vs_WGD",NA,0.162210338680927,NA,NA,NA,20,2,14,0.236556743909685,0.259202087582924
"HCC","NF1","pairwise_all_events","WGD_vs_Classic",NA,0.162210338680927,NA,NA,NA,20,2,14,0.361111111111111,0.346306199247376
"HCC","NF1","per_event_pairwise","WGD_vs_Classic","CNA_driver",NA,NA,NA,NA,20,2,14,NA,NA
"HCC","NF1","per_event_pairwise","WGD_vs_Classic","CI_M",NA,NA,NA,NA,20,2,14,NA,NA
"HCC","NF1","per_event_pairwise","WGD_vs_Classic","M",0.162210338680927,0,0,3.64736270865199,20,2,14,0.386243386243387,0.382135966405629
"HCC","NF1","per_event_pairwise","WGD_vs_Classic","WT",0.162210338680927,Inf,0.274170703568328,Inf,20,2,14,0.386243386243387,0.382135966405629
"HCC","NF2","global","Classic_vs_HM_vs_WGD",NA,0.426786606696652,NA,NA,NA,17,3,9,0.49791770781276,0.54673721340388
"HCC","NF2","pairwise_all_events","HM_vs_Classic",NA,1,NA,NA,NA,17,3,9,1,1
"HCC","NF2","pairwise_all_events","WGD_vs_Classic",NA,0.346153846153846,NA,NA,NA,17,3,9,0.592105263157895,0.546131288066772
"HCC","NF2","per_event_HM_vs_rest","HM_vs_rest","CNA_driver",1,0,0,336.229541321479,17,3,9,1,1
"HCC","NF2","per_event_HM_vs_rest","HM_vs_rest","CI_M",NA,NA,NA,NA,17,3,9,NA,NA
"HCC","NF2","per_event_HM_vs_rest","HM_vs_rest","M",NA,NA,NA,NA,17,3,9,NA,NA
"HCC","NF2","per_event_HM_vs_rest","HM_vs_rest","WT",1,Inf,0.00297415865384616,Inf,17,3,9,1,1
"HCC","NF2","per_event_pairwise","HM_vs_Classic","CNA_driver",1,0,0,116.788321167883,17,3,9,1,1
"HCC","NF2","per_event_pairwise","HM_vs_Classic","CI_M",NA,NA,NA,NA,17,3,9,NA,NA
"HCC","NF2","per_event_pairwise","HM_vs_Classic","M",NA,NA,NA,NA,17,3,9,NA,NA
"HCC","NF2","per_event_pairwise","HM_vs_Classic","WT",1,Inf,0.00856250000000001,Inf,17,3,9,1,1
"HCC","NF2","per_event_pairwise","HM_vs_WGD","CNA_driver",NA,NA,NA,NA,17,3,9,NA,NA
"HCC","NF2","per_event_pairwise","HM_vs_WGD","CI_M",NA,NA,NA,NA,17,3,9,NA,NA
"HCC","NF2","per_event_pairwise","HM_vs_WGD","M",NA,NA,NA,NA,17,3,9,NA,NA
"HCC","NF2","per_event_pairwise","HM_vs_WGD","WT",NA,NA,NA,NA,17,3,9,NA,NA
"HCC","NF2","per_event_pairwise","WGD_vs_Classic","CNA_driver",0.346153846153846,0,0,20.6471366549516,17,3,9,0.601648351648352,0.58766739333541
"HCC","NF2","per_event_pairwise","WGD_vs_Classic","CI_M",NA,NA,NA,NA,17,3,9,NA,NA
"HCC","NF2","per_event_pairwise","WGD_vs_Classic","M",NA,NA,NA,NA,17,3,9,NA,NA
"HCC","NF2","per_event_pairwise","WGD_vs_Classic","WT",0.346153846153846,Inf,0.0484328658598858,Inf,17,3,9,0.601648351648352,0.58766739333541
"HCC","NFE2L2","global","Classic_vs_HM_vs_WGD",NA,0.000499750124937531,NA,NA,NA,25,4,9,0.0029152090621356,0.00281677343146609
"HCC","NFE2L2","pairwise_all_events","HM_vs_Classic",NA,0.265734265734266,NA,NA,NA,25,4,9,0.508021390374332,0.455791152043026
"HCC","NFE2L2","pairwise_all_events","HM_vs_WGD",NA,0.137931034482759,NA,NA,NA,25,4,9,0.343915343915344,0.311793682990438
"HCC","NFE2L2","pairwise_all_events","WGD_vs_Classic",NA,6.24579895665415e-05,NA,NA,NA,25,4,9,0.0013532564406084,0.00267611029657946
"HCC","NFE2L2","per_event_HM_vs_rest","HM_vs_rest","CNA_driver",NA,NA,NA,NA,25,4,9,NA,NA
"HCC","NFE2L2","per_event_HM_vs_rest","HM_vs_rest","CI_M",NA,NA,NA,NA,25,4,9,NA,NA
"HCC","NFE2L2","per_event_HM_vs_rest","HM_vs_rest","M",1,1.53553341382494,0.0254395340885384,23.4795128756722,25,4,9,1,1
"HCC","NFE2L2","per_event_HM_vs_rest","HM_vs_rest","WT",1,0.651239491760096,0.0425903214131894,39.3088960088519,25,4,9,1,1
"HCC","NFE2L2","per_event_pairwise","HM_vs_Classic","CNA_driver",NA,NA,NA,NA,25,4,9,NA,NA
"HCC","NFE2L2","per_event_pairwise","HM_vs_Classic","CI_M",NA,NA,NA,NA,25,4,9,NA,NA
"HCC","NFE2L2","per_event_pairwise","HM_vs_Classic","M",0.265734265734266,0.193589723464991,0.00273879442710376,3.64116582193488,25,4,9,0.51048951048951,0.495519448547514
"HCC","NFE2L2","per_event_pairwise","HM_vs_Classic","WT",0.265734265734266,5.16556345089691,0.274637313680103,365.124154665922,25,4,9,0.51048951048951,0.495519448547514
"HCC","NFE2L2","per_event_pairwise","HM_vs_WGD","CNA_driver",NA,NA,NA,NA,25,4,9,NA,NA
"HCC","NFE2L2","per_event_pairwise","HM_vs_WGD","CI_M",NA,NA,NA,NA,25,4,9,NA,NA
"HCC","NFE2L2","per_event_pairwise","HM_vs_WGD","M",0.137931034482759,Inf,0.160256367285156,Inf,25,4,9,0.379220779220779,0.351961950059453
"HCC","NFE2L2","per_event_pairwise","HM_vs_WGD","WT",0.137931034482759,0,0,6.24000167319794,25,4,9,0.379220779220779,0.351961950059453
"HCC","NFE2L2","per_event_pairwise","WGD_vs_Classic","CNA_driver",NA,NA,NA,NA,25,4,9,NA,NA
"HCC","NFE2L2","per_event_pairwise","WGD_vs_Classic","CI_M",NA,NA,NA,NA,25,4,9,NA,NA
"HCC","NFE2L2","per_event_pairwise","WGD_vs_Classic","M",6.24579895665416e-05,0,0,0.1754516323906,25,4,9,0.00101320738630167,0.00106178582263121
"HCC","NFE2L2","per_event_pairwise","WGD_vs_Classic","WT",6.24579895665416e-05,Inf,5.69957649509778,Inf,25,4,9,0.00101320738630167,0.00106178582263121
"HCC","NPM1","per_event_HM_vs_rest","HM_vs_rest","CNA_driver",NA,NA,NA,NA,23,9,15,NA,NA
"HCC","NPM1","per_event_HM_vs_rest","HM_vs_rest","CI_M",NA,NA,NA,NA,23,9,15,NA,NA
"HCC","NPM1","per_event_HM_vs_rest","HM_vs_rest","M",NA,NA,NA,NA,23,9,15,NA,NA
"HCC","NPM1","per_event_HM_vs_rest","HM_vs_rest","WT",NA,NA,NA,NA,23,9,15,NA,NA
"HCC","NPM1","per_event_pairwise","HM_vs_Classic","CNA_driver",NA,NA,NA,NA,23,9,15,NA,NA
"HCC","NPM1","per_event_pairwise","HM_vs_Classic","CI_M",NA,NA,NA,NA,23,9,15,NA,NA
"HCC","NPM1","per_event_pairwise","HM_vs_Classic","M",NA,NA,NA,NA,23,9,15,NA,NA
"HCC","NPM1","per_event_pairwise","HM_vs_Classic","WT",NA,NA,NA,NA,23,9,15,NA,NA
"HCC","NPM1","per_event_pairwise","HM_vs_WGD","CNA_driver",NA,NA,NA,NA,23,9,15,NA,NA
"HCC","NPM1","per_event_pairwise","HM_vs_WGD","CI_M",NA,NA,NA,NA,23,9,15,NA,NA
"HCC","NPM1","per_event_pairwise","HM_vs_WGD","M",NA,NA,NA,NA,23,9,15,NA,NA
"HCC","NPM1","per_event_pairwise","HM_vs_WGD","WT",NA,NA,NA,NA,23,9,15,NA,NA
"HCC","NPM1","per_event_pairwise","WGD_vs_Classic","CNA_driver",NA,NA,NA,NA,23,9,15,NA,NA
"HCC","NPM1","per_event_pairwise","WGD_vs_Classic","CI_M",NA,NA,NA,NA,23,9,15,NA,NA
"HCC","NPM1","per_event_pairwise","WGD_vs_Classic","M",NA,NA,NA,NA,23,9,15,NA,NA
"HCC","NPM1","per_event_pairwise","WGD_vs_Classic","WT",NA,NA,NA,NA,23,9,15,NA,NA
"HCC","NRAS","global","Classic_vs_WGD",NA,0.0967741935483871,NA,NA,NA,28,2,3,0.172288855572214,0.174418604651163
"HCC","NRAS","pairwise_all_events","WGD_vs_Classic",NA,0.0967741935483871,NA,NA,NA,28,2,3,0.285923753665689,0.237226756731401
"HCC","NRAS","per_event_pairwise","WGD_vs_Classic","CNA_driver",NA,NA,NA,NA,28,2,3,NA,NA
"HCC","NRAS","per_event_pairwise","WGD_vs_Classic","CI_M",NA,NA,NA,NA,28,2,3,NA,NA
"HCC","NRAS","per_event_pairwise","WGD_vs_Classic","M",0.0967741935483871,0,0,4.17857184085105,28,2,3,0.321114369501466,0.271399868075344
"HCC","NRAS","per_event_pairwise","WGD_vs_Classic","WT",0.0967741935483871,Inf,0.239316215704055,Inf,28,2,3,0.321114369501466,0.271399868075344
"HCC","PABPC1","per_event_HM_vs_rest","HM_vs_rest","CNA_driver",NA,NA,NA,NA,16,5,31,NA,NA
"HCC","PABPC1","per_event_HM_vs_rest","HM_vs_rest","CI_M",NA,NA,NA,NA,16,5,31,NA,NA
"HCC","PABPC1","per_event_HM_vs_rest","HM_vs_rest","M",NA,NA,NA,NA,16,5,31,NA,NA
"HCC","PABPC1","per_event_HM_vs_rest","HM_vs_rest","WT",NA,NA,NA,NA,16,5,31,NA,NA
"HCC","PABPC1","per_event_pairwise","HM_vs_Classic","CNA_driver",NA,NA,NA,NA,16,5,31,NA,NA
"HCC","PABPC1","per_event_pairwise","HM_vs_Classic","CI_M",NA,NA,NA,NA,16,5,31,NA,NA
"HCC","PABPC1","per_event_pairwise","HM_vs_Classic","M",NA,NA,NA,NA,16,5,31,NA,NA
"HCC","PABPC1","per_event_pairwise","HM_vs_Classic","WT",NA,NA,NA,NA,16,5,31,NA,NA
"HCC","PABPC1","per_event_pairwise","HM_vs_WGD","CNA_driver",NA,NA,NA,NA,16,5,31,NA,NA
"HCC","PABPC1","per_event_pairwise","HM_vs_WGD","CI_M",NA,NA,NA,NA,16,5,31,NA,NA
"HCC","PABPC1","per_event_pairwise","HM_vs_WGD","M",NA,NA,NA,NA,16,5,31,NA,NA
"HCC","PABPC1","per_event_pairwise","HM_vs_WGD","WT",NA,NA,NA,NA,16,5,31,NA,NA
"HCC","PABPC1","per_event_pairwise","WGD_vs_Classic","CNA_driver",NA,NA,NA,NA,16,5,31,NA,NA
"HCC","PABPC1","per_event_pairwise","WGD_vs_Classic","CI_M",NA,NA,NA,NA,16,5,31,NA,NA
"HCC","PABPC1","per_event_pairwise","WGD_vs_Classic","M",NA,NA,NA,NA,16,5,31,NA,NA
"HCC","PABPC1","per_event_pairwise","WGD_vs_Classic","WT",NA,NA,NA,NA,16,5,31,NA,NA
"HCC","PIK3CA","global","Classic_vs_HM_vs_WGD",NA,0.0424787606196902,NA,NA,NA,30,6,7,0.0991171081126104,0.0947368042597406
"HCC","PIK3CA","pairwise_all_events","HM_vs_Classic",NA,0.461538461538462,NA,NA,NA,30,6,7,0.714285714285715,0.661697922798755
"HCC","PIK3CA","pairwise_all_events","WGD_vs_Classic",NA,0.0315315315315315,NA,NA,NA,30,6,7,0.15592203898051,0.108743358743359
"HCC","PIK3CA","per_event_HM_vs_rest","HM_vs_rest","CNA_driver",NA,NA,NA,NA,30,6,7,NA,NA
"HCC","PIK3CA","per_event_HM_vs_rest","HM_vs_rest","CI_M",NA,NA,NA,NA,30,6,7,NA,NA
"HCC","PIK3CA","per_event_HM_vs_rest","HM_vs_rest","M",1,0,0,34.8647495193479,30,6,7,1,1
"HCC","PIK3CA","per_event_HM_vs_rest","HM_vs_rest","WT",1,Inf,0.0286822654338893,Inf,30,6,7,1,1
"HCC","PIK3CA","per_event_pairwise","HM_vs_Classic","CNA_driver",NA,NA,NA,NA,30,6,7,NA,NA
"HCC","PIK3CA","per_event_pairwise","HM_vs_Classic","CI_M",NA,NA,NA,NA,30,6,7,NA,NA
"HCC","PIK3CA","per_event_pairwise","HM_vs_Classic","M",0.461538461538462,0,0,6.12037894639397,30,6,7,0.732441471571906,0.716456706711579
"HCC","PIK3CA","per_event_pairwise","HM_vs_Classic","WT",0.461538461538462,Inf,0.163388575896789,Inf,30,6,7,0.732441471571906,0.716456706711579
"HCC","PIK3CA","per_event_pairwise","HM_vs_WGD","CNA_driver",NA,NA,NA,NA,30,6,7,NA,NA
"HCC","PIK3CA","per_event_pairwise","HM_vs_WGD","CI_M",NA,NA,NA,NA,30,6,7,NA,NA
"HCC","PIK3CA","per_event_pairwise","HM_vs_WGD","M",NA,NA,NA,NA,30,6,7,NA,NA
"HCC","PIK3CA","per_event_pairwise","HM_vs_WGD","WT",NA,NA,NA,NA,30,6,7,NA,NA
"HCC","PIK3CA","per_event_pairwise","WGD_vs_Classic","CNA_driver",NA,NA,NA,NA,30,6,7,NA,NA
"HCC","PIK3CA","per_event_pairwise","WGD_vs_Classic","CI_M",NA,NA,NA,NA,30,6,7,NA,NA
"HCC","PIK3CA","per_event_pairwise","WGD_vs_Classic","M",0.0315315315315315,0,0,1.15181592148558,30,6,7,0.177061677061677,0.128371089536138
"HCC","PIK3CA","per_event_pairwise","WGD_vs_Classic","WT",0.0315315315315315,Inf,0.8681942846477,Inf,30,6,7,0.177061677061677,0.128371089536138
"HCC","PMS2","per_event_HM_vs_rest","HM_vs_rest","CNA_driver",NA,NA,NA,NA,19,8,19,NA,NA
"HCC","PMS2","per_event_HM_vs_rest","HM_vs_rest","CI_M",NA,NA,NA,NA,19,8,19,NA,NA
"HCC","PMS2","per_event_HM_vs_rest","HM_vs_rest","M",NA,NA,NA,NA,19,8,19,NA,NA
"HCC","PMS2","per_event_HM_vs_rest","HM_vs_rest","WT",NA,NA,NA,NA,19,8,19,NA,NA
"HCC","PMS2","per_event_pairwise","HM_vs_Classic","CNA_driver",NA,NA,NA,NA,19,8,19,NA,NA
"HCC","PMS2","per_event_pairwise","HM_vs_Classic","CI_M",NA,NA,NA,NA,19,8,19,NA,NA
"HCC","PMS2","per_event_pairwise","HM_vs_Classic","M",NA,NA,NA,NA,19,8,19,NA,NA
"HCC","PMS2","per_event_pairwise","HM_vs_Classic","WT",NA,NA,NA,NA,19,8,19,NA,NA
"HCC","PMS2","per_event_pairwise","HM_vs_WGD","CNA_driver",NA,NA,NA,NA,19,8,19,NA,NA
"HCC","PMS2","per_event_pairwise","HM_vs_WGD","CI_M",NA,NA,NA,NA,19,8,19,NA,NA
"HCC","PMS2","per_event_pairwise","HM_vs_WGD","M",NA,NA,NA,NA,19,8,19,NA,NA
"HCC","PMS2","per_event_pairwise","HM_vs_WGD","WT",NA,NA,NA,NA,19,8,19,NA,NA
"HCC","PMS2","per_event_pairwise","WGD_vs_Classic","CNA_driver",NA,NA,NA,NA,19,8,19,NA,NA
"HCC","PMS2","per_event_pairwise","WGD_vs_Classic","CI_M",NA,NA,NA,NA,19,8,19,NA,NA
"HCC","PMS2","per_event_pairwise","WGD_vs_Classic","M",NA,NA,NA,NA,19,8,19,NA,NA
"HCC","PMS2","per_event_pairwise","WGD_vs_Classic","WT",NA,NA,NA,NA,19,8,19,NA,NA
"HCC","PREX2","per_event_HM_vs_rest","HM_vs_rest","CNA_driver",NA,NA,NA,NA,18,5,25,NA,NA
"HCC","PREX2","per_event_HM_vs_rest","HM_vs_rest","CI_M",NA,NA,NA,NA,18,5,25,NA,NA
"HCC","PREX2","per_event_HM_vs_rest","HM_vs_rest","M",NA,NA,NA,NA,18,5,25,NA,NA
"HCC","PREX2","per_event_HM_vs_rest","HM_vs_rest","WT",NA,NA,NA,NA,18,5,25,NA,NA
"HCC","PREX2","per_event_pairwise","HM_vs_Classic","CNA_driver",NA,NA,NA,NA,18,5,25,NA,NA
"HCC","PREX2","per_event_pairwise","HM_vs_Classic","CI_M",NA,NA,NA,NA,18,5,25,NA,NA
"HCC","PREX2","per_event_pairwise","HM_vs_Classic","M",NA,NA,NA,NA,18,5,25,NA,NA
"HCC","PREX2","per_event_pairwise","HM_vs_Classic","WT",NA,NA,NA,NA,18,5,25,NA,NA
"HCC","PREX2","per_event_pairwise","HM_vs_WGD","CNA_driver",NA,NA,NA,NA,18,5,25,NA,NA
"HCC","PREX2","per_event_pairwise","HM_vs_WGD","CI_M",NA,NA,NA,NA,18,5,25,NA,NA
"HCC","PREX2","per_event_pairwise","HM_vs_WGD","M",NA,NA,NA,NA,18,5,25,NA,NA
"HCC","PREX2","per_event_pairwise","HM_vs_WGD","WT",NA,NA,NA,NA,18,5,25,NA,NA
"HCC","PREX2","per_event_pairwise","WGD_vs_Classic","CNA_driver",NA,NA,NA,NA,18,5,25,NA,NA
"HCC","PREX2","per_event_pairwise","WGD_vs_Classic","CI_M",NA,NA,NA,NA,18,5,25,NA,NA
"HCC","PREX2","per_event_pairwise","WGD_vs_Classic","M",NA,NA,NA,NA,18,5,25,NA,NA
"HCC","PREX2","per_event_pairwise","WGD_vs_Classic","WT",NA,NA,NA,NA,18,5,25,NA,NA
"HCC","PTEN","global","Classic_vs_WGD",NA,0.000499750124937531,NA,NA,NA,24,2,10,0.0029152090621356,0.00281677343146609
"HCC","PTEN","pairwise_all_events","WGD_vs_Classic",NA,0.000499750124937531,NA,NA,NA,24,2,10,0.00464053687441993,0.00407372071539988
"HCC","PTEN","per_event_pairwise","WGD_vs_Classic","CNA_driver",0.000905640848714853,0,0,0.328087556734476,24,2,10,0.00944454027945489,0.00863103172487337
"HCC","PTEN","per_event_pairwise","WGD_vs_Classic","CI_M",NA,NA,NA,NA,24,2,10,NA,NA
"HCC","PTEN","per_event_pairwise","WGD_vs_Classic","M",0.0802139037433155,0,0,2.12409057610998,24,2,10,0.321114369501466,0.243455829518658
"HCC","PTEN","per_event_pairwise","WGD_vs_Classic","WT",2.23064248451934e-05,Inf,6.60020224006281,Inf,24,2,10,0.000767053024118838,0.000475618346699208
"HCC","PTPRC","per_event_HM_vs_rest","HM_vs_rest","CNA_driver",NA,NA,NA,NA,12,6,50,NA,NA
"HCC","PTPRC","per_event_HM_vs_rest","HM_vs_rest","CI_M",NA,NA,NA,NA,12,6,50,NA,NA
"HCC","PTPRC","per_event_HM_vs_rest","HM_vs_rest","M",NA,NA,NA,NA,12,6,50,NA,NA
"HCC","PTPRC","per_event_HM_vs_rest","HM_vs_rest","WT",NA,NA,NA,NA,12,6,50,NA,NA
"HCC","PTPRC","per_event_pairwise","HM_vs_Classic","CNA_driver",NA,NA,NA,NA,12,6,50,NA,NA
"HCC","PTPRC","per_event_pairwise","HM_vs_Classic","CI_M",NA,NA,NA,NA,12,6,50,NA,NA
"HCC","PTPRC","per_event_pairwise","HM_vs_Classic","M",NA,NA,NA,NA,12,6,50,NA,NA
"HCC","PTPRC","per_event_pairwise","HM_vs_Classic","WT",NA,NA,NA,NA,12,6,50,NA,NA
"HCC","PTPRC","per_event_pairwise","HM_vs_WGD","CNA_driver",NA,NA,NA,NA,12,6,50,NA,NA
"HCC","PTPRC","per_event_pairwise","HM_vs_WGD","CI_M",NA,NA,NA,NA,12,6,50,NA,NA
"HCC","PTPRC","per_event_pairwise","HM_vs_WGD","M",NA,NA,NA,NA,12,6,50,NA,NA
"HCC","PTPRC","per_event_pairwise","HM_vs_WGD","WT",NA,NA,NA,NA,12,6,50,NA,NA
"HCC","PTPRC","per_event_pairwise","WGD_vs_Classic","CNA_driver",NA,NA,NA,NA,12,6,50,NA,NA
"HCC","PTPRC","per_event_pairwise","WGD_vs_Classic","CI_M",NA,NA,NA,NA,12,6,50,NA,NA
"HCC","PTPRC","per_event_pairwise","WGD_vs_Classic","M",NA,NA,NA,NA,12,6,50,NA,NA
"HCC","PTPRC","per_event_pairwise","WGD_vs_Classic","WT",NA,NA,NA,NA,12,6,50,NA,NA
"HCC","PTPRT","per_event_HM_vs_rest","HM_vs_rest","CNA_driver",NA,NA,NA,NA,22,4,9,NA,NA
"HCC","PTPRT","per_event_HM_vs_rest","HM_vs_rest","CI_M",NA,NA,NA,NA,22,4,9,NA,NA
"HCC","PTPRT","per_event_HM_vs_rest","HM_vs_rest","M",NA,NA,NA,NA,22,4,9,NA,NA
"HCC","PTPRT","per_event_HM_vs_rest","HM_vs_rest","WT",NA,NA,NA,NA,22,4,9,NA,NA
"HCC","PTPRT","per_event_pairwise","HM_vs_Classic","CNA_driver",NA,NA,NA,NA,22,4,9,NA,NA
"HCC","PTPRT","per_event_pairwise","HM_vs_Classic","CI_M",NA,NA,NA,NA,22,4,9,NA,NA
"HCC","PTPRT","per_event_pairwise","HM_vs_Classic","M",NA,NA,NA,NA,22,4,9,NA,NA
"HCC","PTPRT","per_event_pairwise","HM_vs_Classic","WT",NA,NA,NA,NA,22,4,9,NA,NA
"HCC","PTPRT","per_event_pairwise","HM_vs_WGD","CNA_driver",NA,NA,NA,NA,22,4,9,NA,NA
"HCC","PTPRT","per_event_pairwise","HM_vs_WGD","CI_M",NA,NA,NA,NA,22,4,9,NA,NA
"HCC","PTPRT","per_event_pairwise","HM_vs_WGD","M",NA,NA,NA,NA,22,4,9,NA,NA
"HCC","PTPRT","per_event_pairwise","HM_vs_WGD","WT",NA,NA,NA,NA,22,4,9,NA,NA
"HCC","PTPRT","per_event_pairwise","WGD_vs_Classic","CNA_driver",NA,NA,NA,NA,22,4,9,NA,NA
"HCC","PTPRT","per_event_pairwise","WGD_vs_Classic","CI_M",NA,NA,NA,NA,22,4,9,NA,NA
"HCC","PTPRT","per_event_pairwise","WGD_vs_Classic","M",NA,NA,NA,NA,22,4,9,NA,NA
"HCC","PTPRT","per_event_pairwise","WGD_vs_Classic","WT",NA,NA,NA,NA,22,4,9,NA,NA
"HCC","RANBP2","per_event_HM_vs_rest","HM_vs_rest","CNA_driver",NA,NA,NA,NA,25,3,2,NA,NA
"HCC","RANBP2","per_event_HM_vs_rest","HM_vs_rest","CI_M",NA,NA,NA,NA,25,3,2,NA,NA
"HCC","RANBP2","per_event_HM_vs_rest","HM_vs_rest","M",NA,NA,NA,NA,25,3,2,NA,NA
"HCC","RANBP2","per_event_HM_vs_rest","HM_vs_rest","WT",NA,NA,NA,NA,25,3,2,NA,NA
"HCC","RANBP2","per_event_pairwise","HM_vs_WGD","CNA_driver",NA,NA,NA,NA,25,3,2,NA,NA
"HCC","RANBP2","per_event_pairwise","HM_vs_WGD","CI_M",NA,NA,NA,NA,25,3,2,NA,NA
"HCC","RANBP2","per_event_pairwise","HM_vs_WGD","M",NA,NA,NA,NA,25,3,2,NA,NA
"HCC","RANBP2","per_event_pairwise","HM_vs_WGD","WT",NA,NA,NA,NA,25,3,2,NA,NA
"HCC","RB1","global","Classic_vs_WGD",NA,0.000999500249875062,NA,NA,NA,22,2,12,0.0043728135932034,0.0044905083690039
"HCC","RB1","pairwise_all_events","WGD_vs_Classic",NA,0.00149925037481259,NA,NA,NA,22,2,12,0.0121814092953523,0.00960234168629971
"HCC","RB1","per_event_pairwise","WGD_vs_Classic","CNA_driver",0.0247916364398446,0.157299992426101,0.023049796498517,0.875892186987296,22,2,12,0.157372996531187,0.10900901839577
"HCC","RB1","per_event_pairwise","WGD_vs_Classic","CI_M",NA,NA,NA,NA,22,2,12,NA,NA
"HCC","RB1","per_event_pairwise","WGD_vs_Classic","M",0.115037950664137,0.152178493411806,0.00260770505446798,2.18376837758063,22,2,12,0.33679354094579,0.306231742940604
"HCC","RB1","per_event_pairwise","WGD_vs_Classic","WT",0.000789927616836744,26.0479968208247,2.79532145970763,1326.80550897972,22,2,12,0.00887149477370497,0.00776350735922363
"HCC","RGPD3","per_event_HM_vs_rest","HM_vs_rest","CNA_driver",NA,NA,NA,NA,25,3,2,NA,NA
"HCC","RGPD3","per_event_HM_vs_rest","HM_vs_rest","CI_M",NA,NA,NA,NA,25,3,2,NA,NA
"HCC","RGPD3","per_event_HM_vs_rest","HM_vs_rest","M",NA,NA,NA,NA,25,3,2,NA,NA
"HCC","RGPD3","per_event_HM_vs_rest","HM_vs_rest","WT",NA,NA,NA,NA,25,3,2,NA,NA
"HCC","RGPD3","per_event_pairwise","HM_vs_WGD","CNA_driver",NA,NA,NA,NA,25,3,2,NA,NA
"HCC","RGPD3","per_event_pairwise","HM_vs_WGD","CI_M",NA,NA,NA,NA,25,3,2,NA,NA
"HCC","RGPD3","per_event_pairwise","HM_vs_WGD","M",NA,NA,NA,NA,25,3,2,NA,NA
"HCC","RGPD3","per_event_pairwise","HM_vs_WGD","WT",NA,NA,NA,NA,25,3,2,NA,NA
"HCC","ROBO2","per_event_HM_vs_rest","HM_vs_rest","CNA_driver",NA,NA,NA,NA,31,5,4,NA,NA
"HCC","ROBO2","per_event_HM_vs_rest","HM_vs_rest","CI_M",NA,NA,NA,NA,31,5,4,NA,NA
"HCC","ROBO2","per_event_HM_vs_rest","HM_vs_rest","M",NA,NA,NA,NA,31,5,4,NA,NA
"HCC","ROBO2","per_event_HM_vs_rest","HM_vs_rest","WT",NA,NA,NA,NA,31,5,4,NA,NA
"HCC","ROBO2","per_event_pairwise","HM_vs_Classic","CNA_driver",NA,NA,NA,NA,31,5,4,NA,NA
"HCC","ROBO2","per_event_pairwise","HM_vs_Classic","CI_M",NA,NA,NA,NA,31,5,4,NA,NA
"HCC","ROBO2","per_event_pairwise","HM_vs_Classic","M",NA,NA,NA,NA,31,5,4,NA,NA
"HCC","ROBO2","per_event_pairwise","HM_vs_Classic","WT",NA,NA,NA,NA,31,5,4,NA,NA
"HCC","ROBO2","per_event_pairwise","HM_vs_WGD","CNA_driver",NA,NA,NA,NA,31,5,4,NA,NA
"HCC","ROBO2","per_event_pairwise","HM_vs_WGD","CI_M",NA,NA,NA,NA,31,5,4,NA,NA
"HCC","ROBO2","per_event_pairwise","HM_vs_WGD","M",NA,NA,NA,NA,31,5,4,NA,NA
"HCC","ROBO2","per_event_pairwise","HM_vs_WGD","WT",NA,NA,NA,NA,31,5,4,NA,NA
"HCC","ROBO2","per_event_pairwise","WGD_vs_Classic","CNA_driver",NA,NA,NA,NA,31,5,4,NA,NA
"HCC","ROBO2","per_event_pairwise","WGD_vs_Classic","CI_M",NA,NA,NA,NA,31,5,4,NA,NA
"HCC","ROBO2","per_event_pairwise","WGD_vs_Classic","M",NA,NA,NA,NA,31,5,4,NA,NA
"HCC","ROBO2","per_event_pairwise","WGD_vs_Classic","WT",NA,NA,NA,NA,31,5,4,NA,NA
"HCC","ROS1","per_event_HM_vs_rest","HM_vs_rest","CNA_driver",NA,NA,NA,NA,23,3,4,NA,NA
"HCC","ROS1","per_event_HM_vs_rest","HM_vs_rest","CI_M",NA,NA,NA,NA,23,3,4,NA,NA
"HCC","ROS1","per_event_HM_vs_rest","HM_vs_rest","M",NA,NA,NA,NA,23,3,4,NA,NA
"HCC","ROS1","per_event_HM_vs_rest","HM_vs_rest","WT",NA,NA,NA,NA,23,3,4,NA,NA
"HCC","ROS1","per_event_pairwise","HM_vs_Classic","CNA_driver",NA,NA,NA,NA,23,3,4,NA,NA
"HCC","ROS1","per_event_pairwise","HM_vs_Classic","CI_M",NA,NA,NA,NA,23,3,4,NA,NA
"HCC","ROS1","per_event_pairwise","HM_vs_Classic","M",NA,NA,NA,NA,23,3,4,NA,NA
"HCC","ROS1","per_event_pairwise","HM_vs_Classic","WT",NA,NA,NA,NA,23,3,4,NA,NA
"HCC","ROS1","per_event_pairwise","HM_vs_WGD","CNA_driver",NA,NA,NA,NA,23,3,4,NA,NA
"HCC","ROS1","per_event_pairwise","HM_vs_WGD","CI_M",NA,NA,NA,NA,23,3,4,NA,NA
"HCC","ROS1","per_event_pairwise","HM_vs_WGD","M",NA,NA,NA,NA,23,3,4,NA,NA
"HCC","ROS1","per_event_pairwise","HM_vs_WGD","WT",NA,NA,NA,NA,23,3,4,NA,NA
"HCC","ROS1","per_event_pairwise","WGD_vs_Classic","CNA_driver",NA,NA,NA,NA,23,3,4,NA,NA
"HCC","ROS1","per_event_pairwise","WGD_vs_Classic","CI_M",NA,NA,NA,NA,23,3,4,NA,NA
"HCC","ROS1","per_event_pairwise","WGD_vs_Classic","M",NA,NA,NA,NA,23,3,4,NA,NA
"HCC","ROS1","per_event_pairwise","WGD_vs_Classic","WT",NA,NA,NA,NA,23,3,4,NA,NA
"HCC","RUNX1T1","per_event_HM_vs_rest","HM_vs_rest","CNA_driver",NA,NA,NA,NA,15,5,28,NA,NA
"HCC","RUNX1T1","per_event_HM_vs_rest","HM_vs_rest","CI_M",NA,NA,NA,NA,15,5,28,NA,NA
"HCC","RUNX1T1","per_event_HM_vs_rest","HM_vs_rest","M",NA,NA,NA,NA,15,5,28,NA,NA
"HCC","RUNX1T1","per_event_HM_vs_rest","HM_vs_rest","WT",NA,NA,NA,NA,15,5,28,NA,NA
"HCC","RUNX1T1","per_event_pairwise","HM_vs_Classic","CNA_driver",NA,NA,NA,NA,15,5,28,NA,NA
"HCC","RUNX1T1","per_event_pairwise","HM_vs_Classic","CI_M",NA,NA,NA,NA,15,5,28,NA,NA
"HCC","RUNX1T1","per_event_pairwise","HM_vs_Classic","M",NA,NA,NA,NA,15,5,28,NA,NA
"HCC","RUNX1T1","per_event_pairwise","HM_vs_Classic","WT",NA,NA,NA,NA,15,5,28,NA,NA
"HCC","RUNX1T1","per_event_pairwise","HM_vs_WGD","CNA_driver",NA,NA,NA,NA,15,5,28,NA,NA
"HCC","RUNX1T1","per_event_pairwise","HM_vs_WGD","CI_M",NA,NA,NA,NA,15,5,28,NA,NA
"HCC","RUNX1T1","per_event_pairwise","HM_vs_WGD","M",NA,NA,NA,NA,15,5,28,NA,NA
"HCC","RUNX1T1","per_event_pairwise","HM_vs_WGD","WT",NA,NA,NA,NA,15,5,28,NA,NA
"HCC","RUNX1T1","per_event_pairwise","WGD_vs_Classic","CNA_driver",NA,NA,NA,NA,15,5,28,NA,NA
"HCC","RUNX1T1","per_event_pairwise","WGD_vs_Classic","CI_M",NA,NA,NA,NA,15,5,28,NA,NA
"HCC","RUNX1T1","per_event_pairwise","WGD_vs_Classic","M",NA,NA,NA,NA,15,5,28,NA,NA
"HCC","RUNX1T1","per_event_pairwise","WGD_vs_Classic","WT",NA,NA,NA,NA,15,5,28,NA,NA
"HCC","SDHA","per_event_HM_vs_rest","HM_vs_rest","CNA_driver",NA,NA,NA,NA,17,5,7,NA,NA
"HCC","SDHA","per_event_HM_vs_rest","HM_vs_rest","CI_M",NA,NA,NA,NA,17,5,7,NA,NA
"HCC","SDHA","per_event_HM_vs_rest","HM_vs_rest","M",NA,NA,NA,NA,17,5,7,NA,NA
"HCC","SDHA","per_event_HM_vs_rest","HM_vs_rest","WT",NA,NA,NA,NA,17,5,7,NA,NA
"HCC","SDHA","per_event_pairwise","HM_vs_Classic","CNA_driver",NA,NA,NA,NA,17,5,7,NA,NA
"HCC","SDHA","per_event_pairwise","HM_vs_Classic","CI_M",NA,NA,NA,NA,17,5,7,NA,NA
"HCC","SDHA","per_event_pairwise","HM_vs_Classic","M",NA,NA,NA,NA,17,5,7,NA,NA
"HCC","SDHA","per_event_pairwise","HM_vs_Classic","WT",NA,NA,NA,NA,17,5,7,NA,NA
"HCC","SDHA","per_event_pairwise","HM_vs_WGD","CNA_driver",NA,NA,NA,NA,17,5,7,NA,NA
"HCC","SDHA","per_event_pairwise","HM_vs_WGD","CI_M",NA,NA,NA,NA,17,5,7,NA,NA
"HCC","SDHA","per_event_pairwise","HM_vs_WGD","M",NA,NA,NA,NA,17,5,7,NA,NA
"HCC","SDHA","per_event_pairwise","HM_vs_WGD","WT",NA,NA,NA,NA,17,5,7,NA,NA
"HCC","SDHA","per_event_pairwise","WGD_vs_Classic","CNA_driver",NA,NA,NA,NA,17,5,7,NA,NA
"HCC","SDHA","per_event_pairwise","WGD_vs_Classic","CI_M",NA,NA,NA,NA,17,5,7,NA,NA
"HCC","SDHA","per_event_pairwise","WGD_vs_Classic","M",NA,NA,NA,NA,17,5,7,NA,NA
"HCC","SDHA","per_event_pairwise","WGD_vs_Classic","WT",NA,NA,NA,NA,17,5,7,NA,NA
"HCC","SETD2","global","Classic_vs_HM_vs_WGD",NA,0.079960019990005,NA,NA,NA,31,4,9,0.172288855572214,0.155896894320136
"HCC","SETD2","pairwise_all_events","HM_vs_Classic",NA,1,NA,NA,NA,31,4,9,1,1
"HCC","SETD2","pairwise_all_events","WGD_vs_Classic",NA,0.0461538461538461,NA,NA,NA,31,4,9,0.18562091503268,0.144364937388193
"HCC","SETD2","per_event_HM_vs_rest","HM_vs_rest","CNA_driver",NA,NA,NA,NA,31,4,9,NA,NA
"HCC","SETD2","per_event_HM_vs_rest","HM_vs_rest","CI_M",NA,NA,NA,NA,31,4,9,NA,NA
"HCC","SETD2","per_event_HM_vs_rest","HM_vs_rest","M",1,0,0,59.0905688888279,31,4,9,1,1
"HCC","SETD2","per_event_HM_vs_rest","HM_vs_rest","WT",1,Inf,0.0169231743542931,Inf,31,4,9,1,1
"HCC","SETD2","per_event_pairwise","HM_vs_Classic","CNA_driver",NA,NA,NA,NA,31,4,9,NA,NA
"HCC","SETD2","per_event_pairwise","HM_vs_Classic","CI_M",NA,NA,NA,NA,31,4,9,NA,NA
"HCC","SETD2","per_event_pairwise","HM_vs_Classic","M",1,0,0,12.5893807188949,31,4,9,1,1
"HCC","SETD2","per_event_pairwise","HM_vs_Classic","WT",1,Inf,0.0794320246824487,Inf,31,4,9,1,1
"HCC","SETD2","per_event_pairwise","HM_vs_WGD","CNA_driver",NA,NA,NA,NA,31,4,9,NA,NA
"HCC","SETD2","per_event_pairwise","HM_vs_WGD","CI_M",NA,NA,NA,NA,31,4,9,NA,NA
"HCC","SETD2","per_event_pairwise","HM_vs_WGD","M",NA,NA,NA,NA,31,4,9,NA,NA
"HCC","SETD2","per_event_pairwise","HM_vs_WGD","WT",NA,NA,NA,NA,31,4,9,NA,NA
"HCC","SETD2","per_event_pairwise","WGD_vs_Classic","CNA_driver",NA,NA,NA,NA,31,4,9,NA,NA
"HCC","SETD2","per_event_pairwise","WGD_vs_Classic","CI_M",NA,NA,NA,NA,31,4,9,NA,NA
"HCC","SETD2","per_event_pairwise","WGD_vs_Classic","M",0.0461538461538462,0,0,1.46333950059403,31,4,9,0.236262108262108,0.170769230769231
"HCC","SETD2","per_event_pairwise","WGD_vs_Classic","WT",0.0461538461538462,Inf,0.683368418329485,Inf,31,4,9,0.236262108262108,0.170769230769231
"HCC","SETDB1","global","Classic_vs_HM_vs_WGD",NA,0.0984507746126937,NA,NA,NA,12,4,48,0.172288855572214,0.176414682831994
"HCC","SETDB1","pairwise_all_events","HM_vs_Classic",NA,0.281263274540585,NA,NA,NA,12,4,48,0.522346081289659,0.468481862857074
"HCC","SETDB1","pairwise_all_events","HM_vs_WGD",NA,1,NA,NA,NA,12,4,48,1,1
"HCC","SETDB1","pairwise_all_events","WGD_vs_Classic",NA,0.0879360880283701,NA,NA,NA,12,4,48,0.285923753665689,0.225541257807115
"HCC","SETDB1","per_event_HM_vs_rest","HM_vs_rest","CNA_driver",NA,NA,NA,NA,12,4,48,NA,NA
"HCC","SETDB1","per_event_HM_vs_rest","HM_vs_rest","CI_M",NA,NA,NA,NA,12,4,48,NA,NA
"HCC","SETDB1","per_event_HM_vs_rest","HM_vs_rest","M",0.378305129561079,2.92736386470583,0.049055581122469,44.0389533373969,12,4,48,1,1
"HCC","SETDB1","per_event_HM_vs_rest","HM_vs_rest","WT",0.378305129561079,0.34160427135712,0.0227071699987661,20.3850403382943,12,4,48,1,1
"HCC","SETDB1","per_event_pairwise","HM_vs_Classic","CNA_driver",NA,NA,NA,NA,12,4,48,NA,NA
"HCC","SETDB1","per_event_pairwise","HM_vs_Classic","CI_M",NA,NA,NA,NA,12,4,48,NA,NA
"HCC","SETDB1","per_event_pairwise","HM_vs_Classic","M",0.281263274540585,4.74120821136656,0.0716126484153582,88.3374700212286,12,4,48,0.515211219622984,0.508375286454104
"HCC","SETDB1","per_event_pairwise","HM_vs_Classic","WT",0.281263274540585,0.210916702118798,0.0113202245860074,13.9640136502135,12,4,48,0.515211219622984,0.508375286454104
"HCC","SETDB1","per_event_pairwise","HM_vs_WGD","CNA_driver",NA,NA,NA,NA,12,4,48,NA,NA
"HCC","SETDB1","per_event_pairwise","HM_vs_WGD","CI_M",NA,NA,NA,NA,12,4,48,NA,NA
"HCC","SETDB1","per_event_pairwise","HM_vs_WGD","M",1,1,0.0143375387775128,20.0532811605754,12,4,48,1,1
"HCC","SETDB1","per_event_pairwise","HM_vs_WGD","WT",1,1,0.0498671510159641,69.7469778821741,12,4,48,1,1
"HCC","SETDB1","per_event_pairwise","WGD_vs_Classic","CNA_driver",NA,NA,NA,NA,12,4,48,NA,NA
"HCC","SETDB1","per_event_pairwise","WGD_vs_Classic","CI_M",NA,NA,NA,NA,12,4,48,NA,NA
"HCC","SETDB1","per_event_pairwise","WGD_vs_Classic","M",0.0879360880283702,4.81804075215126,0.555997840439826,42.2067052296254,12,4,48,0.321114369501466,0.25754060324826
"HCC","SETDB1","per_event_pairwise","WGD_vs_Classic","WT",0.0879360880283702,0.20755324652526,0.0236929178565231,1.7985681368995,12,4,48,0.321114369501466,0.25754060324826
"HCC","SF3B1","global","Classic_vs_HM_vs_WGD",NA,0.227386306846577,NA,NA,NA,25,3,5,0.306096951524238,0.337271555609755
"HCC","SF3B1","pairwise_all_events","HM_vs_Classic",NA,1,NA,NA,NA,25,3,5,1,1
"HCC","SF3B1","pairwise_all_events","WGD_vs_Classic",NA,0.166666666666667,NA,NA,NA,25,3,5,0.361111111111111,0.351633986928105
"HCC","SF3B1","per_event_HM_vs_rest","HM_vs_rest","CNA_driver",NA,NA,NA,NA,25,3,5,NA,NA
"HCC","SF3B1","per_event_HM_vs_rest","HM_vs_rest","CI_M",NA,NA,NA,NA,25,3,5,NA,NA
"HCC","SF3B1","per_event_HM_vs_rest","HM_vs_rest","M",1,0,0,387.643852210781,25,3,5,1,1
"HCC","SF3B1","per_event_HM_vs_rest","HM_vs_rest","WT",1,Inf,0.0025796875,Inf,25,3,5,1,1
"HCC","SF3B1","per_event_pairwise","HM_vs_Classic","CNA_driver",NA,NA,NA,NA,25,3,5,NA,NA
"HCC","SF3B1","per_event_pairwise","HM_vs_Classic","CI_M",NA,NA,NA,NA,25,3,5,NA,NA
"HCC","SF3B1","per_event_pairwise","HM_vs_Classic","M",1,0,0,64.9350649350649,25,3,5,1,1
"HCC","SF3B1","per_event_pairwise","HM_vs_Classic","WT",1,Inf,0.0154,Inf,25,3,5,1,1
"HCC","SF3B1","per_event_pairwise","HM_vs_WGD","CNA_driver",NA,NA,NA,NA,25,3,5,NA,NA
"HCC","SF3B1","per_event_pairwise","HM_vs_WGD","CI_M",NA,NA,NA,NA,25,3,5,NA,NA
"HCC","SF3B1","per_event_pairwise","HM_vs_WGD","M",NA,NA,NA,NA,25,3,5,NA,NA
"HCC","SF3B1","per_event_pairwise","HM_vs_WGD","WT",NA,NA,NA,NA,25,3,5,NA,NA
"HCC","SF3B1","per_event_pairwise","WGD_vs_Classic","CNA_driver",NA,NA,NA,NA,25,3,5,NA,NA
"HCC","SF3B1","per_event_pairwise","WGD_vs_Classic","CI_M",NA,NA,NA,NA,25,3,5,NA,NA
"HCC","SF3B1","per_event_pairwise","WGD_vs_Classic","M",0.166666666666667,0,0,7.80000352218909,25,3,5,0.386243386243387,0.386838868388684
"HCC","SF3B1","per_event_pairwise","WGD_vs_Classic","WT",0.166666666666667,Inf,0.1282050703125,Inf,25,3,5,0.386243386243387,0.386838868388684
"HCC","SMARCA4","global","Classic_vs_WGD",NA,0.115384615384616,NA,NA,NA,23,2,3,0.18716577540107,0.199828104856038
"HCC","SMARCA4","pairwise_all_events","WGD_vs_Classic",NA,0.115384615384616,NA,NA,NA,23,2,3,0.305882352941177,0.26989966555184
"HCC","SMARCA4","per_event_pairwise","WGD_vs_Classic","CNA_driver",0.115384615384615,0,0,5.08695735150998,23,2,3,0.33679354094579,0.306231742940604
"HCC","SMARCA4","per_event_pairwise","WGD_vs_Classic","CI_M",NA,NA,NA,NA,23,2,3,NA,NA
"HCC","SMARCA4","per_event_pairwise","WGD_vs_Classic","M",NA,NA,NA,NA,23,2,3,NA,NA
"HCC","SMARCA4","per_event_pairwise","WGD_vs_Classic","WT",0.115384615384615,Inf,0.196581164515398,Inf,23,2,3,0.33679354094579,0.306231742940604
"HCC","SMO","per_event_HM_vs_rest","HM_vs_rest","CNA_driver",NA,NA,NA,NA,21,7,24,NA,NA
"HCC","SMO","per_event_HM_vs_rest","HM_vs_rest","CI_M",NA,NA,NA,NA,21,7,24,NA,NA
"HCC","SMO","per_event_HM_vs_rest","HM_vs_rest","M",NA,NA,NA,NA,21,7,24,NA,NA
"HCC","SMO","per_event_HM_vs_rest","HM_vs_rest","WT",NA,NA,NA,NA,21,7,24,NA,NA
"HCC","SMO","per_event_pairwise","HM_vs_Classic","CNA_driver",NA,NA,NA,NA,21,7,24,NA,NA
"HCC","SMO","per_event_pairwise","HM_vs_Classic","CI_M",NA,NA,NA,NA,21,7,24,NA,NA
"HCC","SMO","per_event_pairwise","HM_vs_Classic","M",NA,NA,NA,NA,21,7,24,NA,NA
"HCC","SMO","per_event_pairwise","HM_vs_Classic","WT",NA,NA,NA,NA,21,7,24,NA,NA
"HCC","SMO","per_event_pairwise","HM_vs_WGD","CNA_driver",NA,NA,NA,NA,21,7,24,NA,NA
"HCC","SMO","per_event_pairwise","HM_vs_WGD","CI_M",NA,NA,NA,NA,21,7,24,NA,NA
"HCC","SMO","per_event_pairwise","HM_vs_WGD","M",NA,NA,NA,NA,21,7,24,NA,NA
"HCC","SMO","per_event_pairwise","HM_vs_WGD","WT",NA,NA,NA,NA,21,7,24,NA,NA
"HCC","SMO","per_event_pairwise","WGD_vs_Classic","CNA_driver",NA,NA,NA,NA,21,7,24,NA,NA
"HCC","SMO","per_event_pairwise","WGD_vs_Classic","CI_M",NA,NA,NA,NA,21,7,24,NA,NA
"HCC","SMO","per_event_pairwise","WGD_vs_Classic","M",NA,NA,NA,NA,21,7,24,NA,NA
"HCC","SMO","per_event_pairwise","WGD_vs_Classic","WT",NA,NA,NA,NA,21,7,24,NA,NA
"HCC","TAL1","per_event_pairwise","WGD_vs_Classic","CNA_driver",NA,NA,NA,NA,29,1,3,NA,NA
"HCC","TAL1","per_event_pairwise","WGD_vs_Classic","CI_M",NA,NA,NA,NA,29,1,3,NA,NA
"HCC","TAL1","per_event_pairwise","WGD_vs_Classic","M",NA,NA,NA,NA,29,1,3,NA,NA
"HCC","TAL1","per_event_pairwise","WGD_vs_Classic","WT",NA,NA,NA,NA,29,1,3,NA,NA
"HCC","TCF7L2","per_event_HM_vs_rest","HM_vs_rest","CNA_driver",NA,NA,NA,NA,22,3,3,NA,NA
"HCC","TCF7L2","per_event_HM_vs_rest","HM_vs_rest","CI_M",NA,NA,NA,NA,22,3,3,NA,NA
"HCC","TCF7L2","per_event_HM_vs_rest","HM_vs_rest","M",NA,NA,NA,NA,22,3,3,NA,NA
"HCC","TCF7L2","per_event_HM_vs_rest","HM_vs_rest","WT",NA,NA,NA,NA,22,3,3,NA,NA
"HCC","TCF7L2","per_event_pairwise","HM_vs_Classic","CNA_driver",NA,NA,NA,NA,22,3,3,NA,NA
"HCC","TCF7L2","per_event_pairwise","HM_vs_Classic","CI_M",NA,NA,NA,NA,22,3,3,NA,NA
"HCC","TCF7L2","per_event_pairwise","HM_vs_Classic","M",NA,NA,NA,NA,22,3,3,NA,NA
"HCC","TCF7L2","per_event_pairwise","HM_vs_Classic","WT",NA,NA,NA,NA,22,3,3,NA,NA
"HCC","TCF7L2","per_event_pairwise","HM_vs_WGD","CNA_driver",NA,NA,NA,NA,22,3,3,NA,NA
"HCC","TCF7L2","per_event_pairwise","HM_vs_WGD","CI_M",NA,NA,NA,NA,22,3,3,NA,NA
"HCC","TCF7L2","per_event_pairwise","HM_vs_WGD","M",NA,NA,NA,NA,22,3,3,NA,NA
"HCC","TCF7L2","per_event_pairwise","HM_vs_WGD","WT",NA,NA,NA,NA,22,3,3,NA,NA
"HCC","TCF7L2","per_event_pairwise","WGD_vs_Classic","CNA_driver",NA,NA,NA,NA,22,3,3,NA,NA
"HCC","TCF7L2","per_event_pairwise","WGD_vs_Classic","CI_M",NA,NA,NA,NA,22,3,3,NA,NA
"HCC","TCF7L2","per_event_pairwise","WGD_vs_Classic","M",NA,NA,NA,NA,22,3,3,NA,NA
"HCC","TCF7L2","per_event_pairwise","WGD_vs_Classic","WT",NA,NA,NA,NA,22,3,3,NA,NA
"HCC","TERT","global","Classic_vs_WGD",NA,1,NA,NA,NA,3,2,3,1,1
"HCC","TERT","pairwise_all_events","WGD_vs_Classic",NA,1,NA,NA,NA,3,2,3,1,1
"HCC","TERT","per_event_pairwise","WGD_vs_Classic","CNA_driver",1,Inf,0.0256406640625,Inf,3,2,3,1,1
"HCC","TERT","per_event_pairwise","WGD_vs_Classic","CI_M",NA,NA,NA,NA,3,2,3,NA,NA
"HCC","TERT","per_event_pairwise","WGD_vs_Classic","M",1,0,0,39.0005499686929,3,2,3,1,1
"HCC","TERT","per_event_pairwise","WGD_vs_Classic","WT",NA,NA,NA,NA,3,2,3,NA,NA
"HCC","TET1","per_event_HM_vs_rest","HM_vs_rest","CNA_driver",NA,NA,NA,NA,24,3,4,NA,NA
"HCC","TET1","per_event_HM_vs_rest","HM_vs_rest","CI_M",NA,NA,NA,NA,24,3,4,NA,NA
"HCC","TET1","per_event_HM_vs_rest","HM_vs_rest","M",NA,NA,NA,NA,24,3,4,NA,NA
"HCC","TET1","per_event_HM_vs_rest","HM_vs_rest","WT",NA,NA,NA,NA,24,3,4,NA,NA
"HCC","TET1","per_event_pairwise","HM_vs_Classic","CNA_driver",NA,NA,NA,NA,24,3,4,NA,NA
"HCC","TET1","per_event_pairwise","HM_vs_Classic","CI_M",NA,NA,NA,NA,24,3,4,NA,NA
"HCC","TET1","per_event_pairwise","HM_vs_Classic","M",NA,NA,NA,NA,24,3,4,NA,NA
"HCC","TET1","per_event_pairwise","HM_vs_Classic","WT",NA,NA,NA,NA,24,3,4,NA,NA
"HCC","TET1","per_event_pairwise","HM_vs_WGD","CNA_driver",NA,NA,NA,NA,24,3,4,NA,NA
"HCC","TET1","per_event_pairwise","HM_vs_WGD","CI_M",NA,NA,NA,NA,24,3,4,NA,NA
"HCC","TET1","per_event_pairwise","HM_vs_WGD","M",NA,NA,NA,NA,24,3,4,NA,NA
"HCC","TET1","per_event_pairwise","HM_vs_WGD","WT",NA,NA,NA,NA,24,3,4,NA,NA
"HCC","TET1","per_event_pairwise","WGD_vs_Classic","CNA_driver",NA,NA,NA,NA,24,3,4,NA,NA
"HCC","TET1","per_event_pairwise","WGD_vs_Classic","CI_M",NA,NA,NA,NA,24,3,4,NA,NA
"HCC","TET1","per_event_pairwise","WGD_vs_Classic","M",NA,NA,NA,NA,24,3,4,NA,NA
"HCC","TET1","per_event_pairwise","WGD_vs_Classic","WT",NA,NA,NA,NA,24,3,4,NA,NA
"HCC","TFG","per_event_HM_vs_rest","HM_vs_rest","CNA_driver",NA,NA,NA,NA,33,6,3,NA,NA
"HCC","TFG","per_event_HM_vs_rest","HM_vs_rest","CI_M",NA,NA,NA,NA,33,6,3,NA,NA
"HCC","TFG","per_event_HM_vs_rest","HM_vs_rest","M",NA,NA,NA,NA,33,6,3,NA,NA
"HCC","TFG","per_event_HM_vs_rest","HM_vs_rest","WT",NA,NA,NA,NA,33,6,3,NA,NA
"HCC","TFG","per_event_pairwise","HM_vs_Classic","CNA_driver",NA,NA,NA,NA,33,6,3,NA,NA
"HCC","TFG","per_event_pairwise","HM_vs_Classic","CI_M",NA,NA,NA,NA,33,6,3,NA,NA
"HCC","TFG","per_event_pairwise","HM_vs_Classic","M",NA,NA,NA,NA,33,6,3,NA,NA
"HCC","TFG","per_event_pairwise","HM_vs_Classic","WT",NA,NA,NA,NA,33,6,3,NA,NA
"HCC","TFG","per_event_pairwise","HM_vs_WGD","CNA_driver",NA,NA,NA,NA,33,6,3,NA,NA
"HCC","TFG","per_event_pairwise","HM_vs_WGD","CI_M",NA,NA,NA,NA,33,6,3,NA,NA
"HCC","TFG","per_event_pairwise","HM_vs_WGD","M",NA,NA,NA,NA,33,6,3,NA,NA
"HCC","TFG","per_event_pairwise","HM_vs_WGD","WT",NA,NA,NA,NA,33,6,3,NA,NA
"HCC","TFG","per_event_pairwise","WGD_vs_Classic","CNA_driver",NA,NA,NA,NA,33,6,3,NA,NA
"HCC","TFG","per_event_pairwise","WGD_vs_Classic","CI_M",NA,NA,NA,NA,33,6,3,NA,NA
"HCC","TFG","per_event_pairwise","WGD_vs_Classic","M",NA,NA,NA,NA,33,6,3,NA,NA
"HCC","TFG","per_event_pairwise","WGD_vs_Classic","WT",NA,NA,NA,NA,33,6,3,NA,NA
"HCC","TOP1","per_event_HM_vs_rest","HM_vs_rest","CNA_driver",NA,NA,NA,NA,22,4,9,NA,NA
"HCC","TOP1","per_event_HM_vs_rest","HM_vs_rest","CI_M",NA,NA,NA,NA,22,4,9,NA,NA
"HCC","TOP1","per_event_HM_vs_rest","HM_vs_rest","M",NA,NA,NA,NA,22,4,9,NA,NA
"HCC","TOP1","per_event_HM_vs_rest","HM_vs_rest","WT",NA,NA,NA,NA,22,4,9,NA,NA
"HCC","TOP1","per_event_pairwise","HM_vs_Classic","CNA_driver",NA,NA,NA,NA,22,4,9,NA,NA
"HCC","TOP1","per_event_pairwise","HM_vs_Classic","CI_M",NA,NA,NA,NA,22,4,9,NA,NA
"HCC","TOP1","per_event_pairwise","HM_vs_Classic","M",NA,NA,NA,NA,22,4,9,NA,NA
"HCC","TOP1","per_event_pairwise","HM_vs_Classic","WT",NA,NA,NA,NA,22,4,9,NA,NA
"HCC","TOP1","per_event_pairwise","HM_vs_WGD","CNA_driver",NA,NA,NA,NA,22,4,9,NA,NA
"HCC","TOP1","per_event_pairwise","HM_vs_WGD","CI_M",NA,NA,NA,NA,22,4,9,NA,NA
"HCC","TOP1","per_event_pairwise","HM_vs_WGD","M",NA,NA,NA,NA,22,4,9,NA,NA
"HCC","TOP1","per_event_pairwise","HM_vs_WGD","WT",NA,NA,NA,NA,22,4,9,NA,NA
"HCC","TOP1","per_event_pairwise","WGD_vs_Classic","CNA_driver",NA,NA,NA,NA,22,4,9,NA,NA
"HCC","TOP1","per_event_pairwise","WGD_vs_Classic","CI_M",NA,NA,NA,NA,22,4,9,NA,NA
"HCC","TOP1","per_event_pairwise","WGD_vs_Classic","M",NA,NA,NA,NA,22,4,9,NA,NA
"HCC","TOP1","per_event_pairwise","WGD_vs_Classic","WT",NA,NA,NA,NA,22,4,9,NA,NA
"HCC","TP53","global","Classic_vs_HM_vs_WGD",NA,0.000999500249875062,NA,NA,NA,33,4,40,0.0043728135932034,0.0044905083690039
"HCC","TP53","pairwise_all_events","HM_vs_Classic",NA,1,NA,NA,NA,33,4,40,1,1
"HCC","TP53","pairwise_all_events","HM_vs_WGD",NA,0.340329835082459,NA,NA,NA,33,4,40,0.592105263157895,0.543255035904746
"HCC","TP53","pairwise_all_events","WGD_vs_Classic",NA,0.000499750124937531,NA,NA,NA,33,4,40,0.00464053687441993,0.00407372071539988
"HCC","TP53","per_event_HM_vs_rest","HM_vs_rest","CNA_driver",1,0,0,108.880622645361,33,4,40,1,1
"HCC","TP53","per_event_HM_vs_rest","HM_vs_rest","CI_M",NA,NA,NA,NA,33,4,40,NA,NA
"HCC","TP53","per_event_HM_vs_rest","HM_vs_rest","M",0.580794738689476,Inf,0.155323035314815,Inf,33,4,40,1,1
"HCC","TP53","per_event_HM_vs_rest","HM_vs_rest","WT",1,0,0,7.75540342269727,33,4,40,1,1
"HCC","TP53","per_event_pairwise","HM_vs_Classic","CNA_driver",1,0,0,387.643852210781,33,4,40,1,1
"HCC","TP53","per_event_pairwise","HM_vs_Classic","CI_M",NA,NA,NA,NA,33,4,40,NA,NA
"HCC","TP53","per_event_pairwise","HM_vs_Classic","M",1,Inf,0.0169231743542931,Inf,33,4,40,1,1
"HCC","TP53","per_event_pairwise","HM_vs_Classic","WT",1,0,0,387.643852210781,33,4,40,1,1
"HCC","TP53","per_event_pairwise","HM_vs_WGD","CNA_driver",1,0,0,320.145520691224,33,4,40,1,1
"HCC","TP53","per_event_pairwise","HM_vs_WGD","CI_M",NA,NA,NA,NA,33,4,40,NA,NA
"HCC","TP53","per_event_pairwise","HM_vs_WGD","M",0.275645393292452,Inf,0.365262160084159,Inf,33,4,40,0.515211219622984,0.504014396456257
"HCC","TP53","per_event_pairwise","HM_vs_WGD","WT",0.282307517601635,0,0,3.12150205328076,33,4,40,0.515211219622984,0.50880065493246
"HCC","TP53","per_event_pairwise","WGD_vs_Classic","CNA_driver",1,1.21542674912164,0.0150683267217328,98.0126411132016,33,4,40,1,1
"HCC","TP53","per_event_pairwise","WGD_vs_Classic","CI_M",NA,NA,NA,NA,33,4,40,NA,NA
"HCC","TP53","per_event_pairwise","WGD_vs_Classic","M",0.000358311522794255,0.0838469211912061,0.00838432681669512,0.424606406506849,33,4,40,0.00438151666224971,0.00390548981656363
"HCC","TP53","per_event_pairwise","WGD_vs_Classic","WT",0.000310639260980905,21.4393402984484,2.82351719789563,971.238900591524,33,4,40,0.00438151666224971,0.00365218869452316
"HCC","TPR","per_event_HM_vs_rest","HM_vs_rest","CNA_driver",NA,NA,NA,NA,12,7,50,NA,NA
"HCC","TPR","per_event_HM_vs_rest","HM_vs_rest","CI_M",NA,NA,NA,NA,12,7,50,NA,NA
"HCC","TPR","per_event_HM_vs_rest","HM_vs_rest","M",NA,NA,NA,NA,12,7,50,NA,NA
"HCC","TPR","per_event_HM_vs_rest","HM_vs_rest","WT",NA,NA,NA,NA,12,7,50,NA,NA
"HCC","TPR","per_event_pairwise","HM_vs_Classic","CNA_driver",NA,NA,NA,NA,12,7,50,NA,NA
"HCC","TPR","per_event_pairwise","HM_vs_Classic","CI_M",NA,NA,NA,NA,12,7,50,NA,NA
"HCC","TPR","per_event_pairwise","HM_vs_Classic","M",NA,NA,NA,NA,12,7,50,NA,NA
"HCC","TPR","per_event_pairwise","HM_vs_Classic","WT",NA,NA,NA,NA,12,7,50,NA,NA
"HCC","TPR","per_event_pairwise","HM_vs_WGD","CNA_driver",NA,NA,NA,NA,12,7,50,NA,NA
"HCC","TPR","per_event_pairwise","HM_vs_WGD","CI_M",NA,NA,NA,NA,12,7,50,NA,NA
"HCC","TPR","per_event_pairwise","HM_vs_WGD","M",NA,NA,NA,NA,12,7,50,NA,NA
"HCC","TPR","per_event_pairwise","HM_vs_WGD","WT",NA,NA,NA,NA,12,7,50,NA,NA
"HCC","TPR","per_event_pairwise","WGD_vs_Classic","CNA_driver",NA,NA,NA,NA,12,7,50,NA,NA
"HCC","TPR","per_event_pairwise","WGD_vs_Classic","CI_M",NA,NA,NA,NA,12,7,50,NA,NA
"HCC","TPR","per_event_pairwise","WGD_vs_Classic","M",NA,NA,NA,NA,12,7,50,NA,NA
"HCC","TPR","per_event_pairwise","WGD_vs_Classic","WT",NA,NA,NA,NA,12,7,50,NA,NA
"HCC","TSC1","global","Classic_vs_HM_vs_WGD",NA,0.0079960019990005,NA,NA,NA,25,3,8,0.0270319385761665,0.0245421843533679
"HCC","TSC1","pairwise_all_events","HM_vs_Classic",NA,1,NA,NA,NA,25,3,8,1,1
"HCC","TSC1","pairwise_all_events","HM_vs_WGD",NA,0.107142857142857,NA,NA,NA,25,3,8,0.302795031055901,0.253535512945282
"HCC","TSC1","pairwise_all_events","WGD_vs_Classic",NA,0.00599700149925037,NA,NA,NA,25,3,8,0.0354368270410249,0.031324143753366
"HCC","TSC1","per_event_HM_vs_rest","HM_vs_rest","CNA_driver",0.161904761904762,13.266518364652,0.136190060632667,1274.24786152312,25,3,8,1,1
"HCC","TSC1","per_event_HM_vs_rest","HM_vs_rest","CI_M",NA,NA,NA,NA,25,3,8,NA,NA
"HCC","TSC1","per_event_HM_vs_rest","HM_vs_rest","M",1,0,0,67.9348017082751,25,3,8,1,1
"HCC","TSC1","per_event_HM_vs_rest","HM_vs_rest","WT",0.305322128851541,0.214968585844194,0.00842776427744539,15.6963175701938,25,3,8,1,1
"HCC","TSC1","per_event_pairwise","HM_vs_Classic","CNA_driver",0.490909090909091,3.05504379294278,0.0298033479400926,312.118744201944,25,3,8,0.744975528480684,0.738639348568427
"HCC","TSC1","per_event_pairwise","HM_vs_Classic","CI_M",NA,NA,NA,NA,25,3,8,NA,NA
"HCC","TSC1","per_event_pairwise","HM_vs_Classic","M",1,0,0,15.4937352007644,25,3,8,1,1
"HCC","TSC1","per_event_pairwise","HM_vs_Classic","WT",1,1.18051615643203,0.0415068211314946,94.0242263208398,25,3,8,1,1
"HCC","TSC1","per_event_pairwise","HM_vs_WGD","CNA_driver",0.107142857142857,Inf,0.213675185416667,Inf,25,3,8,0.33679354094579,0.289861751152074
"HCC","TSC1","per_event_pairwise","HM_vs_WGD","CI_M",NA,NA,NA,NA,25,3,8,NA,NA
"HCC","TSC1","per_event_pairwise","HM_vs_WGD","M",NA,NA,NA,NA,25,3,8,NA,NA
"HCC","TSC1","per_event_pairwise","HM_vs_WGD","WT",0.107142857142857,0,0,4.68000061893008,25,3,8,0.33679354094579,0.289861751152074
"HCC","TSC1","per_event_pairwise","WGD_vs_Classic","CNA_driver",0.242424242424242,0,0,12.4800160619757,25,3,8,0.484848484848485,0.472821235611933
"HCC","TSC1","per_event_pairwise","WGD_vs_Classic","CI_M",NA,NA,NA,NA,25,3,8,NA,NA
"HCC","TSC1","per_event_pairwise","WGD_vs_Classic","M",0.0530303030303031,0,0,1.60344516826663,25,3,8,0.249755620723363,0.187921468203158
"HCC","TSC1","per_event_pairwise","WGD_vs_Classic","WT",0.0102639296187683,Inf,1.51006460270707,Inf,25,3,8,0.0713587487781037,0.0569405971068021
"HCC","TSC2","global","Classic_vs_WGD",NA,0.0364817591204398,NA,NA,NA,21,1,5,0.0912043978010994,0.0837729283506395
"HCC","TSC2","pairwise_all_events","WGD_vs_Classic",NA,0.0359820089955022,NA,NA,NA,21,1,5,0.15592203898051,0.120989505247376
"HCC","TSC2","per_event_pairwise","WGD_vs_Classic","CNA_driver",1,Inf,0.00612053571428572,Inf,21,1,5,1,1
"HCC","TSC2","per_event_pairwise","WGD_vs_Classic","CI_M",NA,NA,NA,NA,21,1,5,NA,NA
"HCC","TSC2","per_event_pairwise","WGD_vs_Classic","M",0.0307692307692308,0,0,1.13550541874639,21,1,5,0.177061677061677,0.127327935222672
"HCC","TSC2","per_event_pairwise","WGD_vs_Classic","WT",0.0846153846153845,11.3341011851165,0.466184945156728,817.951879089866,21,1,5,0.321114369501466,0.250258613829872
"HCC","USP6","per_event_pairwise","WGD_vs_Classic","CNA_driver",NA,NA,NA,NA,29,0,3,NA,NA
"HCC","USP6","per_event_pairwise","WGD_vs_Classic","CI_M",NA,NA,NA,NA,29,0,3,NA,NA
"HCC","USP6","per_event_pairwise","WGD_vs_Classic","M",NA,NA,NA,NA,29,0,3,NA,NA
"HCC","USP6","per_event_pairwise","WGD_vs_Classic","WT",NA,NA,NA,NA,29,0,3,NA,NA
"HCC","USP8","per_event_HM_vs_rest","HM_vs_rest","CNA_driver",NA,NA,NA,NA,28,4,11,NA,NA
"HCC","USP8","per_event_HM_vs_rest","HM_vs_rest","CI_M",NA,NA,NA,NA,28,4,11,NA,NA
"HCC","USP8","per_event_HM_vs_rest","HM_vs_rest","M",NA,NA,NA,NA,28,4,11,NA,NA
"HCC","USP8","per_event_HM_vs_rest","HM_vs_rest","WT",NA,NA,NA,NA,28,4,11,NA,NA
"HCC","USP8","per_event_pairwise","HM_vs_Classic","CNA_driver",NA,NA,NA,NA,28,4,11,NA,NA
"HCC","USP8","per_event_pairwise","HM_vs_Classic","CI_M",NA,NA,NA,NA,28,4,11,NA,NA
"HCC","USP8","per_event_pairwise","HM_vs_Classic","M",NA,NA,NA,NA,28,4,11,NA,NA
"HCC","USP8","per_event_pairwise","HM_vs_Classic","WT",NA,NA,NA,NA,28,4,11,NA,NA
"HCC","USP8","per_event_pairwise","HM_vs_WGD","CNA_driver",NA,NA,NA,NA,28,4,11,NA,NA
"HCC","USP8","per_event_pairwise","HM_vs_WGD","CI_M",NA,NA,NA,NA,28,4,11,NA,NA
"HCC","USP8","per_event_pairwise","HM_vs_WGD","M",NA,NA,NA,NA,28,4,11,NA,NA
"HCC","USP8","per_event_pairwise","HM_vs_WGD","WT",NA,NA,NA,NA,28,4,11,NA,NA
"HCC","USP8","per_event_pairwise","WGD_vs_Classic","CNA_driver",NA,NA,NA,NA,28,4,11,NA,NA
"HCC","USP8","per_event_pairwise","WGD_vs_Classic","CI_M",NA,NA,NA,NA,28,4,11,NA,NA
"HCC","USP8","per_event_pairwise","WGD_vs_Classic","M",NA,NA,NA,NA,28,4,11,NA,NA
"HCC","USP8","per_event_pairwise","WGD_vs_Classic","WT",NA,NA,NA,NA,28,4,11,NA,NA
"HCC","ZNF429","per_event_pairwise","WGD_vs_Classic","CNA_driver",NA,NA,NA,NA,22,2,3,NA,NA
"HCC","ZNF429","per_event_pairwise","WGD_vs_Classic","CI_M",NA,NA,NA,NA,22,2,3,NA,NA
"HCC","ZNF429","per_event_pairwise","WGD_vs_Classic","M",NA,NA,NA,NA,22,2,3,NA,NA
"HCC","ZNF429","per_event_pairwise","WGD_vs_Classic","WT",NA,NA,NA,NA,22,2,3,NA,NA
"MBL","ARID1B","per_event_pairwise","WGD_vs_Classic","CNA_driver",NA,NA,NA,NA,6,1,3,NA,NA
"MBL","ARID1B","per_event_pairwise","WGD_vs_Classic","CI_M",NA,NA,NA,NA,6,1,3,NA,NA
"MBL","ARID1B","per_event_pairwise","WGD_vs_Classic","M",NA,NA,NA,NA,6,1,3,NA,NA
"MBL","ARID1B","per_event_pairwise","WGD_vs_Classic","WT",NA,NA,NA,NA,6,1,3,NA,NA
"MBL","FBXW7","global","Classic_vs_WGD",NA,0.428571428571428,NA,NA,NA,4,1,3,0.916363636363636,0.54673721340388
"MBL","FBXW7","pairwise_all_events","WGD_vs_Classic",NA,0.428571428571428,NA,NA,NA,4,1,3,0.916363636363636,0.628260023355391
"MBL","FBXW7","per_event_pairwise","WGD_vs_Classic","CNA_driver",NA,NA,NA,NA,4,1,3,NA,NA
"MBL","FBXW7","per_event_pairwise","WGD_vs_Classic","CI_M",NA,NA,NA,NA,4,1,3,NA,NA
"MBL","FBXW7","per_event_pairwise","WGD_vs_Classic","M",0.428571428571428,0,0,29.2502279639653,4,1,3,0.967272727272727,0.67902123065851
"MBL","FBXW7","per_event_pairwise","WGD_vs_Classic","WT",0.428571428571429,Inf,0.0341877677408855,Inf,4,1,3,0.967272727272727,0.67902123065851
"MBL","FOXO3","per_event_pairwise","WGD_vs_Classic","CNA_driver",NA,NA,NA,NA,6,1,3,NA,NA
"MBL","FOXO3","per_event_pairwise","WGD_vs_Classic","CI_M",NA,NA,NA,NA,6,1,3,NA,NA
"MBL","FOXO3","per_event_pairwise","WGD_vs_Classic","M",NA,NA,NA,NA,6,1,3,NA,NA
"MBL","FOXO3","per_event_pairwise","WGD_vs_Classic","WT",NA,NA,NA,NA,6,1,3,NA,NA
"MBL","HIP1","per_event_pairwise","WGD_vs_Classic","CNA_driver",NA,NA,NA,NA,3,0,4,NA,NA
"MBL","HIP1","per_event_pairwise","WGD_vs_Classic","CI_M",NA,NA,NA,NA,3,0,4,NA,NA
"MBL","HIP1","per_event_pairwise","WGD_vs_Classic","M",NA,NA,NA,NA,3,0,4,NA,NA
"MBL","HIP1","per_event_pairwise","WGD_vs_Classic","WT",NA,NA,NA,NA,3,0,4,NA,NA
"MBL","KMT2D","global","Classic_vs_WGD",NA,0.0476190476190476,NA,NA,NA,4,0,6,0.214285714285714,0.103230103230103
"MBL","KMT2D","pairwise_all_events","WGD_vs_Classic",NA,0.0476190476190476,NA,NA,NA,4,0,6,0.214285714285714,0.148086980456923
"MBL","KMT2D","per_event_pairwise","WGD_vs_Classic","CNA_driver",NA,NA,NA,NA,4,0,6,NA,NA
"MBL","KMT2D","per_event_pairwise","WGD_vs_Classic","CI_M",NA,NA,NA,NA,4,0,6,NA,NA
"MBL","KMT2D","per_event_pairwise","WGD_vs_Classic","M",0.0476190476190476,0,0,0.975778964602892,4,0,6,0.226190476190476,0.175160122528544
"MBL","KMT2D","per_event_pairwise","WGD_vs_Classic","WT",0.0476190476190476,Inf,1.02482225614175,Inf,4,0,6,0.226190476190476,0.175160122528544
"MBL","NOTCH1","global","Classic_vs_WGD",NA,1,NA,NA,NA,4,0,6,1,1
"MBL","NOTCH1","pairwise_all_events","WGD_vs_Classic",NA,1,NA,NA,NA,4,0,6,1,1
"MBL","NOTCH1","per_event_pairwise","WGD_vs_Classic","CNA_driver",NA,NA,NA,NA,4,0,6,NA,NA
"MBL","NOTCH1","per_event_pairwise","WGD_vs_Classic","CI_M",NA,NA,NA,NA,4,0,6,NA,NA
"MBL","NOTCH1","per_event_pairwise","WGD_vs_Classic","M",1,0,0,58.4474885844748,4,0,6,1,1
"MBL","NOTCH1","per_event_pairwise","WGD_vs_Classic","WT",1,Inf,0.017109375,Inf,4,0,6,1,1
"MBL","NTRK2","per_event_pairwise","WGD_vs_Classic","CNA_driver",NA,NA,NA,NA,5,0,5,NA,NA
"MBL","NTRK2","per_event_pairwise","WGD_vs_Classic","CI_M",NA,NA,NA,NA,5,0,5,NA,NA
"MBL","NTRK2","per_event_pairwise","WGD_vs_Classic","M",NA,NA,NA,NA,5,0,5,NA,NA
"MBL","NTRK2","per_event_pairwise","WGD_vs_Classic","WT",NA,NA,NA,NA,5,0,5,NA,NA
"MBL","PIK3CA","global","Classic_vs_WGD",NA,1,NA,NA,NA,5,1,3,1,1
"MBL","PIK3CA","pairwise_all_events","WGD_vs_Classic",NA,1,NA,NA,NA,5,1,3,1,1
"MBL","PIK3CA","per_event_pairwise","WGD_vs_Classic","CNA_driver",NA,NA,NA,NA,5,1,3,NA,NA
"MBL","PIK3CA","per_event_pairwise","WGD_vs_Classic","CI_M",NA,NA,NA,NA,5,1,3,NA,NA
"MBL","PIK3CA","per_event_pairwise","WGD_vs_Classic","M",1,Inf,0.0154,Inf,5,1,3,1,1
"MBL","PIK3CA","per_event_pairwise","WGD_vs_Classic","WT",1,0,0,64.9350649350651,5,1,3,1,1
"MBL","PRKAR1A","global","Classic_vs_WGD",NA,0.509090909090909,NA,NA,NA,3,0,9,0.916363636363636,0.616477272727273
"MBL","PRKAR1A","pairwise_all_events","WGD_vs_Classic",NA,0.509090909090909,NA,NA,NA,3,0,9,0.916363636363636,0.693394706559264
"MBL","PRKAR1A","per_event_pairwise","WGD_vs_Classic","CNA_driver",NA,NA,NA,NA,3,0,9,NA,NA
"MBL","PRKAR1A","per_event_pairwise","WGD_vs_Classic","CI_M",NA,NA,NA,NA,3,0,9,NA,NA
"MBL","PRKAR1A","per_event_pairwise","WGD_vs_Classic","M",0.509090909090909,0,0,8.2312960035839,3,0,9,0.967272727272727,0.74801721877063
"MBL","PRKAR1A","per_event_pairwise","WGD_vs_Classic","WT",0.509090909090909,Inf,0.121487551846587,Inf,3,0,9,0.967272727272727,0.74801721877063
"MBL","PTCH1","global","Classic_vs_WGD",NA,0.00449775112443778,NA,NA,NA,5,0,6,0.04047976011994,0.014523988005997
"MBL","PTCH1","pairwise_all_events","WGD_vs_Classic",NA,0.00549725137431284,NA,NA,NA,5,0,6,0.0494752623688156,0.0292823885087159
"MBL","PTCH1","per_event_pairwise","WGD_vs_Classic","CNA_driver",1,0,0,46.7665327000365,5,0,6,1,1
"MBL","PTCH1","per_event_pairwise","WGD_vs_Classic","CI_M",NA,NA,NA,NA,5,0,6,NA,NA
"MBL","PTCH1","per_event_pairwise","WGD_vs_Classic","M",0.0151515151515152,0,0,0.73846178930055,5,0,6,0.143939393939394,0.0749788910779623
"MBL","PTCH1","per_event_pairwise","WGD_vs_Classic","WT",0.00216450216450217,Inf,2.842809017399,Inf,5,0,6,0.0411255411255412,0.0170183982683983
"MBL","RNF213","per_event_pairwise","WGD_vs_Classic","CNA_driver",NA,NA,NA,NA,3,0,7,NA,NA
"MBL","RNF213","per_event_pairwise","WGD_vs_Classic","CI_M",NA,NA,NA,NA,3,0,7,NA,NA
"MBL","RNF213","per_event_pairwise","WGD_vs_Classic","M",NA,NA,NA,NA,3,0,7,NA,NA
"MBL","RNF213","per_event_pairwise","WGD_vs_Classic","WT",NA,NA,NA,NA,3,0,7,NA,NA
"MBL","SMARCA4","global","Classic_vs_WGD",NA,0.4,NA,NA,NA,3,0,3,0.916363636363636,0.523206751054852
"MBL","SMARCA4","pairwise_all_events","WGD_vs_Classic",NA,0.4,NA,NA,NA,3,0,3,0.916363636363636,0.606651603775577
"MBL","SMARCA4","per_event_pairwise","WGD_vs_Classic","CNA_driver",NA,NA,NA,NA,3,0,3,NA,NA
"MBL","SMARCA4","per_event_pairwise","WGD_vs_Classic","CI_M",NA,NA,NA,NA,3,0,3,NA,NA
"MBL","SMARCA4","per_event_pairwise","WGD_vs_Classic","M",0.4,0,0,4.92298386744475,3,0,3,0.967272727272727,0.6526588845655
"MBL","SMARCA4","per_event_pairwise","WGD_vs_Classic","WT",0.4,Inf,0.203128839526148,Inf,3,0,3,0.967272727272727,0.6526588845655
"MBL","SMO","global","Classic_vs_WGD",NA,1,NA,NA,NA,4,1,4,1,1
"MBL","SMO","pairwise_all_events","WGD_vs_Classic",NA,1,NA,NA,NA,4,1,4,1,1
"MBL","SMO","per_event_pairwise","WGD_vs_Classic","CNA_driver",NA,NA,NA,NA,4,1,4,NA,NA
"MBL","SMO","per_event_pairwise","WGD_vs_Classic","CI_M",NA,NA,NA,NA,4,1,4,NA,NA
"MBL","SMO","per_event_pairwise","WGD_vs_Classic","M",1,2.60168293600482,0.0788058259602185,234.450850029493,4,1,4,1,1
"MBL","SMO","per_event_pairwise","WGD_vs_Classic","WT",1,0.384366590625226,0.00426528630574042,12.6894171568585,4,1,4,1,1
"MBL","TCF4","global","Classic_vs_WGD",NA,1,NA,NA,NA,5,1,3,1,1
"MBL","TCF4","pairwise_all_events","WGD_vs_Classic",NA,1,NA,NA,NA,5,1,3,1,1
"MBL","TCF4","per_event_pairwise","WGD_vs_Classic","CNA_driver",NA,NA,NA,NA,5,1,3,NA,NA
"MBL","TCF4","per_event_pairwise","WGD_vs_Classic","CI_M",NA,NA,NA,NA,5,1,3,NA,NA
"MBL","TCF4","per_event_pairwise","WGD_vs_Classic","M",1,0.547705807855215,0.00512158447137641,58.6638969429644,5,1,3,1,1
"MBL","TCF4","per_event_pairwise","WGD_vs_Classic","WT",1,1.82579769222448,0.0170462593198035,195.252075912994,5,1,3,1,1
"MEL","BRAF","global","Classic_vs_WGD",NA,1,NA,NA,NA,19,2,13,1,1
"MEL","BRAF","pairwise_all_events","WGD_vs_Classic",NA,1,NA,NA,NA,19,2,13,1,1
"MEL","BRAF","per_event_pairwise","WGD_vs_Classic","CNA_driver",NA,NA,NA,NA,19,2,13,NA,NA
"MEL","BRAF","per_event_pairwise","WGD_vs_Classic","CI_M",NA,NA,NA,NA,19,2,13,NA,NA
"MEL","BRAF","per_event_pairwise","WGD_vs_Classic","M",1,1.17251266851861,0.225885426374222,6.0639047584414,19,2,13,1,1
"MEL","BRAF","per_event_pairwise","WGD_vs_Classic","WT",1,0.852869249816664,0.164910241805485,4.42702309773324,19,2,13,1,1
"MEL","CDKN2A","global","Classic_vs_HM_vs_WGD",NA,0.248875562218891,NA,NA,NA,28,3,12,0.42664382094667,0.359564403844589
"MEL","CDKN2A","pairwise_all_events","HM_vs_Classic",NA,0.11944027986007,NA,NA,NA,28,3,12,0.23888055972014,0.274610557968879
"MEL","CDKN2A","pairwise_all_events","HM_vs_WGD",NA,0.400299850074962,NA,NA,NA,28,3,12,0.6,0.606651603775577
"MEL","CDKN2A","pairwise_all_events","WGD_vs_Classic",NA,0.385307346326837,NA,NA,NA,28,3,12,0.6,0.597392946178208
"MEL","CDKN2A","per_event_HM_vs_rest","HM_vs_rest","CNA_driver",0.242524916943521,0,0,3.00194804962786,28,3,12,0.687748156551333,1
"MEL","CDKN2A","per_event_HM_vs_rest","HM_vs_rest","CI_M",NA,NA,NA,NA,28,3,12,NA,NA
"MEL","CDKN2A","per_event_HM_vs_rest","HM_vs_rest","M",0.515112227534235,1.96258994196312,0.0301681988312964,42.3403120922216,28,3,12,0.858520379223726,1
"MEL","CDKN2A","per_event_HM_vs_rest","HM_vs_rest","WT",0.275099262620533,4.00680047833985,0.192301187495011,253.473084244981,28,3,12,0.687748156551333,1
"MEL","CDKN2A","per_event_pairwise","HM_vs_Classic","CNA_driver",0.2,0,0,2.55657971876057,28,3,12,0.426666666666667,0.427164685908319
"MEL","CDKN2A","per_event_pairwise","HM_vs_Classic","CI_M",NA,NA,NA,NA,28,3,12,NA,NA
"MEL","CDKN2A","per_event_pairwise","HM_vs_Classic","M",1,1.45760815764583,0.0191285558555286,39.226583987201,28,3,12,1,1
"MEL","CDKN2A","per_event_pairwise","HM_vs_Classic","WT",0.153846153846154,8.0749036972363,0.296408959345936,642.828293954962,28,3,12,0.351648351648352,0.371474974162114
"MEL","CDKN2A","per_event_pairwise","HM_vs_WGD","CNA_driver",0.264516129032258,0,0,3.79120017734611,28,3,12,0.510837320397468,0.495519448547514
"MEL","CDKN2A","per_event_pairwise","HM_vs_WGD","CI_M",NA,NA,NA,NA,28,3,12,NA,NA
"MEL","CDKN2A","per_event_pairwise","HM_vs_WGD","M",0.488320355951057,2.2262914559657,0.0325424479922616,51.3098688870783,28,3,12,0.687940169141504,0.738639348568427
"MEL","CDKN2A","per_event_pairwise","HM_vs_WGD","WT",0.557508342602892,2.97833826276287,0.139326135335191,192.606723199954,28,3,12,0.743344456803856,0.782751668520579
"MEL","CDKN2A","per_event_pairwise","WGD_vs_Classic","CNA_driver",0.494456996570456,0.544253206208169,0.1067939909055,2.57274804037338,28,3,12,0.687940169141504,0.738639348568427
"MEL","CDKN2A","per_event_pairwise","WGD_vs_Classic","CI_M",NA,NA,NA,NA,28,3,12,NA,NA
"MEL","CDKN2A","per_event_pairwise","WGD_vs_Classic","M",0.676679775750983,0.659541789887957,0.101248010178188,5.13728935503047,28,3,12,0.866150112961259,0.918298983705218
"MEL","CDKN2A","per_event_pairwise","WGD_vs_Classic","WT",0.271382326461155,3.1491999413793,0.516038367782008,34.9892787052636,28,3,12,0.510837320397468,0.499852074213958
"MEL","CSMD3","per_event_pairwise","WGD_vs_Classic","CNA_driver",NA,NA,NA,NA,13,1,4,NA,NA
"MEL","CSMD3","per_event_pairwise","WGD_vs_Classic","CI_M",NA,NA,NA,NA,13,1,4,NA,NA
"MEL","CSMD3","per_event_pairwise","WGD_vs_Classic","M",NA,NA,NA,NA,13,1,4,NA,NA
"MEL","CSMD3","per_event_pairwise","WGD_vs_Classic","WT",NA,NA,NA,NA,13,1,4,NA,NA
"MEL","CTNNB1","global","Classic_vs_WGD",NA,0.103448275862069,NA,NA,NA,26,1,3,0.206896551724138,0.180162727624952
"MEL","CTNNB1","pairwise_all_events","WGD_vs_Classic",NA,0.103448275862069,NA,NA,NA,26,1,3,0.23888055972014,0.246261824839792
"MEL","CTNNB1","per_event_pairwise","WGD_vs_Classic","CNA_driver",NA,NA,NA,NA,26,1,3,NA,NA
"MEL","CTNNB1","per_event_pairwise","WGD_vs_Classic","CI_M",NA,NA,NA,NA,26,1,3,NA,NA
"MEL","CTNNB1","per_event_pairwise","WGD_vs_Classic","M",0.103448275862069,0,0,4.50000053833014,26,1,3,0.254641909814324,0.282294861246167
"MEL","CTNNB1","per_event_pairwise","WGD_vs_Classic","WT",0.103448275862069,Inf,0.222222195638022,Inf,26,1,3,0.254641909814324,0.282294861246167
"MEL","CUX1","per_event_pairwise","WGD_vs_Classic","CNA_driver",NA,NA,NA,NA,8,1,6,NA,NA
"MEL","CUX1","per_event_pairwise","WGD_vs_Classic","CI_M",NA,NA,NA,NA,8,1,6,NA,NA
"MEL","CUX1","per_event_pairwise","WGD_vs_Classic","M",NA,NA,NA,NA,8,1,6,NA,NA
"MEL","CUX1","per_event_pairwise","WGD_vs_Classic","WT",NA,NA,NA,NA,8,1,6,NA,NA
"MEL","ERCC3","global","Classic_vs_WGD",NA,0.00854700854700854,NA,NA,NA,24,1,3,0.0256410256410256,0.0254766600920447
"MEL","ERCC3","pairwise_all_events","WGD_vs_Classic",NA,0.00854700854700854,NA,NA,NA,24,1,3,0.0299145299145299,0.0399851356373095
"MEL","ERCC3","per_event_pairwise","WGD_vs_Classic","CNA_driver",NA,NA,NA,NA,24,1,3,NA,NA
"MEL","ERCC3","per_event_pairwise","WGD_vs_Classic","CI_M",NA,NA,NA,NA,24,1,3,NA,NA
"MEL","ERCC3","per_event_pairwise","WGD_vs_Classic","M",0.00854700854700854,0,0,0.533598387574217,24,1,3,0.0390720390720391,0.0509579940859562
"MEL","ERCC3","per_event_pairwise","WGD_vs_Classic","WT",0.00854700854700854,Inf,1.87406863155282,Inf,24,1,3,0.0390720390720391,0.0509579940859562
"MEL","GRM3","per_event_pairwise","WGD_vs_Classic","CNA_driver",NA,NA,NA,NA,9,0,6,NA,NA
"MEL","GRM3","per_event_pairwise","WGD_vs_Classic","CI_M",NA,NA,NA,NA,9,0,6,NA,NA
"MEL","GRM3","per_event_pairwise","WGD_vs_Classic","M",NA,NA,NA,NA,9,0,6,NA,NA
"MEL","GRM3","per_event_pairwise","WGD_vs_Classic","WT",NA,NA,NA,NA,9,0,6,NA,NA
"MEL","HLA-A","per_event_HM_vs_rest","HM_vs_rest","CNA_driver",NA,NA,NA,NA,17,4,11,NA,NA
"MEL","HLA-A","per_event_HM_vs_rest","HM_vs_rest","CI_M",NA,NA,NA,NA,17,4,11,NA,NA
"MEL","HLA-A","per_event_HM_vs_rest","HM_vs_rest","M",NA,NA,NA,NA,17,4,11,NA,NA
"MEL","HLA-A","per_event_HM_vs_rest","HM_vs_rest","WT",NA,NA,NA,NA,17,4,11,NA,NA
"MEL","HLA-A","per_event_pairwise","HM_vs_Classic","CNA_driver",NA,NA,NA,NA,17,4,11,NA,NA
"MEL","HLA-A","per_event_pairwise","HM_vs_Classic","CI_M",NA,NA,NA,NA,17,4,11,NA,NA
"MEL","HLA-A","per_event_pairwise","HM_vs_Classic","M",NA,NA,NA,NA,17,4,11,NA,NA
"MEL","HLA-A","per_event_pairwise","HM_vs_Classic","WT",NA,NA,NA,NA,17,4,11,NA,NA
"MEL","HLA-A","per_event_pairwise","HM_vs_WGD","CNA_driver",NA,NA,NA,NA,17,4,11,NA,NA
"MEL","HLA-A","per_event_pairwise","HM_vs_WGD","CI_M",NA,NA,NA,NA,17,4,11,NA,NA
"MEL","HLA-A","per_event_pairwise","HM_vs_WGD","M",NA,NA,NA,NA,17,4,11,NA,NA
"MEL","HLA-A","per_event_pairwise","HM_vs_WGD","WT",NA,NA,NA,NA,17,4,11,NA,NA
"MEL","HLA-A","per_event_pairwise","WGD_vs_Classic","CNA_driver",NA,NA,NA,NA,17,4,11,NA,NA
"MEL","HLA-A","per_event_pairwise","WGD_vs_Classic","CI_M",NA,NA,NA,NA,17,4,11,NA,NA
"MEL","HLA-A","per_event_pairwise","WGD_vs_Classic","M",NA,NA,NA,NA,17,4,11,NA,NA
"MEL","HLA-A","per_event_pairwise","WGD_vs_Classic","WT",NA,NA,NA,NA,17,4,11,NA,NA
"MEL","HSP90AB1","per_event_HM_vs_rest","HM_vs_rest","CNA_driver",NA,NA,NA,NA,18,3,11,NA,NA
"MEL","HSP90AB1","per_event_HM_vs_rest","HM_vs_rest","CI_M",NA,NA,NA,NA,18,3,11,NA,NA
"MEL","HSP90AB1","per_event_HM_vs_rest","HM_vs_rest","M",NA,NA,NA,NA,18,3,11,NA,NA
"MEL","HSP90AB1","per_event_HM_vs_rest","HM_vs_rest","WT",NA,NA,NA,NA,18,3,11,NA,NA
"MEL","HSP90AB1","per_event_pairwise","HM_vs_Classic","CNA_driver",NA,NA,NA,NA,18,3,11,NA,NA
"MEL","HSP90AB1","per_event_pairwise","HM_vs_Classic","CI_M",NA,NA,NA,NA,18,3,11,NA,NA
"MEL","HSP90AB1","per_event_pairwise","HM_vs_Classic","M",NA,NA,NA,NA,18,3,11,NA,NA
"MEL","HSP90AB1","per_event_pairwise","HM_vs_Classic","WT",NA,NA,NA,NA,18,3,11,NA,NA
"MEL","HSP90AB1","per_event_pairwise","HM_vs_WGD","CNA_driver",NA,NA,NA,NA,18,3,11,NA,NA
"MEL","HSP90AB1","per_event_pairwise","HM_vs_WGD","CI_M",NA,NA,NA,NA,18,3,11,NA,NA
"MEL","HSP90AB1","per_event_pairwise","HM_vs_WGD","M",NA,NA,NA,NA,18,3,11,NA,NA
"MEL","HSP90AB1","per_event_pairwise","HM_vs_WGD","WT",NA,NA,NA,NA,18,3,11,NA,NA
"MEL","HSP90AB1","per_event_pairwise","WGD_vs_Classic","CNA_driver",NA,NA,NA,NA,18,3,11,NA,NA
"MEL","HSP90AB1","per_event_pairwise","WGD_vs_Classic","CI_M",NA,NA,NA,NA,18,3,11,NA,NA
"MEL","HSP90AB1","per_event_pairwise","WGD_vs_Classic","M",NA,NA,NA,NA,18,3,11,NA,NA
"MEL","HSP90AB1","per_event_pairwise","WGD_vs_Classic","WT",NA,NA,NA,NA,18,3,11,NA,NA
"MEL","KMT2C","per_event_pairwise","WGD_vs_Classic","CNA_driver",NA,NA,NA,NA,11,1,8,NA,NA
"MEL","KMT2C","per_event_pairwise","WGD_vs_Classic","CI_M",NA,NA,NA,NA,11,1,8,NA,NA
"MEL","KMT2C","per_event_pairwise","WGD_vs_Classic","M",NA,NA,NA,NA,11,1,8,NA,NA
"MEL","KMT2C","per_event_pairwise","WGD_vs_Classic","WT",NA,NA,NA,NA,11,1,8,NA,NA
"MEL","NF2","per_event_HM_vs_rest","HM_vs_rest","CNA_driver",NA,NA,NA,NA,15,3,1,NA,NA
"MEL","NF2","per_event_HM_vs_rest","HM_vs_rest","CI_M",NA,NA,NA,NA,15,3,1,NA,NA
"MEL","NF2","per_event_HM_vs_rest","HM_vs_rest","M",NA,NA,NA,NA,15,3,1,NA,NA
"MEL","NF2","per_event_HM_vs_rest","HM_vs_rest","WT",NA,NA,NA,NA,15,3,1,NA,NA
"MEL","NF2","per_event_pairwise","HM_vs_WGD","CNA_driver",NA,NA,NA,NA,15,3,1,NA,NA
"MEL","NF2","per_event_pairwise","HM_vs_WGD","CI_M",NA,NA,NA,NA,15,3,1,NA,NA
"MEL","NF2","per_event_pairwise","HM_vs_WGD","M",NA,NA,NA,NA,15,3,1,NA,NA
"MEL","NF2","per_event_pairwise","HM_vs_WGD","WT",NA,NA,NA,NA,15,3,1,NA,NA
"MEL","NOTCH1","per_event_pairwise","WGD_vs_Classic","CNA_driver",NA,NA,NA,NA,16,2,3,NA,NA
"MEL","NOTCH1","per_event_pairwise","WGD_vs_Classic","CI_M",NA,NA,NA,NA,16,2,3,NA,NA
"MEL","NOTCH1","per_event_pairwise","WGD_vs_Classic","M",NA,NA,NA,NA,16,2,3,NA,NA
"MEL","NOTCH1","per_event_pairwise","WGD_vs_Classic","WT",NA,NA,NA,NA,16,2,3,NA,NA
"MEL","NRAS","global","Classic_vs_WGD",NA,0.00327815219524962,NA,NA,NA,28,1,7,0.0131126087809985,0.0110459476144281
"MEL","NRAS","pairwise_all_events","WGD_vs_Classic",NA,0.00327815219524962,NA,NA,NA,28,1,7,0.0152980435778316,0.0193807239675198
"MEL","NRAS","per_event_pairwise","WGD_vs_Classic","CNA_driver",NA,NA,NA,NA,28,1,7,NA,NA
"MEL","NRAS","per_event_pairwise","WGD_vs_Classic","CI_M",NA,NA,NA,NA,28,1,7,NA,NA
"MEL","NRAS","per_event_pairwise","WGD_vs_Classic","M",0.00327815219524962,0.0508881552748622,0.000953856792625026,0.532782419270302,28,1,7,0.0209801740495976,0.0239762526838606
"MEL","NRAS","per_event_pairwise","WGD_vs_Classic","WT",0.00327815219524963,19.6509383096853,1.8769388099735,1048.37540365781,28,1,7,0.0209801740495976,0.0239762526838606
"MEL","PDCD1LG2","per_event_HM_vs_rest","HM_vs_rest","CNA_driver",NA,NA,NA,NA,17,3,3,NA,NA
"MEL","PDCD1LG2","per_event_HM_vs_rest","HM_vs_rest","CI_M",NA,NA,NA,NA,17,3,3,NA,NA
"MEL","PDCD1LG2","per_event_HM_vs_rest","HM_vs_rest","M",NA,NA,NA,NA,17,3,3,NA,NA
"MEL","PDCD1LG2","per_event_HM_vs_rest","HM_vs_rest","WT",NA,NA,NA,NA,17,3,3,NA,NA
"MEL","PDCD1LG2","per_event_pairwise","HM_vs_Classic","CNA_driver",NA,NA,NA,NA,17,3,3,NA,NA
"MEL","PDCD1LG2","per_event_pairwise","HM_vs_Classic","CI_M",NA,NA,NA,NA,17,3,3,NA,NA
"MEL","PDCD1LG2","per_event_pairwise","HM_vs_Classic","M",NA,NA,NA,NA,17,3,3,NA,NA
"MEL","PDCD1LG2","per_event_pairwise","HM_vs_Classic","WT",NA,NA,NA,NA,17,3,3,NA,NA
"MEL","PDCD1LG2","per_event_pairwise","HM_vs_WGD","CNA_driver",NA,NA,NA,NA,17,3,3,NA,NA
"MEL","PDCD1LG2","per_event_pairwise","HM_vs_WGD","CI_M",NA,NA,NA,NA,17,3,3,NA,NA
"MEL","PDCD1LG2","per_event_pairwise","HM_vs_WGD","M",NA,NA,NA,NA,17,3,3,NA,NA
"MEL","PDCD1LG2","per_event_pairwise","HM_vs_WGD","WT",NA,NA,NA,NA,17,3,3,NA,NA
"MEL","PDCD1LG2","per_event_pairwise","WGD_vs_Classic","CNA_driver",NA,NA,NA,NA,17,3,3,NA,NA
"MEL","PDCD1LG2","per_event_pairwise","WGD_vs_Classic","CI_M",NA,NA,NA,NA,17,3,3,NA,NA
"MEL","PDCD1LG2","per_event_pairwise","WGD_vs_Classic","M",NA,NA,NA,NA,17,3,3,NA,NA
"MEL","PDCD1LG2","per_event_pairwise","WGD_vs_Classic","WT",NA,NA,NA,NA,17,3,3,NA,NA
"MEL","PDS5B","per_event_HM_vs_rest","HM_vs_rest","CNA_driver",NA,NA,NA,NA,11,4,1,NA,NA
"MEL","PDS5B","per_event_HM_vs_rest","HM_vs_rest","CI_M",NA,NA,NA,NA,11,4,1,NA,NA
"MEL","PDS5B","per_event_HM_vs_rest","HM_vs_rest","M",NA,NA,NA,NA,11,4,1,NA,NA
"MEL","PDS5B","per_event_HM_vs_rest","HM_vs_rest","WT",NA,NA,NA,NA,11,4,1,NA,NA
"MEL","PDS5B","per_event_pairwise","HM_vs_WGD","CNA_driver",NA,NA,NA,NA,11,4,1,NA,NA
"MEL","PDS5B","per_event_pairwise","HM_vs_WGD","CI_M",NA,NA,NA,NA,11,4,1,NA,NA
"MEL","PDS5B","per_event_pairwise","HM_vs_WGD","M",NA,NA,NA,NA,11,4,1,NA,NA
"MEL","PDS5B","per_event_pairwise","HM_vs_WGD","WT",NA,NA,NA,NA,11,4,1,NA,NA
"MEL","POT1","per_event_pairwise","WGD_vs_Classic","CNA_driver",NA,NA,NA,NA,10,2,8,NA,NA
"MEL","POT1","per_event_pairwise","WGD_vs_Classic","CI_M",NA,NA,NA,NA,10,2,8,NA,NA
"MEL","POT1","per_event_pairwise","WGD_vs_Classic","M",NA,NA,NA,NA,10,2,8,NA,NA
"MEL","POT1","per_event_pairwise","WGD_vs_Classic","WT",NA,NA,NA,NA,10,2,8,NA,NA
"MEL","PPP6C","global","Classic_vs_WGD",NA,0.0392156862745098,NA,NA,NA,14,2,4,0.0941176470588235,0.0893886966551326
"MEL","PPP6C","pairwise_all_events","WGD_vs_Classic",NA,0.0392156862745098,NA,NA,NA,14,2,4,0.109803921568627,0.128211817844743
"MEL","PPP6C","per_event_pairwise","WGD_vs_Classic","CNA_driver",NA,NA,NA,NA,14,2,4,NA,NA
"MEL","PPP6C","per_event_pairwise","WGD_vs_Classic","CI_M",NA,NA,NA,NA,14,2,4,NA,NA
"MEL","PPP6C","per_event_pairwise","WGD_vs_Classic","M",0.0392156862745098,0,0,1.3251286584318,14,2,4,0.125490196078431,0.15127341626612
"MEL","PPP6C","per_event_pairwise","WGD_vs_Classic","WT",0.0392156862745098,Inf,0.75464370469765,Inf,14,2,4,0.125490196078431,0.15127341626612
"MEL","PREX2","per_event_pairwise","WGD_vs_Classic","CNA_driver",NA,NA,NA,NA,15,1,4,NA,NA
"MEL","PREX2","per_event_pairwise","WGD_vs_Classic","CI_M",NA,NA,NA,NA,15,1,4,NA,NA
"MEL","PREX2","per_event_pairwise","WGD_vs_Classic","M",NA,NA,NA,NA,15,1,4,NA,NA
"MEL","PREX2","per_event_pairwise","WGD_vs_Classic","WT",NA,NA,NA,NA,15,1,4,NA,NA
"MEL","PTEN","global","Classic_vs_WGD",NA,0.000999500249875062,NA,NA,NA,22,1,5,0.0119940029985007,0.0044905083690039
"MEL","PTEN","pairwise_all_events","WGD_vs_Classic",NA,0.00149925037481259,NA,NA,NA,22,1,5,0.0152980435778316,0.00960234168629971
"MEL","PTEN","per_event_pairwise","WGD_vs_Classic","CNA_driver",0.0299888517279821,0.0790144302914915,0.00393913986749134,1.08849860921452,22,1,5,0.119955406911929,0.124920448588747
"MEL","PTEN","per_event_pairwise","WGD_vs_Classic","CI_M",NA,NA,NA,NA,22,1,5,NA,NA
"MEL","PTEN","per_event_pairwise","WGD_vs_Classic","M",0.0786324786324786,0.0840992739877625,0.00116740070786144,2.04083656154932,22,1,5,0.228749028749029,0.243045843045843
"MEL","PTEN","per_event_pairwise","WGD_vs_Classic","WT",0.000693670258887649,Inf,3.38921479689593,Inf,22,1,5,0.0209801740495976,0.00699168556311413
"MEL","PTPRC","per_event_pairwise","WGD_vs_Classic","CNA_driver",NA,NA,NA,NA,12,0,5,NA,NA
"MEL","PTPRC","per_event_pairwise","WGD_vs_Classic","CI_M",NA,NA,NA,NA,12,0,5,NA,NA
"MEL","PTPRC","per_event_pairwise","WGD_vs_Classic","M",NA,NA,NA,NA,12,0,5,NA,NA
"MEL","PTPRC","per_event_pairwise","WGD_vs_Classic","WT",NA,NA,NA,NA,12,0,5,NA,NA
"MEL","PTPRD","per_event_HM_vs_rest","HM_vs_rest","CNA_driver",NA,NA,NA,NA,17,3,3,NA,NA
"MEL","PTPRD","per_event_HM_vs_rest","HM_vs_rest","CI_M",NA,NA,NA,NA,17,3,3,NA,NA
"MEL","PTPRD","per_event_HM_vs_rest","HM_vs_rest","M",NA,NA,NA,NA,17,3,3,NA,NA
"MEL","PTPRD","per_event_HM_vs_rest","HM_vs_rest","WT",NA,NA,NA,NA,17,3,3,NA,NA
"MEL","PTPRD","per_event_pairwise","HM_vs_Classic","CNA_driver",NA,NA,NA,NA,17,3,3,NA,NA
"MEL","PTPRD","per_event_pairwise","HM_vs_Classic","CI_M",NA,NA,NA,NA,17,3,3,NA,NA
"MEL","PTPRD","per_event_pairwise","HM_vs_Classic","M",NA,NA,NA,NA,17,3,3,NA,NA
"MEL","PTPRD","per_event_pairwise","HM_vs_Classic","WT",NA,NA,NA,NA,17,3,3,NA,NA
"MEL","PTPRD","per_event_pairwise","HM_vs_WGD","CNA_driver",NA,NA,NA,NA,17,3,3,NA,NA
"MEL","PTPRD","per_event_pairwise","HM_vs_WGD","CI_M",NA,NA,NA,NA,17,3,3,NA,NA
"MEL","PTPRD","per_event_pairwise","HM_vs_WGD","M",NA,NA,NA,NA,17,3,3,NA,NA
"MEL","PTPRD","per_event_pairwise","HM_vs_WGD","WT",NA,NA,NA,NA,17,3,3,NA,NA
"MEL","PTPRD","per_event_pairwise","WGD_vs_Classic","CNA_driver",NA,NA,NA,NA,17,3,3,NA,NA
"MEL","PTPRD","per_event_pairwise","WGD_vs_Classic","CI_M",NA,NA,NA,NA,17,3,3,NA,NA
"MEL","PTPRD","per_event_pairwise","WGD_vs_Classic","M",NA,NA,NA,NA,17,3,3,NA,NA
"MEL","PTPRD","per_event_pairwise","WGD_vs_Classic","WT",NA,NA,NA,NA,17,3,3,NA,NA
"MEL","PTPRT","per_event_HM_vs_rest","HM_vs_rest","CNA_driver",NA,NA,NA,NA,16,5,4,NA,NA
"MEL","PTPRT","per_event_HM_vs_rest","HM_vs_rest","CI_M",NA,NA,NA,NA,16,5,4,NA,NA
"MEL","PTPRT","per_event_HM_vs_rest","HM_vs_rest","M",NA,NA,NA,NA,16,5,4,NA,NA
"MEL","PTPRT","per_event_HM_vs_rest","HM_vs_rest","WT",NA,NA,NA,NA,16,5,4,NA,NA
"MEL","PTPRT","per_event_pairwise","HM_vs_Classic","CNA_driver",NA,NA,NA,NA,16,5,4,NA,NA
"MEL","PTPRT","per_event_pairwise","HM_vs_Classic","CI_M",NA,NA,NA,NA,16,5,4,NA,NA
"MEL","PTPRT","per_event_pairwise","HM_vs_Classic","M",NA,NA,NA,NA,16,5,4,NA,NA
"MEL","PTPRT","per_event_pairwise","HM_vs_Classic","WT",NA,NA,NA,NA,16,5,4,NA,NA
"MEL","PTPRT","per_event_pairwise","HM_vs_WGD","CNA_driver",NA,NA,NA,NA,16,5,4,NA,NA
"MEL","PTPRT","per_event_pairwise","HM_vs_WGD","CI_M",NA,NA,NA,NA,16,5,4,NA,NA
"MEL","PTPRT","per_event_pairwise","HM_vs_WGD","M",NA,NA,NA,NA,16,5,4,NA,NA
"MEL","PTPRT","per_event_pairwise","HM_vs_WGD","WT",NA,NA,NA,NA,16,5,4,NA,NA
"MEL","PTPRT","per_event_pairwise","WGD_vs_Classic","CNA_driver",NA,NA,NA,NA,16,5,4,NA,NA
"MEL","PTPRT","per_event_pairwise","WGD_vs_Classic","CI_M",NA,NA,NA,NA,16,5,4,NA,NA
"MEL","PTPRT","per_event_pairwise","WGD_vs_Classic","M",NA,NA,NA,NA,16,5,4,NA,NA
"MEL","PTPRT","per_event_pairwise","WGD_vs_Classic","WT",NA,NA,NA,NA,16,5,4,NA,NA
"MEL","RAC1","global","Classic_vs_WGD",NA,1,NA,NA,NA,10,2,5,1,1
"MEL","RAC1","pairwise_all_events","WGD_vs_Classic",NA,1,NA,NA,NA,10,2,5,1,1
"MEL","RAC1","per_event_pairwise","WGD_vs_Classic","CNA_driver",NA,NA,NA,NA,10,2,5,NA,NA
"MEL","RAC1","per_event_pairwise","WGD_vs_Classic","CI_M",NA,NA,NA,NA,10,2,5,NA,NA
"MEL","RAC1","per_event_pairwise","WGD_vs_Classic","M",1,0.471396296580084,0.00511429902295101,43.532743413644,10,2,5,1,1
"MEL","RAC1","per_event_pairwise","WGD_vs_Classic","WT",1,2.12135735315458,0.0229712148048675,195.53021743789,10,2,5,1,1
"MEL","RB1","global","HM_vs_WGD",NA,1,NA,NA,NA,21,3,2,1,1
"MEL","RB1","pairwise_all_events","HM_vs_WGD",NA,1,NA,NA,NA,21,3,2,1,1
"MEL","RB1","per_event_HM_vs_rest","HM_vs_rest","CNA_driver",NA,NA,NA,NA,21,3,2,NA,NA
"MEL","RB1","per_event_HM_vs_rest","HM_vs_rest","CI_M",NA,NA,NA,NA,21,3,2,NA,NA
"MEL","RB1","per_event_HM_vs_rest","HM_vs_rest","M",1,0,0,271.844660194174,21,3,2,1,1
"MEL","RB1","per_event_HM_vs_rest","HM_vs_rest","WT",1,Inf,0.00367857142857143,Inf,21,3,2,1,1
"MEL","RB1","per_event_pairwise","HM_vs_WGD","CNA_driver",NA,NA,NA,NA,21,3,2,NA,NA
"MEL","RB1","per_event_pairwise","HM_vs_WGD","CI_M",NA,NA,NA,NA,21,3,2,NA,NA
"MEL","RB1","per_event_pairwise","HM_vs_WGD","M",1,0,0,271.844660194174,21,3,2,1,1
"MEL","RB1","per_event_pairwise","HM_vs_WGD","WT",1,Inf,0.00367857142857143,Inf,21,3,2,1,1
"MEL","RGS7","per_event_pairwise","WGD_vs_Classic","CNA_driver",NA,NA,NA,NA,16,0,4,NA,NA
"MEL","RGS7","per_event_pairwise","WGD_vs_Classic","CI_M",NA,NA,NA,NA,16,0,4,NA,NA
"MEL","RGS7","per_event_pairwise","WGD_vs_Classic","M",NA,NA,NA,NA,16,0,4,NA,NA
"MEL","RGS7","per_event_pairwise","WGD_vs_Classic","WT",NA,NA,NA,NA,16,0,4,NA,NA
"MEL","RPL5","per_event_pairwise","WGD_vs_Classic","CNA_driver",NA,NA,NA,NA,27,0,3,NA,NA
"MEL","RPL5","per_event_pairwise","WGD_vs_Classic","CI_M",NA,NA,NA,NA,27,0,3,NA,NA
"MEL","RPL5","per_event_pairwise","WGD_vs_Classic","M",NA,NA,NA,NA,27,0,3,NA,NA
"MEL","RPL5","per_event_pairwise","WGD_vs_Classic","WT",NA,NA,NA,NA,27,0,3,NA,NA
"MEL","RUNX1T1","per_event_pairwise","WGD_vs_Classic","CNA_driver",NA,NA,NA,NA,13,1,4,NA,NA
"MEL","RUNX1T1","per_event_pairwise","WGD_vs_Classic","CI_M",NA,NA,NA,NA,13,1,4,NA,NA
"MEL","RUNX1T1","per_event_pairwise","WGD_vs_Classic","M",NA,NA,NA,NA,13,1,4,NA,NA
"MEL","RUNX1T1","per_event_pairwise","WGD_vs_Classic","WT",NA,NA,NA,NA,13,1,4,NA,NA
"MEL","TERT","global","Classic_vs_WGD",NA,0.475,NA,NA,NA,9,2,7,0.633333333333333,0.59375
"MEL","TERT","pairwise_all_events","WGD_vs_Classic",NA,0.475,NA,NA,NA,9,2,7,0.604545454545455,0.674185463659148
"MEL","TERT","per_event_pairwise","WGD_vs_Classic","CNA_driver",0.475,Inf,0.146779702811391,Inf,9,2,7,0.687940169141504,0.727831912302071
"MEL","TERT","per_event_pairwise","WGD_vs_Classic","CI_M",NA,NA,NA,NA,9,2,7,NA,NA
"MEL","TERT","per_event_pairwise","WGD_vs_Classic","M",0.475,0,0,6.81293108547152,9,2,7,0.687940169141504,0.727831912302071
"MEL","TERT","per_event_pairwise","WGD_vs_Classic","WT",NA,NA,NA,NA,9,2,7,NA,NA
"MEL","TP53","global","Classic_vs_WGD",NA,0.00294724432655467,NA,NA,NA,25,1,4,0.0131126087809985,0.0102146728833385
"MEL","TP53","pairwise_all_events","WGD_vs_Classic",NA,0.00294724432655467,NA,NA,NA,25,1,4,0.0152980435778316,0.0176179716409601
"MEL","TP53","per_event_pairwise","WGD_vs_Classic","CNA_driver",NA,NA,NA,NA,25,1,4,NA,NA
"MEL","TP53","per_event_pairwise","WGD_vs_Classic","CI_M",NA,NA,NA,NA,25,1,4,NA,NA
"MEL","TP53","per_event_pairwise","WGD_vs_Classic","M",0.00294724432655467,0,0,0.436119930932541,25,1,4,0.0209801740495976,0.0220692462071772
"MEL","TP53","per_event_pairwise","WGD_vs_Classic","WT",0.00294724432655467,Inf,2.29294725847941,Inf,25,1,4,0.0209801740495976,0.0220692462071772
"MEL","TRRAP","global","Classic_vs_WGD",NA,0.428571428571428,NA,NA,NA,8,1,6,0.633333333333333,0.54673721340388
"MEL","TRRAP","pairwise_all_events","WGD_vs_Classic",NA,0.428571428571428,NA,NA,NA,8,1,6,0.6,0.628260023355391
"MEL","TRRAP","per_event_pairwise","WGD_vs_Classic","CNA_driver",NA,NA,NA,NA,8,1,6,NA,NA
"MEL","TRRAP","per_event_pairwise","WGD_vs_Classic","CI_M",NA,NA,NA,NA,8,1,6,NA,NA
"MEL","TRRAP","per_event_pairwise","WGD_vs_Classic","M",0.428571428571428,0,0,29.2502279639653,8,1,6,0.687940169141504,0.67902123065851
"MEL","TRRAP","per_event_pairwise","WGD_vs_Classic","WT",0.428571428571429,Inf,0.0341877677408855,Inf,8,1,6,0.687940169141504,0.67902123065851
"MEL","UBR5","per_event_pairwise","WGD_vs_Classic","CNA_driver",NA,NA,NA,NA,12,1,4,NA,NA
"MEL","UBR5","per_event_pairwise","WGD_vs_Classic","CI_M",NA,NA,NA,NA,12,1,4,NA,NA
"MEL","UBR5","per_event_pairwise","WGD_vs_Classic","M",NA,NA,NA,NA,12,1,4,NA,NA
"MEL","UBR5","per_event_pairwise","WGD_vs_Classic","WT",NA,NA,NA,NA,12,1,4,NA,NA
"NHL","ARID1A","global","Classic_vs_WGD",NA,0.0497737556561086,NA,NA,NA,8,0,9,0.124434389140271,0.107151835093012
"NHL","ARID1A","pairwise_all_events","WGD_vs_Classic",NA,0.0497737556561086,NA,NA,NA,8,0,9,0.134006265227985,0.152149321266968
"NHL","ARID1A","per_event_pairwise","WGD_vs_Classic","CNA_driver",NA,NA,NA,NA,8,0,9,NA,NA
"NHL","ARID1A","per_event_pairwise","WGD_vs_Classic","CI_M",NA,NA,NA,NA,8,0,9,NA,NA
"NHL","ARID1A","per_event_pairwise","WGD_vs_Classic","M",0.0497737556561086,0.085917215304846,0.00137175387889127,1.16757601932573,8,0,9,0.143348416289593,0.179929266136163
"NHL","ARID1A","per_event_pairwise","WGD_vs_Classic","WT",0.0497737556561086,11.6391109331449,0.856475281650178,728.993746901787,8,0,9,0.143348416289593,0.179929266136163
"NHL","B2M","global","Classic_vs_WGD",NA,0.015992003998001,NA,NA,NA,6,2,10,0.0533066799933367,0.0420128918591552
"NHL","B2M","pairwise_all_events","WGD_vs_Classic",NA,0.0139930034982509,NA,NA,NA,6,2,10,0.0589225589225589,0.0576499163162837
"NHL","B2M","per_event_pairwise","WGD_vs_Classic","CNA_driver",0.5,0,0,8.99774552064043,6,2,10,0.642857142857143,0.740871613663133
"NHL","B2M","per_event_pairwise","WGD_vs_Classic","CI_M",NA,NA,NA,NA,6,2,10,NA,NA
"NHL","B2M","per_event_pairwise","WGD_vs_Classic","M",0.118881118881119,0.102452395152118,0.00159944177916172,1.47152633312106,6,2,10,0.237762237762238,0.311567599067599
"NHL","B2M","per_event_pairwise","WGD_vs_Classic","WT",0.00761738261738262,29.1900434950598,1.59351246738073,2294.25973895853,6,2,10,0.0421885806501191,0.0472052577963908
"NHL","BCL11A","per_event_pairwise","WGD_vs_Classic","CNA_driver",NA,NA,NA,NA,5,2,7,NA,NA
"NHL","BCL11A","per_event_pairwise","WGD_vs_Classic","CI_M",NA,NA,NA,NA,5,2,7,NA,NA
"NHL","BCL11A","per_event_pairwise","WGD_vs_Classic","M",NA,NA,NA,NA,5,2,7,NA,NA
"NHL","BCL11A","per_event_pairwise","WGD_vs_Classic","WT",NA,NA,NA,NA,5,2,7,NA,NA
"NHL","BCL2","per_event_HM_vs_rest","HM_vs_rest","CNA_driver",NA,NA,NA,NA,3,3,12,NA,NA
"NHL","BCL2","per_event_HM_vs_rest","HM_vs_rest","CI_M",NA,NA,NA,NA,3,3,12,NA,NA
"NHL","BCL2","per_event_HM_vs_rest","HM_vs_rest","M",NA,NA,NA,NA,3,3,12,NA,NA
"NHL","BCL2","per_event_HM_vs_rest","HM_vs_rest","WT",NA,NA,NA,NA,3,3,12,NA,NA
"NHL","BCL2","per_event_pairwise","HM_vs_Classic","CNA_driver",NA,NA,NA,NA,3,3,12,NA,NA
"NHL","BCL2","per_event_pairwise","HM_vs_Classic","CI_M",NA,NA,NA,NA,3,3,12,NA,NA
"NHL","BCL2","per_event_pairwise","HM_vs_Classic","M",NA,NA,NA,NA,3,3,12,NA,NA
"NHL","BCL2","per_event_pairwise","HM_vs_Classic","WT",NA,NA,NA,NA,3,3,12,NA,NA
"NHL","BCL2","per_event_pairwise","HM_vs_WGD","CNA_driver",NA,NA,NA,NA,3,3,12,NA,NA
"NHL","BCL2","per_event_pairwise","HM_vs_WGD","CI_M",NA,NA,NA,NA,3,3,12,NA,NA
"NHL","BCL2","per_event_pairwise","HM_vs_WGD","M",NA,NA,NA,NA,3,3,12,NA,NA
"NHL","BCL2","per_event_pairwise","HM_vs_WGD","WT",NA,NA,NA,NA,3,3,12,NA,NA
"NHL","BCL2","per_event_pairwise","WGD_vs_Classic","CNA_driver",NA,NA,NA,NA,3,3,12,NA,NA
"NHL","BCL2","per_event_pairwise","WGD_vs_Classic","CI_M",NA,NA,NA,NA,3,3,12,NA,NA
"NHL","BCL2","per_event_pairwise","WGD_vs_Classic","M",NA,NA,NA,NA,3,3,12,NA,NA
"NHL","BCL2","per_event_pairwise","WGD_vs_Classic","WT",NA,NA,NA,NA,3,3,12,NA,NA
"NHL","BIRC6","per_event_pairwise","WGD_vs_Classic","CNA_driver",NA,NA,NA,NA,5,1,4,NA,NA
"NHL","BIRC6","per_event_pairwise","WGD_vs_Classic","CI_M",NA,NA,NA,NA,5,1,4,NA,NA
"NHL","BIRC6","per_event_pairwise","WGD_vs_Classic","M",NA,NA,NA,NA,5,1,4,NA,NA
"NHL","BIRC6","per_event_pairwise","WGD_vs_Classic","WT",NA,NA,NA,NA,5,1,4,NA,NA
"NHL","BTG1","global","Classic_vs_HM_vs_WGD",NA,0.161419290354823,NA,NA,NA,6,3,14,0.254872563718141,0.259202087582924
"NHL","BTG1","pairwise_all_events","HM_vs_Classic",NA,1,NA,NA,NA,6,3,14,1,1
"NHL","BTG1","pairwise_all_events","HM_vs_WGD",NA,0.226190476190476,NA,NA,NA,6,3,14,0.357434640522876,0.419986558444915
"NHL","BTG1","pairwise_all_events","WGD_vs_Classic",NA,0.140866873065015,NA,NA,NA,6,3,14,0.25949160827766,0.312427409988386
"NHL","BTG1","per_event_HM_vs_rest","HM_vs_rest","CNA_driver",NA,NA,NA,NA,6,3,14,NA,NA
"NHL","BTG1","per_event_HM_vs_rest","HM_vs_rest","CI_M",NA,NA,NA,NA,6,3,14,NA,NA
"NHL","BTG1","per_event_HM_vs_rest","HM_vs_rest","M",1,1.94222640354736,0.087547534845595,129.488317854434,6,3,14,1,1
"NHL","BTG1","per_event_HM_vs_rest","HM_vs_rest","WT",1,0.514873033428831,0.00772270438422225,11.4223661667193,6,3,14,1,1
"NHL","BTG1","per_event_pairwise","HM_vs_Classic","CNA_driver",NA,NA,NA,NA,6,3,14,NA,NA
"NHL","BTG1","per_event_pairwise","HM_vs_Classic","CI_M",NA,NA,NA,NA,6,3,14,NA,NA
"NHL","BTG1","per_event_pairwise","HM_vs_Classic","M",1,1.10434261741502,0.0457432656165448,78.4533173057583,6,3,14,1,1
"NHL","BTG1","per_event_pairwise","HM_vs_Classic","WT",1,0.905516081902863,0.0127464336033449,21.8611414493833,6,3,14,1,1
"NHL","BTG1","per_event_pairwise","HM_vs_WGD","CNA_driver",NA,NA,NA,NA,6,3,14,NA,NA
"NHL","BTG1","per_event_pairwise","HM_vs_WGD","CI_M",NA,NA,NA,NA,6,3,14,NA,NA
"NHL","BTG1","per_event_pairwise","HM_vs_WGD","M",0.226190476190476,7.11489377494096,0.202509032120268,698.990446896075,6,3,14,0.36764705882353,0.458208726324669
"NHL","BTG1","per_event_pairwise","HM_vs_WGD","WT",0.226190476190476,0.140549747205489,0.00143063471674124,4.93805135272243,6,3,14,0.36764705882353,0.458208726324669
"NHL","BTG1","per_event_pairwise","WGD_vs_Classic","CNA_driver",NA,NA,NA,NA,6,3,14,NA,NA
"NHL","BTG1","per_event_pairwise","WGD_vs_Classic","CI_M",NA,NA,NA,NA,6,3,14,NA,NA
"NHL","BTG1","per_event_pairwise","WGD_vs_Classic","M",0.140866873065015,0.124716155741681,0.00212685797142829,1.56583863177924,6,3,14,0.26690565422845,0.352380952380953
"NHL","BTG1","per_event_pairwise","WGD_vs_Classic","WT",0.140866873065015,8.0182073770078,0.638635412171249,470.177140849913,6,3,14,0.26690565422845,0.352380952380953
"NHL","BTG2","per_event_pairwise","WGD_vs_Classic","CNA_driver",NA,NA,NA,NA,4,0,13,NA,NA
"NHL","BTG2","per_event_pairwise","WGD_vs_Classic","CI_M",NA,NA,NA,NA,4,0,13,NA,NA
"NHL","BTG2","per_event_pairwise","WGD_vs_Classic","M",NA,NA,NA,NA,4,0,13,NA,NA
"NHL","BTG2","per_event_pairwise","WGD_vs_Classic","WT",NA,NA,NA,NA,4,0,13,NA,NA
"NHL","CARD11","global","Classic_vs_WGD",NA,0.0941176470588235,NA,NA,NA,4,0,16,0.180995475113122,0.172237410706411
"NHL","CARD11","pairwise_all_events","WGD_vs_Classic",NA,0.0941176470588235,NA,NA,NA,4,0,16,0.199430199430199,0.23442265795207
"NHL","CARD11","per_event_pairwise","WGD_vs_Classic","CNA_driver",NA,NA,NA,NA,4,0,16,NA,NA
"NHL","CARD11","per_event_pairwise","WGD_vs_Classic","CI_M",NA,NA,NA,NA,4,0,16,NA,NA
"NHL","CARD11","per_event_pairwise","WGD_vs_Classic","M",0.0941176470588235,0,0,1.64688241314775,4,0,16,0.210989010989011,0.26884258338079
"NHL","CARD11","per_event_pairwise","WGD_vs_Classic","WT",0.0941176470588235,Inf,0.607207892935516,Inf,4,0,16,0.210989010989011,0.26884258338079
"NHL","CASP8","per_event_pairwise","WGD_vs_Classic","CNA_driver",NA,NA,NA,NA,5,0,6,NA,NA
"NHL","CASP8","per_event_pairwise","WGD_vs_Classic","CI_M",NA,NA,NA,NA,5,0,6,NA,NA
"NHL","CASP8","per_event_pairwise","WGD_vs_Classic","M",NA,NA,NA,NA,5,0,6,NA,NA
"NHL","CASP8","per_event_pairwise","WGD_vs_Classic","WT",NA,NA,NA,NA,5,0,6,NA,NA
"NHL","CCND3","global","Classic_vs_WGD",NA,1,NA,NA,NA,5,0,13,1,1
"NHL","CCND3","pairwise_all_events","WGD_vs_Classic",NA,1,NA,NA,NA,5,0,13,1,1
"NHL","CCND3","per_event_pairwise","WGD_vs_Classic","CNA_driver",NA,NA,NA,NA,5,0,13,NA,NA
"NHL","CCND3","per_event_pairwise","WGD_vs_Classic","CI_M",NA,NA,NA,NA,5,0,13,NA,NA
"NHL","CCND3","per_event_pairwise","WGD_vs_Classic","M",1,0,0,14.4922266829162,5,0,13,1,1
"NHL","CCND3","per_event_pairwise","WGD_vs_Classic","WT",1,Inf,0.0690025088538549,Inf,5,0,13,1,1
"NHL","CD58","per_event_pairwise","WGD_vs_Classic","CNA_driver",NA,NA,NA,NA,5,0,3,NA,NA
"NHL","CD58","per_event_pairwise","WGD_vs_Classic","CI_M",NA,NA,NA,NA,5,0,3,NA,NA
"NHL","CD58","per_event_pairwise","WGD_vs_Classic","M",NA,NA,NA,NA,5,0,3,NA,NA
"NHL","CD58","per_event_pairwise","WGD_vs_Classic","WT",NA,NA,NA,NA,5,0,3,NA,NA
"NHL","CD79B","per_event_pairwise","WGD_vs_Classic","CNA_driver",NA,NA,NA,NA,5,1,9,NA,NA
"NHL","CD79B","per_event_pairwise","WGD_vs_Classic","CI_M",NA,NA,NA,NA,5,1,9,NA,NA
"NHL","CD79B","per_event_pairwise","WGD_vs_Classic","M",NA,NA,NA,NA,5,1,9,NA,NA
"NHL","CD79B","per_event_pairwise","WGD_vs_Classic","WT",NA,NA,NA,NA,5,1,9,NA,NA
"NHL","CREBBP","global","Classic_vs_WGD",NA,0.00144251883382318,NA,NA,NA,7,1,20,0.00899550224887556,0.00595855918194749
"NHL","CREBBP","pairwise_all_events","WGD_vs_Classic",NA,0.00144251883382318,NA,NA,NA,7,1,20,0.0126220397959529,0.00960234168629971
"NHL","CREBBP","per_event_pairwise","WGD_vs_Classic","CNA_driver",NA,NA,NA,NA,7,1,20,NA,NA
"NHL","CREBBP","per_event_pairwise","WGD_vs_Classic","CI_M",NA,NA,NA,NA,7,1,20,NA,NA
"NHL","CREBBP","per_event_pairwise","WGD_vs_Classic","M",0.00144251883382318,0.0277280344443715,0.00043347723353538,0.385861802244594,7,1,20,0.014837336576467,0.0121791187446279
"NHL","CREBBP","per_event_pairwise","WGD_vs_Classic","WT",0.00144251883382318,36.0645830127706,2.59160143394062,2306.92622965264,7,1,20,0.014837336576467,0.0121791187446279
"NHL","EBF1","global","Classic_vs_WGD",NA,1,NA,NA,NA,5,1,9,1,1
"NHL","EBF1","pairwise_all_events","WGD_vs_Classic",NA,1,NA,NA,NA,5,1,9,1,1
"NHL","EBF1","per_event_pairwise","WGD_vs_Classic","CNA_driver",NA,NA,NA,NA,5,1,9,NA,NA
"NHL","EBF1","per_event_pairwise","WGD_vs_Classic","CI_M",NA,NA,NA,NA,5,1,9,NA,NA
"NHL","EBF1","per_event_pairwise","WGD_vs_Classic","M",1,0.558110497348994,0.0311371897686658,7.71793302543833,5,1,9,1,1
"NHL","EBF1","per_event_pairwise","WGD_vs_Classic","WT",1,1.79175988401932,0.129568369757032,32.1159361981448,5,1,9,1,1
"NHL","EZH2","global","Classic_vs_WGD",NA,0.0823529411764706,NA,NA,NA,4,0,13,0.176470588235294,0.159558823529412
"NHL","EZH2","pairwise_all_events","WGD_vs_Classic",NA,0.0823529411764706,NA,NA,NA,4,0,13,0.192156862745098,0.214038078999716
"NHL","EZH2","per_event_pairwise","WGD_vs_Classic","CNA_driver",NA,NA,NA,NA,4,0,13,NA,NA
"NHL","EZH2","per_event_pairwise","WGD_vs_Classic","CI_M",NA,NA,NA,NA,4,0,13,NA,NA
"NHL","EZH2","per_event_pairwise","WGD_vs_Classic","M",0.0823529411764705,0,0,1.44662946135612,4,0,13,0.20446247464503,0.245497630331753
"NHL","EZH2","per_event_pairwise","WGD_vs_Classic","WT",0.0823529411764705,Inf,0.691262017477903,Inf,4,0,13,0.20446247464503,0.245497630331753
"NHL","FBXO11","global","Classic_vs_WGD",NA,0.0439560439560439,NA,NA,NA,5,1,10,0.12396694214876,0.0966409477047774
"NHL","FBXO11","pairwise_all_events","WGD_vs_Classic",NA,0.0439560439560439,NA,NA,NA,5,1,10,0.132575757575758,0.140759032248582
"NHL","FBXO11","per_event_pairwise","WGD_vs_Classic","CNA_driver",NA,NA,NA,NA,5,1,10,NA,NA
"NHL","FBXO11","per_event_pairwise","WGD_vs_Classic","CI_M",NA,NA,NA,NA,5,1,10,NA,NA
"NHL","FBXO11","per_event_pairwise","WGD_vs_Classic","M",0.043956043956044,0,0,1.27875130893895,5,1,10,0.142292490118577,0.166056166056166
"NHL","FBXO11","per_event_pairwise","WGD_vs_Classic","WT",0.043956043956044,Inf,0.782012884764711,Inf,5,1,10,0.142292490118577,0.166056166056166
"NHL","FOXO1","global","Classic_vs_WGD",NA,0.00216450216450217,NA,NA,NA,6,1,5,0.0108225108225108,0.00798804370232943
"NHL","FOXO1","pairwise_all_events","WGD_vs_Classic",NA,0.00216450216450217,NA,NA,NA,6,1,5,0.0151515151515152,0.0133850823505996
"NHL","FOXO1","per_event_pairwise","WGD_vs_Classic","CNA_driver",NA,NA,NA,NA,6,1,5,NA,NA
"NHL","FOXO1","per_event_pairwise","WGD_vs_Classic","CI_M",NA,NA,NA,NA,6,1,5,NA,NA
"NHL","FOXO1","per_event_pairwise","WGD_vs_Classic","M",0.00216450216450217,0,0,0.351764748838083,6,1,5,0.0173160173160173,0.0170183982683983
"NHL","FOXO1","per_event_pairwise","WGD_vs_Classic","WT",0.00216450216450217,Inf,2.842809017399,Inf,6,1,5,0.0173160173160173,0.0170183982683983
"NHL","GNAI2","global","Classic_vs_WGD",NA,0.0013986013986014,NA,NA,NA,7,0,8,0.00899550224887556,0.00593926621323882
"NHL","GNAI2","pairwise_all_events","WGD_vs_Classic",NA,0.0013986013986014,NA,NA,NA,7,0,8,0.0126220397959529,0.00960234168629971
"NHL","GNAI2","per_event_pairwise","WGD_vs_Classic","CNA_driver",NA,NA,NA,NA,7,0,8,NA,NA
"NHL","GNAI2","per_event_pairwise","WGD_vs_Classic","CI_M",NA,NA,NA,NA,7,0,8,NA,NA
"NHL","GNAI2","per_event_pairwise","WGD_vs_Classic","M",0.0013986013986014,0,0,0.332656398344073,7,0,8,0.014837336576467,0.0120509627358943
"NHL","GNAI2","per_event_pairwise","WGD_vs_Classic","WT",0.0013986013986014,Inf,3.00610481258707,Inf,7,0,8,0.014837336576467,0.0120509627358943
"NHL","ID3","per_event_pairwise","WGD_vs_Classic","CNA_driver",NA,NA,NA,NA,7,0,4,NA,NA
"NHL","ID3","per_event_pairwise","WGD_vs_Classic","CI_M",NA,NA,NA,NA,7,0,4,NA,NA
"NHL","ID3","per_event_pairwise","WGD_vs_Classic","M",NA,NA,NA,NA,7,0,4,NA,NA
"NHL","ID3","per_event_pairwise","WGD_vs_Classic","WT",NA,NA,NA,NA,7,0,4,NA,NA
"NHL","IRF4","per_event_pairwise","WGD_vs_Classic","CNA_driver",NA,NA,NA,NA,4,0,15,NA,NA
"NHL","IRF4","per_event_pairwise","WGD_vs_Classic","CI_M",NA,NA,NA,NA,4,0,15,NA,NA
"NHL","IRF4","per_event_pairwise","WGD_vs_Classic","M",NA,NA,NA,NA,4,0,15,NA,NA
"NHL","IRF4","per_event_pairwise","WGD_vs_Classic","WT",NA,NA,NA,NA,4,0,15,NA,NA
"NHL","KLHL6","global","Classic_vs_WGD",NA,0.619909502262443,NA,NA,NA,8,1,9,0.743891402714932,0.727924036747566
"NHL","KLHL6","pairwise_all_events","WGD_vs_Classic",NA,0.619909502262443,NA,NA,NA,8,1,9,0.74816664066157,0.805582879751678
"NHL","KLHL6","per_event_pairwise","WGD_vs_Classic","CNA_driver",NA,NA,NA,NA,8,1,9,NA,NA
"NHL","KLHL6","per_event_pairwise","WGD_vs_Classic","CI_M",NA,NA,NA,NA,8,1,9,NA,NA
"NHL","KLHL6","per_event_pairwise","WGD_vs_Classic","M",0.619909502262444,0.43896688919581,0.0280337917034057,4.73093809310013,8,1,9,0.743891402714932,0.857916560886858
"NHL","KLHL6","per_event_pairwise","WGD_vs_Classic","WT",0.619909502262443,2.27807614791177,0.211374568916566,35.6712360061702,8,1,9,0.743891402714932,0.857916560886858
"NHL","KMT2D","global","Classic_vs_HM_vs_WGD",NA,0.00149925037481259,NA,NA,NA,6,3,27,0.00899550224887556,0.00595855918194749
"NHL","KMT2D","pairwise_all_events","HM_vs_Classic",NA,0.0137931034482759,NA,NA,NA,6,3,27,0.0589225589225589,0.0575247260090885
"NHL","KMT2D","pairwise_all_events","HM_vs_WGD",NA,0.5,NA,NA,NA,6,3,27,0.648148148148148,0.68974358974359
"NHL","KMT2D","pairwise_all_events","WGD_vs_Classic",NA,0.0342046718576196,NA,NA,NA,6,3,27,0.119716351501669,0.116469072527844
"NHL","KMT2D","per_event_HM_vs_rest","HM_vs_rest","CNA_driver",NA,NA,NA,NA,6,3,27,NA,NA
"NHL","KMT2D","per_event_HM_vs_rest","HM_vs_rest","CI_M",NA,NA,NA,NA,6,3,27,NA,NA
"NHL","KMT2D","per_event_HM_vs_rest","HM_vs_rest","M",0.030812324929972,0,0,1.10832816472548,6,3,27,0.0924369747899159,1
"NHL","KMT2D","per_event_HM_vs_rest","HM_vs_rest","WT",0.030812324929972,Inf,0.902259846701351,Inf,6,3,27,0.0924369747899159,1
"NHL","KMT2D","per_event_pairwise","HM_vs_Classic","CNA_driver",NA,NA,NA,NA,6,3,27,NA,NA
"NHL","KMT2D","per_event_pairwise","HM_vs_Classic","CI_M",NA,NA,NA,NA,6,3,27,NA,NA
"NHL","KMT2D","per_event_pairwise","HM_vs_Classic","M",0.0137931034482759,0,0,0.755467321156827,6,3,27,0.0641711229946524,0.0717013394129381
"NHL","KMT2D","per_event_pairwise","HM_vs_Classic","WT",0.0137931034482759,Inf,1.32368399266924,Inf,6,3,27,0.0641711229946524,0.0717013394129381
"NHL","KMT2D","per_event_pairwise","HM_vs_WGD","CNA_driver",NA,NA,NA,NA,6,3,27,NA,NA
"NHL","KMT2D","per_event_pairwise","HM_vs_WGD","CI_M",NA,NA,NA,NA,6,3,27,NA,NA
"NHL","KMT2D","per_event_pairwise","HM_vs_WGD","M",0.5,0,0,11.2835571897079,6,3,27,0.642857142857143,0.740871613663133
"NHL","KMT2D","per_event_pairwise","HM_vs_WGD","WT",0.5,Inf,0.0886245341949552,Inf,6,3,27,0.642857142857143,0.740871613663133
"NHL","KMT2D","per_event_pairwise","WGD_vs_Classic","CNA_driver",NA,NA,NA,NA,6,3,27,NA,NA
"NHL","KMT2D","per_event_pairwise","WGD_vs_Classic","CI_M",NA,NA,NA,NA,6,3,27,NA,NA
"NHL","KMT2D","per_event_pairwise","WGD_vs_Classic","M",0.0342046718576196,0.124210999502735,0.00884071839520071,1.133310747289,6,3,27,0.129617703881506,0.136169231635713
"NHL","KMT2D","per_event_pairwise","WGD_vs_Classic","WT",0.0342046718576196,8.0508167875904,0.882370525817481,113.112979658176,6,3,27,0.129617703881506,0.136169231635713
"NHL","MEF2B","global","Classic_vs_WGD",NA,0.242424242424242,NA,NA,NA,5,0,6,0.346320346320346,0.352824014795846
"NHL","MEF2B","pairwise_all_events","WGD_vs_Classic",NA,0.242424242424242,NA,NA,NA,5,0,6,0.357434640522876,0.434115168329457
"NHL","MEF2B","per_event_pairwise","WGD_vs_Classic","CNA_driver",NA,NA,NA,NA,5,0,6,NA,NA
"NHL","MEF2B","per_event_pairwise","WGD_vs_Classic","CI_M",NA,NA,NA,NA,5,0,6,NA,NA
"NHL","MEF2B","per_event_pairwise","WGD_vs_Classic","M",0.242424242424242,0.155299939726163,0.00204931748672073,3.07800331679714,5,0,6,0.36764705882353,0.472821235611933
"NHL","MEF2B","per_event_pairwise","WGD_vs_Classic","WT",0.242424242424242,6.43915253130994,0.324885939707356,487.96733862852,5,0,6,0.36764705882353,0.472821235611933
"NHL","MYC","global","Classic_vs_WGD",NA,1,NA,NA,NA,4,0,11,1,1
"NHL","MYC","pairwise_all_events","WGD_vs_Classic",NA,1,NA,NA,NA,4,0,11,1,1
"NHL","MYC","per_event_pairwise","WGD_vs_Classic","CNA_driver",NA,NA,NA,NA,4,0,11,NA,NA
"NHL","MYC","per_event_pairwise","WGD_vs_Classic","CI_M",NA,NA,NA,NA,4,0,11,NA,NA
"NHL","MYC","per_event_pairwise","WGD_vs_Classic","M",1,1.68384878353862,0.0887198141550935,32.4989218646325,4,0,11,1,1
"NHL","MYC","per_event_pairwise","WGD_vs_Classic","WT",1,0.593877555856584,0.0307702515229672,11.2714393004912,4,0,11,1,1
"NHL","MYD88","global","Classic_vs_WGD",NA,0.102564102564103,NA,NA,NA,7,1,6,0.180995475113122,0.179632044038824
"NHL","MYD88","pairwise_all_events","WGD_vs_Classic",NA,0.102564102564103,NA,NA,NA,7,1,6,0.199430199430199,0.245242165242165
"NHL","MYD88","per_event_pairwise","WGD_vs_Classic","CNA_driver",NA,NA,NA,NA,7,1,6,NA,NA
"NHL","MYD88","per_event_pairwise","WGD_vs_Classic","CI_M",NA,NA,NA,NA,7,1,6,NA,NA
"NHL","MYD88","per_event_pairwise","WGD_vs_Classic","M",0.102564102564103,0.105585592928028,0.00146570271085879,1.86395432023482,7,1,6,0.210989010989011,0.281101614434948
"NHL","MYD88","per_event_pairwise","WGD_vs_Classic","WT",0.102564102564103,9.4709891024777,0.536493834180455,682.266596487411,7,1,6,0.210989010989011,0.281101614434948
"NHL","NFKBIE","global","Classic_vs_WGD",NA,1,NA,NA,NA,5,0,11,1,1
"NHL","NFKBIE","pairwise_all_events","WGD_vs_Classic",NA,1,NA,NA,NA,5,0,11,1,1
"NHL","NFKBIE","per_event_pairwise","WGD_vs_Classic","CNA_driver",NA,NA,NA,NA,5,0,11,NA,NA
"NHL","NFKBIE","per_event_pairwise","WGD_vs_Classic","CI_M",NA,NA,NA,NA,5,0,11,NA,NA
"NHL","NFKBIE","per_event_pairwise","WGD_vs_Classic","M",1,0,0,12.15316959941,5,0,11,1,1
"NHL","NFKBIE","per_event_pairwise","WGD_vs_Classic","WT",1,Inf,0.0822830613709648,Inf,5,0,11,1,1
"NHL","NOTCH2","global","Classic_vs_WGD",NA,0.333333333333333,NA,NA,NA,6,0,3,0.454545454545454,0.449275362318841
"NHL","NOTCH2","pairwise_all_events","WGD_vs_Classic",NA,0.333333333333333,NA,NA,NA,6,0,3,0.466666666666667,0.535323383084577
"NHL","NOTCH2","per_event_pairwise","WGD_vs_Classic","CNA_driver",NA,NA,NA,NA,6,0,3,NA,NA
"NHL","NOTCH2","per_event_pairwise","WGD_vs_Classic","CI_M",NA,NA,NA,NA,6,0,3,NA,NA
"NHL","NOTCH2","per_event_pairwise","WGD_vs_Classic","M",0.333333333333333,0,0,19.5000651747784,6,0,3,0.48,0.575217192501143
"NHL","NOTCH2","per_event_pairwise","WGD_vs_Classic","WT",0.333333333333333,Inf,0.0512818798828125,Inf,6,0,3,0.48,0.575217192501143
"NHL","PIM1","per_event_pairwise","WGD_vs_Classic","CNA_driver",NA,NA,NA,NA,5,0,13,NA,NA
"NHL","PIM1","per_event_pairwise","WGD_vs_Classic","CI_M",NA,NA,NA,NA,5,0,13,NA,NA
"NHL","PIM1","per_event_pairwise","WGD_vs_Classic","M",NA,NA,NA,NA,5,0,13,NA,NA
"NHL","PIM1","per_event_pairwise","WGD_vs_Classic","WT",NA,NA,NA,NA,5,0,13,NA,NA
"NHL","PRKCD","global","Classic_vs_WGD",NA,0.00699300699300699,NA,NA,NA,7,0,8,0.02997002997003,0.0216891554222889
"NHL","PRKCD","pairwise_all_events","WGD_vs_Classic",NA,0.00699300699300699,NA,NA,NA,7,0,8,0.0407925407925408,0.0348355348355348
"NHL","PRKCD","per_event_pairwise","WGD_vs_Classic","CNA_driver",NA,NA,NA,NA,7,0,8,NA,NA
"NHL","PRKCD","per_event_pairwise","WGD_vs_Classic","CI_M",NA,NA,NA,NA,7,0,8,NA,NA
"NHL","PRKCD","per_event_pairwise","WGD_vs_Classic","M",0.00699300699300699,0,0,0.55162537638168,7,0,8,0.041958041958042,0.043986013986014
"NHL","PRKCD","per_event_pairwise","WGD_vs_Classic","WT",0.006993006993007,Inf,1.81282450520928,Inf,7,0,8,0.041958041958042,0.043986013986014
"NHL","RHOA","global","Classic_vs_WGD",NA,0.0454545454545455,NA,NA,NA,7,0,5,0.12396694214876,0.0992317541613317
"NHL","RHOA","pairwise_all_events","WGD_vs_Classic",NA,0.0454545454545455,NA,NA,NA,7,0,5,0.132575757575758,0.14300903774588
"NHL","RHOA","per_event_pairwise","WGD_vs_Classic","CNA_driver",NA,NA,NA,NA,7,0,5,NA,NA
"NHL","RHOA","per_event_pairwise","WGD_vs_Classic","CI_M",NA,NA,NA,NA,7,0,5,NA,NA
"NHL","RHOA","per_event_pairwise","WGD_vs_Classic","M",0.0454545454545455,0,0,1.38260777134939,7,0,5,0.142292490118577,0.16923926588875
"NHL","RHOA","per_event_pairwise","WGD_vs_Classic","WT",0.0454545454545455,Inf,0.723270923773286,Inf,7,0,5,0.142292490118577,0.16923926588875
"NHL","RRAGC","global","Classic_vs_WGD",NA,0.0656108597285068,NA,NA,NA,8,0,10,0.151409676296554,0.133811621814718
"NHL","RRAGC","pairwise_all_events","WGD_vs_Classic",NA,0.0656108597285068,NA,NA,NA,8,0,10,0.164027149321267,0.185782329125983
"NHL","RRAGC","per_event_pairwise","WGD_vs_Classic","CNA_driver",NA,NA,NA,NA,8,0,10,NA,NA
"NHL","RRAGC","per_event_pairwise","WGD_vs_Classic","CI_M",NA,NA,NA,NA,8,0,10,NA,NA
"NHL","RRAGC","per_event_pairwise","WGD_vs_Classic","M",0.0656108597285068,0.109799083979633,0.00182494386343112,1.41294843980302,8,0,10,0.174962292609352,0.21494391025641
"NHL","RRAGC","per_event_pairwise","WGD_vs_Classic","WT",0.0656108597285068,9.1075441046985,0.707739908852875,547.962060662992,8,0,10,0.174962292609352,0.21494391025641
"NHL","SGK1","global","Classic_vs_WGD",NA,0.0151515151515151,NA,NA,NA,6,1,5,0.0533066799933367,0.040491118077325
"NHL","SGK1","pairwise_all_events","WGD_vs_Classic",NA,0.0151515151515151,NA,NA,NA,6,1,5,0.0589225589225589,0.0605685336335492
"NHL","SGK1","per_event_pairwise","WGD_vs_Classic","CNA_driver",NA,NA,NA,NA,6,1,5,NA,NA
"NHL","SGK1","per_event_pairwise","WGD_vs_Classic","CI_M",NA,NA,NA,NA,6,1,5,NA,NA
"NHL","SGK1","per_event_pairwise","WGD_vs_Classic","M",0.0151515151515151,0,0,0.78774840515619,6,1,5,0.0641711229946524,0.0749788910779623
"NHL","SGK1","per_event_pairwise","WGD_vs_Classic","WT",0.0151515151515151,Inf,1.26944084361774,Inf,6,1,5,0.0641711229946524,0.0749788910779623
"NHL","SIN3A","per_event_pairwise","WGD_vs_Classic","CNA_driver",NA,NA,NA,NA,6,2,3,NA,NA
"NHL","SIN3A","per_event_pairwise","WGD_vs_Classic","CI_M",NA,NA,NA,NA,6,2,3,NA,NA
"NHL","SIN3A","per_event_pairwise","WGD_vs_Classic","M",NA,NA,NA,NA,6,2,3,NA,NA
"NHL","SIN3A","per_event_pairwise","WGD_vs_Classic","WT",NA,NA,NA,NA,6,2,3,NA,NA
"NHL","SMARCA4","global","Classic_vs_WGD",NA,0.545454545454545,NA,NA,NA,6,1,6,0.681818181818182,0.6478578892372
"NHL","SMARCA4","pairwise_all_events","WGD_vs_Classic",NA,0.545454545454545,NA,NA,NA,6,1,6,0.681818181818182,0.729986431478969
"NHL","SMARCA4","per_event_pairwise","WGD_vs_Classic","CNA_driver",NA,NA,NA,NA,6,1,6,NA,NA
"NHL","SMARCA4","per_event_pairwise","WGD_vs_Classic","CI_M",NA,NA,NA,NA,6,1,6,NA,NA
"NHL","SMARCA4","per_event_pairwise","WGD_vs_Classic","M",0.545454545454546,0.230357993438901,0.00319445960027194,4.50042353123897,6,1,6,0.677115987460815,0.772727272727273
"NHL","SMARCA4","per_event_pairwise","WGD_vs_Classic","WT",0.545454545454546,4.34109406203277,0.222201309067616,313.041993054123,6,1,6,0.677115987460815,0.772727272727273
"NHL","SOCS1","global","Classic_vs_WGD",NA,1,NA,NA,NA,7,1,9,1,1
"NHL","SOCS1","pairwise_all_events","WGD_vs_Classic",NA,1,NA,NA,NA,7,1,9,1,1
"NHL","SOCS1","per_event_pairwise","WGD_vs_Classic","CNA_driver",1,0,0,50.1043841336117,7,1,9,1,1
"NHL","SOCS1","per_event_pairwise","WGD_vs_Classic","CI_M",NA,NA,NA,NA,7,1,9,NA,NA
"NHL","SOCS1","per_event_pairwise","WGD_vs_Classic","M",NA,NA,NA,NA,7,1,9,NA,NA
"NHL","SOCS1","per_event_pairwise","WGD_vs_Classic","WT",1,Inf,0.0199583333333334,Inf,7,1,9,1,1
"NHL","SPOP","per_event_pairwise","WGD_vs_Classic","CNA_driver",NA,NA,NA,NA,4,0,5,NA,NA
"NHL","SPOP","per_event_pairwise","WGD_vs_Classic","CI_M",NA,NA,NA,NA,4,0,5,NA,NA
"NHL","SPOP","per_event_pairwise","WGD_vs_Classic","M",NA,NA,NA,NA,4,0,5,NA,NA
"NHL","SPOP","per_event_pairwise","WGD_vs_Classic","WT",NA,NA,NA,NA,4,0,5,NA,NA
"NHL","STAG1","per_event_pairwise","WGD_vs_Classic","CNA_driver",NA,NA,NA,NA,8,0,4,NA,NA
"NHL","STAG1","per_event_pairwise","WGD_vs_Classic","CI_M",NA,NA,NA,NA,8,0,4,NA,NA
"NHL","STAG1","per_event_pairwise","WGD_vs_Classic","M",NA,NA,NA,NA,8,0,4,NA,NA
"NHL","STAG1","per_event_pairwise","WGD_vs_Classic","WT",NA,NA,NA,NA,8,0,4,NA,NA
"NHL","STAT3","global","Classic_vs_WGD",NA,0.2,NA,NA,NA,4,2,6,0.3,0.306930693069307
"NHL","STAT3","pairwise_all_events","WGD_vs_Classic",NA,0.2,NA,NA,NA,4,2,6,0.35,0.389932157592246
"NHL","STAT3","per_event_pairwise","WGD_vs_Classic","CNA_driver",NA,NA,NA,NA,4,2,6,NA,NA
"NHL","STAT3","per_event_pairwise","WGD_vs_Classic","CI_M",NA,NA,NA,NA,4,2,6,NA,NA
"NHL","STAT3","per_event_pairwise","WGD_vs_Classic","M",0.2,0,0,3.40592128036766,4,2,6,0.36,0.427164685908319
"NHL","STAT3","per_event_pairwise","WGD_vs_Classic","WT",0.2,Inf,0.293606316083751,Inf,4,2,6,0.36,0.427164685908319
"NHL","STAT6","global","Classic_vs_HM_vs_WGD",NA,0.137431284357821,NA,NA,NA,4,3,15,0.229052140596368,0.226615415696407
"NHL","STAT6","pairwise_all_events","HM_vs_Classic",NA,0.245098039215686,NA,NA,NA,4,3,15,0.357434640522876,0.435190577881317
"NHL","STAT6","pairwise_all_events","WGD_vs_Classic",NA,0.245098039215686,NA,NA,NA,4,3,15,0.357434640522876,0.435190577881317
"NHL","STAT6","per_event_HM_vs_rest","HM_vs_rest","CNA_driver",NA,NA,NA,NA,4,3,15,NA,NA
"NHL","STAT6","per_event_HM_vs_rest","HM_vs_rest","CI_M",NA,NA,NA,NA,4,3,15,NA,NA
"NHL","STAT6","per_event_HM_vs_rest","HM_vs_rest","M",0.522727272727273,0,0,5.27020583511154,4,3,15,0.784090909090909,1
"NHL","STAT6","per_event_HM_vs_rest","HM_vs_rest","WT",0.522727272727273,Inf,0.189745909607122,Inf,4,3,15,0.784090909090909,1
"NHL","STAT6","per_event_pairwise","HM_vs_Classic","CNA_driver",NA,NA,NA,NA,4,3,15,NA,NA
"NHL","STAT6","per_event_pairwise","HM_vs_Classic","CI_M",NA,NA,NA,NA,4,3,15,NA,NA
"NHL","STAT6","per_event_pairwise","HM_vs_Classic","M",0.245098039215686,0,0,3.72124407405736,4,3,15,0.36764705882353,0.47363031233999
"NHL","STAT6","per_event_pairwise","HM_vs_Classic","WT",0.245098039215686,Inf,0.268727334219085,Inf,4,3,15,0.36764705882353,0.47363031233999
"NHL","STAT6","per_event_pairwise","HM_vs_WGD","CNA_driver",NA,NA,NA,NA,4,3,15,NA,NA
"NHL","STAT6","per_event_pairwise","HM_vs_WGD","CI_M",NA,NA,NA,NA,4,3,15,NA,NA
"NHL","STAT6","per_event_pairwise","HM_vs_WGD","M",NA,NA,NA,NA,4,3,15,NA,NA
"NHL","STAT6","per_event_pairwise","HM_vs_WGD","WT",NA,NA,NA,NA,4,3,15,NA,NA
"NHL","STAT6","per_event_pairwise","WGD_vs_Classic","CNA_driver",NA,NA,NA,NA,4,3,15,NA,NA
"NHL","STAT6","per_event_pairwise","WGD_vs_Classic","CI_M",NA,NA,NA,NA,4,3,15,NA,NA
"NHL","STAT6","per_event_pairwise","WGD_vs_Classic","M",0.245098039215686,0,0,2.43743047597752,4,3,15,0.36764705882353,0.47363031233999
"NHL","STAT6","per_event_pairwise","WGD_vs_Classic","WT",0.245098039215686,Inf,0.410268112200803,Inf,4,3,15,0.36764705882353,0.47363031233999
"NHL","TBL1XR1","global","Classic_vs_WGD",NA,0.100899100899101,NA,NA,NA,5,1,10,0.180995475113122,0.177720007265462
"NHL","TBL1XR1","pairwise_all_events","WGD_vs_Classic",NA,0.100899100899101,NA,NA,NA,5,1,10,0.199430199430199,0.242338019123733
"NHL","TBL1XR1","per_event_pairwise","WGD_vs_Classic","CNA_driver",NA,NA,NA,NA,5,1,10,NA,NA
"NHL","TBL1XR1","per_event_pairwise","WGD_vs_Classic","CI_M",NA,NA,NA,NA,5,1,10,NA,NA
"NHL","TBL1XR1","per_event_pairwise","WGD_vs_Classic","M",0.100899100899101,0,0,1.87779387616438,5,1,10,0.210989010989011,0.278357607304976
"NHL","TBL1XR1","per_event_pairwise","WGD_vs_Classic","WT",0.100899100899101,Inf,0.532539813178334,Inf,5,1,10,0.210989010989011,0.278357607304976
"NHL","TFAP4","per_event_pairwise","WGD_vs_Classic","CNA_driver",NA,NA,NA,NA,6,0,9,NA,NA
"NHL","TFAP4","per_event_pairwise","WGD_vs_Classic","CI_M",NA,NA,NA,NA,6,0,9,NA,NA
"NHL","TFAP4","per_event_pairwise","WGD_vs_Classic","M",NA,NA,NA,NA,6,0,9,NA,NA
"NHL","TFAP4","per_event_pairwise","WGD_vs_Classic","WT",NA,NA,NA,NA,6,0,9,NA,NA
"NHL","TNFRSF14","global","Classic_vs_WGD",NA,0.0013986013986014,NA,NA,NA,7,0,8,0.00899550224887556,0.00593926621323882
"NHL","TNFRSF14","pairwise_all_events","WGD_vs_Classic",NA,0.0013986013986014,NA,NA,NA,7,0,8,0.0126220397959529,0.00960234168629971
"NHL","TNFRSF14","per_event_pairwise","WGD_vs_Classic","CNA_driver",NA,NA,NA,NA,7,0,8,NA,NA
"NHL","TNFRSF14","per_event_pairwise","WGD_vs_Classic","CI_M",NA,NA,NA,NA,7,0,8,NA,NA
"NHL","TNFRSF14","per_event_pairwise","WGD_vs_Classic","M",0.0013986013986014,0,0,0.332656398344073,7,0,8,0.014837336576467,0.0120509627358943
"NHL","TNFRSF14","per_event_pairwise","WGD_vs_Classic","WT",0.0013986013986014,Inf,3.00610481258707,Inf,7,0,8,0.014837336576467,0.0120509627358943
"NHL","TP53","global","Classic_vs_WGD",NA,0.000499750124937531,NA,NA,NA,7,2,10,0.00899550224887556,0.00281677343146609
"NHL","TP53","pairwise_all_events","WGD_vs_Classic",NA,0.000999500249875062,NA,NA,NA,7,2,10,0.0126220397959529,0.00757367794975751
"NHL","TP53","per_event_pairwise","WGD_vs_Classic","CNA_driver",0.411764705882353,Inf,0.036629789202009,Inf,7,2,10,0.581314878892734,0.670116429495472
"NHL","TP53","per_event_pairwise","WGD_vs_Classic","CI_M",NA,NA,NA,NA,7,2,10,NA,NA
"NHL","TP53","per_event_pairwise","WGD_vs_Classic","M",0.000565610859728507,0,0,0.266926308227409,7,2,10,0.014837336576467,0.00588048315321043
"NHL","TP53","per_event_pairwise","WGD_vs_Classic","WT",0.00339366515837104,Inf,2.1640932819678,Inf,7,2,10,0.0244343891402715,0.0246489720790307
"NHL","XPO1","global","Classic_vs_WGD",NA,0.496503496503497,NA,NA,NA,4,1,9,0.647613256308909,0.608643984603064
"NHL","XPO1","pairwise_all_events","WGD_vs_Classic",NA,0.496503496503497,NA,NA,NA,4,1,9,0.648148148148148,0.686996992455937
"NHL","XPO1","per_event_pairwise","WGD_vs_Classic","CNA_driver",NA,NA,NA,NA,4,1,9,NA,NA
"NHL","XPO1","per_event_pairwise","WGD_vs_Classic","CI_M",NA,NA,NA,NA,4,1,9,NA,NA
"NHL","XPO1","per_event_pairwise","WGD_vs_Classic","M",0.496503496503497,0,0,5.66510537216141,4,1,9,0.642857142857143,0.738639348568427
"NHL","XPO1","per_event_pairwise","WGD_vs_Classic","WT",0.496503496503497,Inf,0.176519223263533,Inf,4,1,9,0.642857142857143,0.738639348568427
"OS","CDKN2A","global","Classic_vs_WGD",NA,0.623688155922039,NA,NA,NA,12,0,4,0.712143928035982,0.729597465418234
"OS","CDKN2A","pairwise_all_events","WGD_vs_Classic",NA,0.618690654672664,NA,NA,NA,12,0,4,0.72263868065967,0.805582879751678
"OS","CDKN2A","per_event_pairwise","WGD_vs_Classic","CNA_driver",0.244505494505494,0.226804369821889,0.00959695927476406,4.83613379791158,12,0,4,1,0.47363031233999
"OS","CDKN2A","per_event_pairwise","WGD_vs_Classic","CI_M",NA,NA,NA,NA,12,0,4,NA,NA
"OS","CDKN2A","per_event_pairwise","WGD_vs_Classic","M",1,Inf,0.00856250000000001,Inf,12,0,4,1,1
"OS","CDKN2A","per_event_pairwise","WGD_vs_Classic","WT",0.546703296703297,2.77720755329723,0.142407295753349,56.2356293088574,12,0,4,1,0.773625137517151
"OS","MET","per_event_pairwise","WGD_vs_Classic","CNA_driver",NA,NA,NA,NA,14,0,3,NA,NA
"OS","MET","per_event_pairwise","WGD_vs_Classic","CI_M",NA,NA,NA,NA,14,0,3,NA,NA
"OS","MET","per_event_pairwise","WGD_vs_Classic","M",NA,NA,NA,NA,14,0,3,NA,NA
"OS","MET","per_event_pairwise","WGD_vs_Classic","WT",NA,NA,NA,NA,14,0,3,NA,NA
"OS","TP53","global","Classic_vs_WGD",NA,0.712143928035982,NA,NA,NA,11,0,9,0.712143928035982,0.823748573474457
"OS","TP53","pairwise_all_events","WGD_vs_Classic",NA,0.72263868065967,NA,NA,NA,11,0,9,0.72263868065967,0.916933042912506
"OS","TP53","per_event_pairwise","WGD_vs_Classic","CNA_driver",1,0.760959889312256,0.0727670537200606,7.86736780383255,11,0,9,1,1
"OS","TP53","per_event_pairwise","WGD_vs_Classic","CI_M",NA,NA,NA,NA,11,0,9,NA,NA
"OS","TP53","per_event_pairwise","WGD_vs_Classic","M",1,0.680427208842759,0.0806726838545078,5.35993595635181,11,0,9,1,1
"OS","TP53","per_event_pairwise","WGD_vs_Classic","WT",0.591331269349845,2.84745031057879,0.181210592878386,176.618918481411,11,0,9,1,0.821075868479145
"OVT","ARID1A","global","HM_vs_WGD",NA,0.128205128205128,NA,NA,NA,25,5,2,0.294602698650675,0.217178086030545
"OVT","ARID1A","pairwise_all_events","HM_vs_WGD",NA,0.128205128205128,NA,NA,NA,25,5,2,0.405982905982906,0.293507910529187
"OVT","ARID1A","per_event_HM_vs_rest","HM_vs_rest","CNA_driver",0.128205128205128,7.8793667121609,0.64539515104056,441.234911688364,25,5,2,0.352564102564103,1
"OVT","ARID1A","per_event_HM_vs_rest","HM_vs_rest","CI_M",NA,NA,NA,NA,25,5,2,NA,NA
"OVT","ARID1A","per_event_HM_vs_rest","HM_vs_rest","M",NA,NA,NA,NA,25,5,2,NA,NA
"OVT","ARID1A","per_event_HM_vs_rest","HM_vs_rest","WT",0.128205128205128,0.126913752910702,0.00226636644904989,1.54943835321309,25,5,2,0.352564102564103,1
"OVT","ARID1A","per_event_pairwise","HM_vs_WGD","CNA_driver",0.128205128205128,7.8793667121609,0.64539515104056,441.234911688364,25,5,2,0.524475524475524,0.331885454043132
"OVT","ARID1A","per_event_pairwise","HM_vs_WGD","CI_M",NA,NA,NA,NA,25,5,2,NA,NA
"OVT","ARID1A","per_event_pairwise","HM_vs_WGD","M",NA,NA,NA,NA,25,5,2,NA,NA
"OVT","ARID1A","per_event_pairwise","HM_vs_WGD","WT",0.128205128205128,0.126913752910702,0.00226636644904989,1.54943835321309,25,5,2,0.524475524475524,0.331885454043132
"OVT","BRAF","per_event_HM_vs_rest","HM_vs_rest","CNA_driver",NA,NA,NA,NA,16,5,0,NA,NA
"OVT","BRAF","per_event_HM_vs_rest","HM_vs_rest","CI_M",NA,NA,NA,NA,16,5,0,NA,NA
"OVT","BRAF","per_event_HM_vs_rest","HM_vs_rest","M",NA,NA,NA,NA,16,5,0,NA,NA
"OVT","BRAF","per_event_HM_vs_rest","HM_vs_rest","WT",NA,NA,NA,NA,16,5,0,NA,NA
"OVT","BRAF","per_event_pairwise","HM_vs_WGD","CNA_driver",NA,NA,NA,NA,16,5,0,NA,NA
"OVT","BRAF","per_event_pairwise","HM_vs_WGD","CI_M",NA,NA,NA,NA,16,5,0,NA,NA
"OVT","BRAF","per_event_pairwise","HM_vs_WGD","M",NA,NA,NA,NA,16,5,0,NA,NA
"OVT","BRAF","per_event_pairwise","HM_vs_WGD","WT",NA,NA,NA,NA,16,5,0,NA,NA
"OVT","BRCA1","global","Classic_vs_HM_vs_WGD",NA,0.130934532733633,NA,NA,NA,17,8,3,0.294602698650675,0.218224221222722
"OVT","BRCA1","pairwise_all_events","HM_vs_Classic",NA,0.545454545454545,NA,NA,NA,17,8,3,0.940029985007496,0.729986431478969
"OVT","BRCA1","pairwise_all_events","HM_vs_WGD",NA,0.0444777611194403,NA,NA,NA,17,8,3,0.281692487089788,0.140759032248582
"OVT","BRCA1","pairwise_all_events","WGD_vs_Classic",NA,0.593703148425787,NA,NA,NA,17,8,3,0.940029985007496,0.779054375251399
"OVT","BRCA1","per_event_HM_vs_rest","HM_vs_rest","CNA_driver",0.0684445988793815,6.13043622293643,0.808196718362518,59.1218732209825,17,8,3,0.352564102564103,1
"OVT","BRCA1","per_event_HM_vs_rest","HM_vs_rest","CI_M",NA,NA,NA,NA,17,8,3,NA,NA
"OVT","BRCA1","per_event_HM_vs_rest","HM_vs_rest","M",1,0,0,97.3532096136295,17,8,3,1,1
"OVT","BRCA1","per_event_HM_vs_rest","HM_vs_rest","WT",0.0912855260681347,0.213791705889443,0.0236323930215646,1.55353629190131,17,8,3,0.352564102564103,1
"OVT","BRCA1","per_event_pairwise","HM_vs_Classic","CNA_driver",0.545454545454545,2.97404996508896,0.108705570587956,234.75616249782,17,8,3,0.971650689735796,0.772727272727273
"OVT","BRCA1","per_event_pairwise","HM_vs_Classic","CI_M",NA,NA,NA,NA,17,8,3,NA,NA
"OVT","BRCA1","per_event_pairwise","HM_vs_Classic","M",NA,NA,NA,NA,17,8,3,NA,NA
"OVT","BRCA1","per_event_pairwise","HM_vs_Classic","WT",0.545454545454545,0.336241829067618,0.00425973908143637,9.19916058203179,17,8,3,0.971650689735796,0.772727272727273
"OVT","BRCA1","per_event_pairwise","HM_vs_WGD","CNA_driver",0.0613318540091995,7.01240042976189,0.845719333751277,77.3562479317308,17,8,3,0.381140598531903,0.209661609629274
"OVT","BRCA1","per_event_pairwise","HM_vs_WGD","CI_M",NA,NA,NA,NA,17,8,3,NA,NA
"OVT","BRCA1","per_event_pairwise","HM_vs_WGD","M",1,0,0,82.7691137314568,17,8,3,1,1
"OVT","BRCA1","per_event_pairwise","HM_vs_WGD","WT",0.0869981277303932,0.19980469173885,0.0204091421381457,1.54909085153647,17,8,3,0.434990638651966,0.256308301369636
"OVT","BRCA1","per_event_pairwise","WGD_vs_Classic","CNA_driver",0.508771929824561,0.450693875563111,0.0171998302905363,33.627743365014,17,8,3,0.971650689735796,0.74801721877063
"OVT","BRCA1","per_event_pairwise","WGD_vs_Classic","CI_M",NA,NA,NA,NA,17,8,3,NA,NA
"OVT","BRCA1","per_event_pairwise","WGD_vs_Classic","M",1,Inf,0.0045404411764706,Inf,17,8,3,1,1
"OVT","BRCA1","per_event_pairwise","WGD_vs_Classic","WT",1,1.5826479398861,0.0220825636775514,38.8614680509842,17,8,3,1,1
"OVT","BRCA2","per_event_HM_vs_rest","HM_vs_rest","CNA_driver",NA,NA,NA,NA,25,4,2,NA,NA
"OVT","BRCA2","per_event_HM_vs_rest","HM_vs_rest","CI_M",NA,NA,NA,NA,25,4,2,NA,NA
"OVT","BRCA2","per_event_HM_vs_rest","HM_vs_rest","M",NA,NA,NA,NA,25,4,2,NA,NA
"OVT","BRCA2","per_event_HM_vs_rest","HM_vs_rest","WT",NA,NA,NA,NA,25,4,2,NA,NA
"OVT","BRCA2","per_event_pairwise","HM_vs_WGD","CNA_driver",NA,NA,NA,NA,25,4,2,NA,NA
"OVT","BRCA2","per_event_pairwise","HM_vs_WGD","CI_M",NA,NA,NA,NA,25,4,2,NA,NA
"OVT","BRCA2","per_event_pairwise","HM_vs_WGD","M",NA,NA,NA,NA,25,4,2,NA,NA
"OVT","BRCA2","per_event_pairwise","HM_vs_WGD","WT",NA,NA,NA,NA,25,4,2,NA,NA
"OVT","CSMD3","per_event_HM_vs_rest","HM_vs_rest","CNA_driver",NA,NA,NA,NA,6,4,2,NA,NA
"OVT","CSMD3","per_event_HM_vs_rest","HM_vs_rest","CI_M",NA,NA,NA,NA,6,4,2,NA,NA
"OVT","CSMD3","per_event_HM_vs_rest","HM_vs_rest","M",NA,NA,NA,NA,6,4,2,NA,NA
"OVT","CSMD3","per_event_HM_vs_rest","HM_vs_rest","WT",NA,NA,NA,NA,6,4,2,NA,NA
"OVT","CSMD3","per_event_pairwise","HM_vs_WGD","CNA_driver",NA,NA,NA,NA,6,4,2,NA,NA
"OVT","CSMD3","per_event_pairwise","HM_vs_WGD","CI_M",NA,NA,NA,NA,6,4,2,NA,NA
"OVT","CSMD3","per_event_pairwise","HM_vs_WGD","M",NA,NA,NA,NA,6,4,2,NA,NA
"OVT","CSMD3","per_event_pairwise","HM_vs_WGD","WT",NA,NA,NA,NA,6,4,2,NA,NA
"OVT","CTNND2","per_event_pairwise","WGD_vs_Classic","CNA_driver",NA,NA,NA,NA,12,0,3,NA,NA
"OVT","CTNND2","per_event_pairwise","WGD_vs_Classic","CI_M",NA,NA,NA,NA,12,0,3,NA,NA
"OVT","CTNND2","per_event_pairwise","WGD_vs_Classic","M",NA,NA,NA,NA,12,0,3,NA,NA
"OVT","CTNND2","per_event_pairwise","WGD_vs_Classic","WT",NA,NA,NA,NA,12,0,3,NA,NA
"OVT","FAT1","per_event_HM_vs_rest","HM_vs_rest","CNA_driver",NA,NA,NA,NA,19,4,1,NA,NA
"OVT","FAT1","per_event_HM_vs_rest","HM_vs_rest","CI_M",NA,NA,NA,NA,19,4,1,NA,NA
"OVT","FAT1","per_event_HM_vs_rest","HM_vs_rest","M",NA,NA,NA,NA,19,4,1,NA,NA
"OVT","FAT1","per_event_HM_vs_rest","HM_vs_rest","WT",NA,NA,NA,NA,19,4,1,NA,NA
"OVT","FAT1","per_event_pairwise","HM_vs_WGD","CNA_driver",NA,NA,NA,NA,19,4,1,NA,NA
"OVT","FAT1","per_event_pairwise","HM_vs_WGD","CI_M",NA,NA,NA,NA,19,4,1,NA,NA
"OVT","FAT1","per_event_pairwise","HM_vs_WGD","M",NA,NA,NA,NA,19,4,1,NA,NA
"OVT","FAT1","per_event_pairwise","HM_vs_WGD","WT",NA,NA,NA,NA,19,4,1,NA,NA
"OVT","FOXL2","per_event_HM_vs_rest","HM_vs_rest","CNA_driver",NA,NA,NA,NA,9,4,2,NA,NA
"OVT","FOXL2","per_event_HM_vs_rest","HM_vs_rest","CI_M",NA,NA,NA,NA,9,4,2,NA,NA
"OVT","FOXL2","per_event_HM_vs_rest","HM_vs_rest","M",NA,NA,NA,NA,9,4,2,NA,NA
"OVT","FOXL2","per_event_HM_vs_rest","HM_vs_rest","WT",NA,NA,NA,NA,9,4,2,NA,NA
"OVT","FOXL2","per_event_pairwise","HM_vs_WGD","CNA_driver",NA,NA,NA,NA,9,4,2,NA,NA
"OVT","FOXL2","per_event_pairwise","HM_vs_WGD","CI_M",NA,NA,NA,NA,9,4,2,NA,NA
"OVT","FOXL2","per_event_pairwise","HM_vs_WGD","M",NA,NA,NA,NA,9,4,2,NA,NA
"OVT","FOXL2","per_event_pairwise","HM_vs_WGD","WT",NA,NA,NA,NA,9,4,2,NA,NA
"OVT","GPC5","per_event_HM_vs_rest","HM_vs_rest","CNA_driver",NA,NA,NA,NA,20,6,0,NA,NA
"OVT","GPC5","per_event_HM_vs_rest","HM_vs_rest","CI_M",NA,NA,NA,NA,20,6,0,NA,NA
"OVT","GPC5","per_event_HM_vs_rest","HM_vs_rest","M",NA,NA,NA,NA,20,6,0,NA,NA
"OVT","GPC5","per_event_HM_vs_rest","HM_vs_rest","WT",NA,NA,NA,NA,20,6,0,NA,NA
"OVT","GPC5","per_event_pairwise","HM_vs_WGD","CNA_driver",NA,NA,NA,NA,20,6,0,NA,NA
"OVT","GPC5","per_event_pairwise","HM_vs_WGD","CI_M",NA,NA,NA,NA,20,6,0,NA,NA
"OVT","GPC5","per_event_pairwise","HM_vs_WGD","M",NA,NA,NA,NA,20,6,0,NA,NA
"OVT","GPC5","per_event_pairwise","HM_vs_WGD","WT",NA,NA,NA,NA,20,6,0,NA,NA
"OVT","KMT2A","per_event_HM_vs_rest","HM_vs_rest","CNA_driver",NA,NA,NA,NA,16,3,1,NA,NA
"OVT","KMT2A","per_event_HM_vs_rest","HM_vs_rest","CI_M",NA,NA,NA,NA,16,3,1,NA,NA
"OVT","KMT2A","per_event_HM_vs_rest","HM_vs_rest","M",NA,NA,NA,NA,16,3,1,NA,NA
"OVT","KMT2A","per_event_HM_vs_rest","HM_vs_rest","WT",NA,NA,NA,NA,16,3,1,NA,NA
"OVT","KMT2A","per_event_pairwise","HM_vs_WGD","CNA_driver",NA,NA,NA,NA,16,3,1,NA,NA
"OVT","KMT2A","per_event_pairwise","HM_vs_WGD","CI_M",NA,NA,NA,NA,16,3,1,NA,NA
"OVT","KMT2A","per_event_pairwise","HM_vs_WGD","M",NA,NA,NA,NA,16,3,1,NA,NA
"OVT","KMT2A","per_event_pairwise","HM_vs_WGD","WT",NA,NA,NA,NA,16,3,1,NA,NA
"OVT","KMT2C","per_event_HM_vs_rest","HM_vs_rest","CNA_driver",NA,NA,NA,NA,17,5,1,NA,NA
"OVT","KMT2C","per_event_HM_vs_rest","HM_vs_rest","CI_M",NA,NA,NA,NA,17,5,1,NA,NA
"OVT","KMT2C","per_event_HM_vs_rest","HM_vs_rest","M",NA,NA,NA,NA,17,5,1,NA,NA
"OVT","KMT2C","per_event_HM_vs_rest","HM_vs_rest","WT",NA,NA,NA,NA,17,5,1,NA,NA
"OVT","KMT2C","per_event_pairwise","HM_vs_WGD","CNA_driver",NA,NA,NA,NA,17,5,1,NA,NA
"OVT","KMT2C","per_event_pairwise","HM_vs_WGD","CI_M",NA,NA,NA,NA,17,5,1,NA,NA
"OVT","KMT2C","per_event_pairwise","HM_vs_WGD","M",NA,NA,NA,NA,17,5,1,NA,NA
"OVT","KMT2C","per_event_pairwise","HM_vs_WGD","WT",NA,NA,NA,NA,17,5,1,NA,NA
"OVT","LATS1","global","Classic_vs_HM_vs_WGD",NA,0.540229885057471,NA,NA,NA,21,3,3,0.675224887556222,0.644120247568523
"OVT","LATS1","pairwise_all_events","HM_vs_Classic",NA,1,NA,NA,NA,21,3,3,1,1
"OVT","LATS1","pairwise_all_events","HM_vs_WGD",NA,1,NA,NA,NA,21,3,3,1,1
"OVT","LATS1","pairwise_all_events","WGD_vs_Classic",NA,0.342885375494071,NA,NA,NA,21,3,3,0.723869126043039,0.544166171138084
"OVT","LATS1","per_event_HM_vs_rest","HM_vs_rest","CNA_driver",NA,NA,NA,NA,21,3,3,NA,NA
"OVT","LATS1","per_event_HM_vs_rest","HM_vs_rest","CI_M",NA,NA,NA,NA,21,3,3,NA,NA
"OVT","LATS1","per_event_HM_vs_rest","HM_vs_rest","M",1,0,0,24.6171954599476,21,3,3,1,1
"OVT","LATS1","per_event_HM_vs_rest","HM_vs_rest","WT",1,Inf,0.0406220116189518,Inf,21,3,3,1,1
"OVT","LATS1","per_event_pairwise","HM_vs_Classic","CNA_driver",NA,NA,NA,NA,21,3,3,NA,NA
"OVT","LATS1","per_event_pairwise","HM_vs_Classic","CI_M",NA,NA,NA,NA,21,3,3,NA,NA
"OVT","LATS1","per_event_pairwise","HM_vs_Classic","M",1,0,0,39.0005499686929,21,3,3,1,1
"OVT","LATS1","per_event_pairwise","HM_vs_Classic","WT",1,Inf,0.0256406640625,Inf,21,3,3,1,1
"OVT","LATS1","per_event_pairwise","HM_vs_WGD","CNA_driver",NA,NA,NA,NA,21,3,3,NA,NA
"OVT","LATS1","per_event_pairwise","HM_vs_WGD","CI_M",NA,NA,NA,NA,21,3,3,NA,NA
"OVT","LATS1","per_event_pairwise","HM_vs_WGD","M",1,0,0,42.785606747241,21,3,3,1,1
"OVT","LATS1","per_event_pairwise","HM_vs_WGD","WT",1,Inf,0.0233723458897655,Inf,21,3,3,1,1
"OVT","LATS1","per_event_pairwise","WGD_vs_Classic","CNA_driver",NA,NA,NA,NA,21,3,3,NA,NA
"OVT","LATS1","per_event_pairwise","WGD_vs_Classic","CI_M",NA,NA,NA,NA,21,3,3,NA,NA
"OVT","LATS1","per_event_pairwise","WGD_vs_Classic","M",0.342885375494071,0.232047124406888,0.00769827290601474,18.5732523673007,21,3,3,0.857213438735178,0.58527788652855
"OVT","LATS1","per_event_pairwise","WGD_vs_Classic","WT",0.342885375494071,4.30946947761582,0.0538408664365405,129.899266005325,21,3,3,0.857213438735178,0.58527788652855
"OVT","MYC","per_event_pairwise","WGD_vs_Classic","CNA_driver",NA,NA,NA,NA,9,2,3,NA,NA
"OVT","MYC","per_event_pairwise","WGD_vs_Classic","CI_M",NA,NA,NA,NA,9,2,3,NA,NA
"OVT","MYC","per_event_pairwise","WGD_vs_Classic","M",NA,NA,NA,NA,9,2,3,NA,NA
"OVT","MYC","per_event_pairwise","WGD_vs_Classic","WT",NA,NA,NA,NA,9,2,3,NA,NA
"OVT","NBEA","per_event_HM_vs_rest","HM_vs_rest","CNA_driver",NA,NA,NA,NA,23,5,1,NA,NA
"OVT","NBEA","per_event_HM_vs_rest","HM_vs_rest","CI_M",NA,NA,NA,NA,23,5,1,NA,NA
"OVT","NBEA","per_event_HM_vs_rest","HM_vs_rest","M",NA,NA,NA,NA,23,5,1,NA,NA
"OVT","NBEA","per_event_HM_vs_rest","HM_vs_rest","WT",NA,NA,NA,NA,23,5,1,NA,NA
"OVT","NBEA","per_event_pairwise","HM_vs_WGD","CNA_driver",NA,NA,NA,NA,23,5,1,NA,NA
"OVT","NBEA","per_event_pairwise","HM_vs_WGD","CI_M",NA,NA,NA,NA,23,5,1,NA,NA
"OVT","NBEA","per_event_pairwise","HM_vs_WGD","M",NA,NA,NA,NA,23,5,1,NA,NA
"OVT","NBEA","per_event_pairwise","HM_vs_WGD","WT",NA,NA,NA,NA,23,5,1,NA,NA
"OVT","NF1","global","Classic_vs_HM_vs_WGD",NA,0.000999500249875062,NA,NA,NA,18,3,6,0.00899550224887556,0.0044905083690039
"OVT","NF1","pairwise_all_events","HM_vs_Classic",NA,1,NA,NA,NA,18,3,6,1,1
"OVT","NF1","pairwise_all_events","HM_vs_WGD",NA,0.0284857571214393,NA,NA,NA,18,3,6,0.270614692653673,0.101532979082321
"OVT","NF1","pairwise_all_events","WGD_vs_Classic",NA,0.00149925037481259,NA,NA,NA,18,3,6,0.0284857571214393,0.00960234168629971
"OVT","NF1","per_event_HM_vs_rest","HM_vs_rest","CNA_driver",0.0564102564102564,Inf,0.653936552571167,Inf,18,3,6,0.352564102564103,1
"OVT","NF1","per_event_HM_vs_rest","HM_vs_rest","CI_M",NA,NA,NA,NA,18,3,6,NA,NA
"OVT","NF1","per_event_HM_vs_rest","HM_vs_rest","M",1,0,0,49.093816194729,18,3,6,1,1
"OVT","NF1","per_event_HM_vs_rest","HM_vs_rest","WT",0.0977777777777778,0,0,2.12488126901241,18,3,6,0.352564102564103,1
"OVT","NF1","per_event_pairwise","HM_vs_Classic","CNA_driver",1,Inf,0.0128359375,Inf,18,3,6,1,1
"OVT","NF1","per_event_pairwise","HM_vs_Classic","CI_M",NA,NA,NA,NA,18,3,6,NA,NA
"OVT","NF1","per_event_pairwise","HM_vs_Classic","M",1,0,0,77.9062690200851,18,3,6,1,1
"OVT","NF1","per_event_pairwise","HM_vs_Classic","WT",NA,NA,NA,NA,18,3,6,NA,NA
"OVT","NF1","per_event_pairwise","HM_vs_WGD","CNA_driver",0.0150375939849624,Inf,1.2777881543482,Inf,18,3,6,0.225563909774436,0.0749788910779623
"OVT","NF1","per_event_pairwise","HM_vs_WGD","CI_M",NA,NA,NA,NA,18,3,6,NA,NA
"OVT","NF1","per_event_pairwise","HM_vs_WGD","M",1,0,0,233.151183970856,18,3,6,1,1
"OVT","NF1","per_event_pairwise","HM_vs_WGD","WT",0.0263157894736842,0,0,1.02587806060592,18,3,6,0.296052631578947,0.114142497119884
"OVT","NF1","per_event_pairwise","WGD_vs_Classic","CNA_driver",0.0068649885583524,0.0486516007386428,0.000803347517032704,0.629297911053304,18,3,6,0.154462242562929,0.043986013986014
"OVT","NF1","per_event_pairwise","WGD_vs_Classic","CI_M",NA,NA,NA,NA,18,3,6,NA,NA
"OVT","NF1","per_event_pairwise","WGD_vs_Classic","M",0.445652173913043,0.313113751113228,0.00355281411273504,27.6676800606713,18,3,6,0.954968944099379,0.699913152038213
"OVT","NF1","per_event_pairwise","WGD_vs_Classic","WT",0.00156022467235282,Inf,2.5534988294464,Inf,18,3,6,0.0702101102558771,0.0129984280650321
"OVT","PIK3CA","global","Classic_vs_HM_vs_WGD",NA,0.600199900049975,NA,NA,NA,7,5,5,0.675224887556222,0.710160187082032
"OVT","PIK3CA","pairwise_all_events","HM_vs_Classic",NA,1,NA,NA,NA,7,5,5,1,1
"OVT","PIK3CA","pairwise_all_events","HM_vs_WGD",NA,0.416666666666667,NA,NA,NA,7,5,5,0.791666666666667,0.622685185185185
"OVT","PIK3CA","per_event_HM_vs_rest","HM_vs_rest","CNA_driver",NA,NA,NA,NA,7,5,5,NA,NA
"OVT","PIK3CA","per_event_HM_vs_rest","HM_vs_rest","CI_M",NA,NA,NA,NA,7,5,5,NA,NA
"OVT","PIK3CA","per_event_HM_vs_rest","HM_vs_rest","M",0.294117647058824,Inf,0.0615383217773438,Inf,7,5,5,0.53921568627451,1
"OVT","PIK3CA","per_event_HM_vs_rest","HM_vs_rest","WT",0.294117647058824,0,0,16.250036905754,7,5,5,0.53921568627451,1
"OVT","PIK3CA","per_event_pairwise","HM_vs_Classic","CNA_driver",NA,NA,NA,NA,7,5,5,NA,NA
"OVT","PIK3CA","per_event_pairwise","HM_vs_Classic","CI_M",NA,NA,NA,NA,7,5,5,NA,NA
"OVT","PIK3CA","per_event_pairwise","HM_vs_Classic","M",1,Inf,0.0256406640625,Inf,7,5,5,1,1
"OVT","PIK3CA","per_event_pairwise","HM_vs_Classic","WT",1,0,0,39.0005499686928,7,5,5,1,1
"OVT","PIK3CA","per_event_pairwise","HM_vs_WGD","CNA_driver",NA,NA,NA,NA,7,5,5,NA,NA
"OVT","PIK3CA","per_event_pairwise","HM_vs_WGD","CI_M",NA,NA,NA,NA,7,5,5,NA,NA
"OVT","PIK3CA","per_event_pairwise","HM_vs_WGD","M",0.416666666666667,Inf,0.0358971830357143,Inf,7,5,5,0.9375,0.672871202396235
"OVT","PIK3CA","per_event_pairwise","HM_vs_WGD","WT",0.416666666666667,0,0,27.8573390843814,7,5,5,0.9375,0.672871202396235
"OVT","PIK3CA","per_event_pairwise","WGD_vs_Classic","CNA_driver",NA,NA,NA,NA,7,5,5,NA,NA
"OVT","PIK3CA","per_event_pairwise","WGD_vs_Classic","CI_M",NA,NA,NA,NA,7,5,5,NA,NA
"OVT","PIK3CA","per_event_pairwise","WGD_vs_Classic","M",NA,NA,NA,NA,7,5,5,NA,NA
"OVT","PIK3CA","per_event_pairwise","WGD_vs_Classic","WT",NA,NA,NA,NA,7,5,5,NA,NA
"OVT","PREX2","per_event_HM_vs_rest","HM_vs_rest","CNA_driver",NA,NA,NA,NA,18,4,0,NA,NA
"OVT","PREX2","per_event_HM_vs_rest","HM_vs_rest","CI_M",NA,NA,NA,NA,18,4,0,NA,NA
"OVT","PREX2","per_event_HM_vs_rest","HM_vs_rest","M",NA,NA,NA,NA,18,4,0,NA,NA
"OVT","PREX2","per_event_HM_vs_rest","HM_vs_rest","WT",NA,NA,NA,NA,18,4,0,NA,NA
"OVT","PREX2","per_event_pairwise","HM_vs_WGD","CNA_driver",NA,NA,NA,NA,18,4,0,NA,NA
"OVT","PREX2","per_event_pairwise","HM_vs_WGD","CI_M",NA,NA,NA,NA,18,4,0,NA,NA
"OVT","PREX2","per_event_pairwise","HM_vs_WGD","M",NA,NA,NA,NA,18,4,0,NA,NA
"OVT","PREX2","per_event_pairwise","HM_vs_WGD","WT",NA,NA,NA,NA,18,4,0,NA,NA
"OVT","PTEN","global","HM_vs_WGD",NA,0.206349206349206,NA,NA,NA,25,3,0,0.371428571428571,0.313569872393402
"OVT","PTEN","pairwise_all_events","HM_vs_WGD",NA,0.206349206349206,NA,NA,NA,25,3,0,0.560090702947846,0.395074281195278
"OVT","PTEN","per_event_HM_vs_rest","HM_vs_rest","CNA_driver",0.206349206349206,10.0000351684634,0.102146710122807,968.668728138495,25,3,0,0.453968253968254,1
"OVT","PTEN","per_event_HM_vs_rest","HM_vs_rest","CI_M",NA,NA,NA,NA,25,3,0,NA,NA
"OVT","PTEN","per_event_HM_vs_rest","HM_vs_rest","M",NA,NA,NA,NA,25,3,0,NA,NA
"OVT","PTEN","per_event_HM_vs_rest","HM_vs_rest","WT",0.206349206349206,0.0999996483166027,0.00103234467155941,9.78984050291722,25,3,0,0.453968253968254,1
"OVT","PTEN","per_event_pairwise","HM_vs_WGD","CNA_driver",0.206349206349206,10.0000351684634,0.102146710122807,968.668728138495,25,3,0,0.663265306122449,0.434819600648747
"OVT","PTEN","per_event_pairwise","HM_vs_WGD","CI_M",NA,NA,NA,NA,25,3,0,NA,NA
"OVT","PTEN","per_event_pairwise","HM_vs_WGD","M",NA,NA,NA,NA,25,3,0,NA,NA
"OVT","PTEN","per_event_pairwise","HM_vs_WGD","WT",0.206349206349206,0.0999996483166027,0.00103234467155941,9.78984050291722,25,3,0,0.663265306122449,0.434819600648747
"OVT","RB1","global","HM_vs_WGD",NA,0.800099950024987,NA,NA,NA,27,5,2,0.800099950024987,0.922048269545525
"OVT","RB1","pairwise_all_events","HM_vs_WGD",NA,0.821089455272364,NA,NA,NA,27,5,2,1,1
"OVT","RB1","per_event_HM_vs_rest","HM_vs_rest","CNA_driver",1,0.721368467092237,0.012717745573523,9.15513689168887,27,5,2,1,1
"OVT","RB1","per_event_HM_vs_rest","HM_vs_rest","CI_M",NA,NA,NA,NA,27,5,2,NA,NA
"OVT","RB1","per_event_HM_vs_rest","HM_vs_rest","M",0.511957730812013,1.94917142067113,0.0305447184107273,33.0406667482052,27,5,2,0.866390005989561,1
"OVT","RB1","per_event_HM_vs_rest","HM_vs_rest","WT",1,0.885851488315066,0.0852303566154015,12.3164753684329,27,5,2,1,1
"OVT","RB1","per_event_pairwise","HM_vs_WGD","CNA_driver",1,0.721368467092237,0.012717745573523,9.15513689168887,27,5,2,1,1
"OVT","RB1","per_event_pairwise","HM_vs_WGD","CI_M",NA,NA,NA,NA,27,5,2,NA,NA
"OVT","RB1","per_event_pairwise","HM_vs_WGD","M",0.511957730812013,1.94917142067113,0.0305447184107273,33.0406667482052,27,5,2,0.971650689735796,0.74801721877063
"OVT","RB1","per_event_pairwise","HM_vs_WGD","WT",1,0.885851488315066,0.0852303566154015,12.3164753684329,27,5,2,1,1
"OVT","RNF43","global","Classic_vs_HM_vs_WGD",NA,0.375312343828086,NA,NA,NA,13,3,5,0.562968515742129,0.497208660626952
"OVT","RNF43","pairwise_all_events","HM_vs_Classic",NA,1,NA,NA,NA,13,3,5,1,1
"OVT","RNF43","pairwise_all_events","WGD_vs_Classic",NA,0.277777777777778,NA,NA,NA,13,3,5,0.659722222222222,0.465087332110342
"OVT","RNF43","per_event_HM_vs_rest","HM_vs_rest","CNA_driver",NA,NA,NA,NA,13,3,5,NA,NA
"OVT","RNF43","per_event_HM_vs_rest","HM_vs_rest","CI_M",NA,NA,NA,NA,13,3,5,NA,NA
"OVT","RNF43","per_event_HM_vs_rest","HM_vs_rest","M",1,0,0,233.151183970856,13,3,5,1,1
"OVT","RNF43","per_event_HM_vs_rest","HM_vs_rest","WT",1,Inf,0.00428906250000001,Inf,13,3,5,1,1
"OVT","RNF43","per_event_pairwise","HM_vs_Classic","CNA_driver",NA,NA,NA,NA,13,3,5,NA,NA
"OVT","RNF43","per_event_pairwise","HM_vs_Classic","CI_M",NA,NA,NA,NA,13,3,5,NA,NA
"OVT","RNF43","per_event_pairwise","HM_vs_Classic","M",1,0,0,64.9350649350649,13,3,5,1,1
"OVT","RNF43","per_event_pairwise","HM_vs_Classic","WT",1,Inf,0.0154,Inf,13,3,5,1,1
"OVT","RNF43","per_event_pairwise","HM_vs_WGD","CNA_driver",NA,NA,NA,NA,13,3,5,NA,NA
"OVT","RNF43","per_event_pairwise","HM_vs_WGD","CI_M",NA,NA,NA,NA,13,3,5,NA,NA
"OVT","RNF43","per_event_pairwise","HM_vs_WGD","M",NA,NA,NA,NA,13,3,5,NA,NA
"OVT","RNF43","per_event_pairwise","HM_vs_WGD","WT",NA,NA,NA,NA,13,3,5,NA,NA
"OVT","RNF43","per_event_pairwise","WGD_vs_Classic","CNA_driver",NA,NA,NA,NA,13,3,5,NA,NA
"OVT","RNF43","per_event_pairwise","WGD_vs_Classic","CI_M",NA,NA,NA,NA,13,3,5,NA,NA
"OVT","RNF43","per_event_pairwise","WGD_vs_Classic","M",0.277777777777778,0,0,15.0000287109925,13,3,5,0.78125,0.50640712000308
"OVT","RNF43","per_event_pairwise","WGD_vs_Classic","WT",0.277777777777778,Inf,0.0666665390625004,Inf,13,3,5,0.78125,0.50640712000308
"OVT","STAG1","per_event_HM_vs_rest","HM_vs_rest","CNA_driver",NA,NA,NA,NA,17,3,0,NA,NA
"OVT","STAG1","per_event_HM_vs_rest","HM_vs_rest","CI_M",NA,NA,NA,NA,17,3,0,NA,NA
"OVT","STAG1","per_event_HM_vs_rest","HM_vs_rest","M",NA,NA,NA,NA,17,3,0,NA,NA
"OVT","STAG1","per_event_HM_vs_rest","HM_vs_rest","WT",NA,NA,NA,NA,17,3,0,NA,NA
"OVT","STAG1","per_event_pairwise","HM_vs_WGD","CNA_driver",NA,NA,NA,NA,17,3,0,NA,NA
"OVT","STAG1","per_event_pairwise","HM_vs_WGD","CI_M",NA,NA,NA,NA,17,3,0,NA,NA
"OVT","STAG1","per_event_pairwise","HM_vs_WGD","M",NA,NA,NA,NA,17,3,0,NA,NA
"OVT","STAG1","per_event_pairwise","HM_vs_WGD","WT",NA,NA,NA,NA,17,3,0,NA,NA
"OVT","TP53","global","Classic_vs_HM_vs_WGD",NA,0.100449775112444,NA,NA,NA,37,10,13,0.294602698650675,0.177720007265462
"OVT","TP53","pairwise_all_events","HM_vs_Classic",NA,0.0677583286278938,NA,NA,NA,37,10,13,0.321852060982496,0.190858538229355
"OVT","TP53","pairwise_all_events","HM_vs_WGD",NA,0.0984507746126937,NA,NA,NA,37,10,13,0.374112943528236,0.239667496568458
"OVT","TP53","pairwise_all_events","WGD_vs_Classic",NA,1,NA,NA,NA,37,10,13,1,1
"OVT","TP53","per_event_HM_vs_rest","HM_vs_rest","CNA_driver",0.0288843089605955,9.63986614323649,0.937955994110293,134.887872162319,37,10,13,0.352564102564103,1
"OVT","TP53","per_event_HM_vs_rest","HM_vs_rest","CI_M",NA,NA,NA,NA,37,10,13,NA,NA
"OVT","TP53","per_event_HM_vs_rest","HM_vs_rest","M",0.0830418056724618,0.210791486099469,0.0282454845494631,1.74054525454625,37,10,13,0.352564102564103,1
"OVT","TP53","per_event_HM_vs_rest","HM_vs_rest","WT",1,0,0,27.4981106234632,37,10,13,1,1
"OVT","TP53","per_event_pairwise","HM_vs_Classic","CNA_driver",0.0677583286278939,Inf,0.58665921463211,Inf,37,10,13,0.381140598531903,0.220258339570776
"OVT","TP53","per_event_pairwise","HM_vs_Classic","CI_M",NA,NA,NA,NA,37,10,13,NA,NA
"OVT","TP53","per_event_pairwise","HM_vs_Classic","M",0.0677583286278939,0,0,1.70456710652213,37,10,13,0.381140598531903,0.220258339570776
"OVT","TP53","per_event_pairwise","HM_vs_Classic","WT",NA,NA,NA,NA,37,10,13,NA,NA
"OVT","TP53","per_event_pairwise","HM_vs_WGD","CNA_driver",0.0573308325819997,7.05243125281644,0.680115589843268,99.3623191591766,37,10,13,0.381140598531903,0.200339409411543
"OVT","TP53","per_event_pairwise","HM_vs_WGD","CI_M",NA,NA,NA,NA,37,10,13,NA,NA
"OVT","TP53","per_event_pairwise","HM_vs_WGD","M",0.154755764368091,0.292593406833606,0.0387711318992292,2.44131397863985,37,10,13,0.58033411638034,0.372150160973536
"OVT","TP53","per_event_pairwise","HM_vs_WGD","WT",1,0,0,20.2674437579158,37,10,13,1,1
"OVT","TP53","per_event_pairwise","WGD_vs_Classic","CNA_driver",1,Inf,0.0648316778173291,Inf,37,10,13,1,1
"OVT","TP53","per_event_pairwise","WGD_vs_Classic","CI_M",NA,NA,NA,NA,37,10,13,NA,NA
"OVT","TP53","per_event_pairwise","WGD_vs_Classic","M",0.561398176291793,0,0,4.36938540351693,37,10,13,0.971650689735796,0.786457578814116
"OVT","TP53","per_event_pairwise","WGD_vs_Classic","WT",1,Inf,0.0648316778173291,Inf,37,10,13,1,1
"OVT","WWTR1","per_event_HM_vs_rest","HM_vs_rest","CNA_driver",NA,NA,NA,NA,8,5,3,NA,NA
"OVT","WWTR1","per_event_HM_vs_rest","HM_vs_rest","CI_M",NA,NA,NA,NA,8,5,3,NA,NA
"OVT","WWTR1","per_event_HM_vs_rest","HM_vs_rest","M",NA,NA,NA,NA,8,5,3,NA,NA
"OVT","WWTR1","per_event_HM_vs_rest","HM_vs_rest","WT",NA,NA,NA,NA,8,5,3,NA,NA
"OVT","WWTR1","per_event_pairwise","HM_vs_Classic","CNA_driver",NA,NA,NA,NA,8,5,3,NA,NA
"OVT","WWTR1","per_event_pairwise","HM_vs_Classic","CI_M",NA,NA,NA,NA,8,5,3,NA,NA
"OVT","WWTR1","per_event_pairwise","HM_vs_Classic","M",NA,NA,NA,NA,8,5,3,NA,NA
"OVT","WWTR1","per_event_pairwise","HM_vs_Classic","WT",NA,NA,NA,NA,8,5,3,NA,NA
"OVT","WWTR1","per_event_pairwise","HM_vs_WGD","CNA_driver",NA,NA,NA,NA,8,5,3,NA,NA
"OVT","WWTR1","per_event_pairwise","HM_vs_WGD","CI_M",NA,NA,NA,NA,8,5,3,NA,NA
"OVT","WWTR1","per_event_pairwise","HM_vs_WGD","M",NA,NA,NA,NA,8,5,3,NA,NA
"OVT","WWTR1","per_event_pairwise","HM_vs_WGD","WT",NA,NA,NA,NA,8,5,3,NA,NA
"OVT","WWTR1","per_event_pairwise","WGD_vs_Classic","CNA_driver",NA,NA,NA,NA,8,5,3,NA,NA
"OVT","WWTR1","per_event_pairwise","WGD_vs_Classic","CI_M",NA,NA,NA,NA,8,5,3,NA,NA
"OVT","WWTR1","per_event_pairwise","WGD_vs_Classic","M",NA,NA,NA,NA,8,5,3,NA,NA
"OVT","WWTR1","per_event_pairwise","WGD_vs_Classic","WT",NA,NA,NA,NA,8,5,3,NA,NA
"PAAD","ACVR1B","global","Classic_vs_WGD",NA,0.267866066966517,NA,NA,NA,44,0,5,0.294652673663168,0.380910462200093
"PAAD","ACVR1B","pairwise_all_events","WGD_vs_Classic",NA,0.284857571214393,NA,NA,NA,44,0,5,0.349597928308573,0.47300423862143
"PAAD","ACVR1B","per_event_pairwise","WGD_vs_Classic","CNA_driver",1,Inf,0.00292933238636364,Inf,44,0,5,1,1
"PAAD","ACVR1B","per_event_pairwise","WGD_vs_Classic","CI_M",NA,NA,NA,NA,44,0,5,NA,NA
"PAAD","ACVR1B","per_event_pairwise","WGD_vs_Classic","M",0.195578231292517,0.102814345575878,0.00116972032688861,9.11499860106247,44,0,5,0.291039821879054,0.42201957970152
"PAAD","ACVR1B","per_event_pairwise","WGD_vs_Classic","WT",0.281155015197569,4.95638443922056,0.0713208953760795,117.203964441961,44,0,5,0.383057754414492,0.508375286454104
"PAAD","ACVR2A","global","Classic_vs_WGD",NA,0.183507549361208,NA,NA,NA,38,1,4,0.22428700477481,0.285866031668213
"PAAD","ACVR2A","pairwise_all_events","WGD_vs_Classic",NA,0.183507549361208,NA,NA,NA,38,1,4,0.247735191637631,0.372554949269169
"PAAD","ACVR2A","per_event_pairwise","WGD_vs_Classic","CNA_driver",NA,NA,NA,NA,38,1,4,NA,NA
"PAAD","ACVR2A","per_event_pairwise","WGD_vs_Classic","CI_M",NA,NA,NA,NA,38,1,4,NA,NA
"PAAD","ACVR2A","per_event_pairwise","WGD_vs_Classic","M",0.183507549361208,0.092382303984801,0.0010178158430398,8.4717248609754,38,1,4,0.283999778773298,0.406430452634506
"PAAD","ACVR2A","per_event_pairwise","WGD_vs_Classic","WT",0.183507549361208,10.8245838961163,0.118039716399012,982.496005380935,38,1,4,0.283999778773298,0.406430452634506
"PAAD","ARHGAP5","per_event_pairwise","WGD_vs_Classic","CNA_driver",NA,NA,NA,NA,45,0,5,NA,NA
"PAAD","ARHGAP5","per_event_pairwise","WGD_vs_Classic","CI_M",NA,NA,NA,NA,45,0,5,NA,NA
"PAAD","ARHGAP5","per_event_pairwise","WGD_vs_Classic","M",NA,NA,NA,NA,45,0,5,NA,NA
"PAAD","ARHGAP5","per_event_pairwise","WGD_vs_Classic","WT",NA,NA,NA,NA,45,0,5,NA,NA
"PAAD","ARID1A","global","Classic_vs_HM_vs_WGD",NA,0.000499750124937531,NA,NA,NA,40,3,35,0.00183241712477095,0.00281677343146609
"PAAD","ARID1A","pairwise_all_events","HM_vs_Classic",NA,0.56471764117941,NA,NA,NA,40,3,35,0.635307346326836,0.750168125813636
"PAAD","ARID1A","pairwise_all_events","HM_vs_WGD",NA,0.0379810094952524,NA,NA,NA,40,3,35,0.0683658170914543,0.126134463632381
"PAAD","ARID1A","pairwise_all_events","WGD_vs_Classic",NA,0.000499750124937531,NA,NA,NA,40,3,35,0.00224887556221889,0.00407372071539988
"PAAD","ARID1A","per_event_HM_vs_rest","HM_vs_rest","CNA_driver",0.601188285398812,2.26224008960406,0.11323370015441,138.045314579664,40,3,35,1,1
"PAAD","ARID1A","per_event_HM_vs_rest","HM_vs_rest","CI_M",NA,NA,NA,NA,40,3,35,NA,NA
"PAAD","ARID1A","per_event_HM_vs_rest","HM_vs_rest","M",0.398496240601504,2.85541590931016,0.0452369021635183,59.3997548514008,40,3,35,1,1
"PAAD","ARID1A","per_event_HM_vs_rest","HM_vs_rest","WT",0.29020979020979,0,0,4.08024391287861,40,3,35,1,1
"PAAD","ARID1A","per_event_pairwise","HM_vs_Classic","CNA_driver",1,0.601763247838347,0.0277673942653192,39.2843642954004,40,3,35,1,1
"PAAD","ARID1A","per_event_pairwise","HM_vs_Classic","CI_M",NA,NA,NA,NA,40,3,35,NA,NA
"PAAD","ARID1A","per_event_pairwise","HM_vs_Classic","M",0.518729255571361,1.95783962781246,0.0297010978026774,42.9525706730056,40,3,35,0.624396326150712,0.75266597867217
"PAAD","ARID1A","per_event_pairwise","HM_vs_Classic","WT",1,0,0,451.795078660751,40,3,35,1,1
"PAAD","ARID1A","per_event_pairwise","HM_vs_WGD","CNA_driver",0.130054290576128,7.49244331430677,0.350236567070742,484.374928174845,40,3,35,0.234820246873565,0.335556148306215
"PAAD","ARID1A","per_event_pairwise","HM_vs_WGD","CI_M",NA,NA,NA,NA,40,3,35,NA,NA
"PAAD","ARID1A","per_event_pairwise","HM_vs_WGD","M",0.316424925046593,4.25876423475566,0.061133738220194,101.175315068702,40,3,35,0.410336862274873,0.555953290095829
"PAAD","ARID1A","per_event_pairwise","HM_vs_WGD","WT",0.0368689733408962,0,0,1.21265535216042,40,3,35,0.0826373540399398,0.146312834267657
"PAAD","ARID1A","per_event_pairwise","WGD_vs_Classic","CNA_driver",7.5845438448725e-07,0.0774938289999645,0.0210384506182585,0.251246520062442,40,3,35,2.46497674958356e-05,3.0778568247902e-05
"PAAD","ARID1A","per_event_pairwise","WGD_vs_Classic","CI_M",NA,NA,NA,NA,40,3,35,NA,NA
"PAAD","ARID1A","per_event_pairwise","WGD_vs_Classic","M",0.328269489819899,0.449294089024658,0.0874073102391901,1.9764980003662,40,3,35,0.410336862274873,0.570390909106951
"PAAD","ARID1A","per_event_pairwise","WGD_vs_Classic","WT",4.24536468699437e-10,73.981243204099,10.1480246303221,3266.70882876678,40,3,35,2.75948704654634e-08,3.29332032377544e-08
"PAAD","ARID1B","global","Classic_vs_WGD",NA,0.1,NA,NA,NA,36,2,4,0.1375,0.177720007265462
"PAAD","ARID1B","pairwise_all_events","WGD_vs_Classic",NA,0.1,NA,NA,NA,36,2,4,0.158823529411765,0.241255605381166
"PAAD","ARID1B","per_event_pairwise","WGD_vs_Classic","CNA_driver",0.1,0,0,4.33333380353014,36,2,4,0.185714285714286,0.277092511013216
"PAAD","ARID1B","per_event_pairwise","WGD_vs_Classic","CI_M",NA,NA,NA,NA,36,2,4,NA,NA
"PAAD","ARID1B","per_event_pairwise","WGD_vs_Classic","M",NA,NA,NA,NA,36,2,4,NA,NA
"PAAD","ARID1B","per_event_pairwise","WGD_vs_Classic","WT",0.1,Inf,0.230769205729167,Inf,36,2,4,0.185714285714286,0.277092511013216
"PAAD","ARID2","per_event_pairwise","WGD_vs_Classic","CNA_driver",NA,NA,NA,NA,38,0,3,NA,NA
"PAAD","ARID2","per_event_pairwise","WGD_vs_Classic","CI_M",NA,NA,NA,NA,38,0,3,NA,NA
"PAAD","ARID2","per_event_pairwise","WGD_vs_Classic","M",NA,NA,NA,NA,38,0,3,NA,NA
"PAAD","ARID2","per_event_pairwise","WGD_vs_Classic","WT",NA,NA,NA,NA,38,0,3,NA,NA
"PAAD","ATM","global","Classic_vs_WGD",NA,0.000499750124937531,NA,NA,NA,45,0,8,0.00183241712477095,0.00281677343146609
"PAAD","ATM","pairwise_all_events","WGD_vs_Classic",NA,0.000499750124937531,NA,NA,NA,45,0,8,0.00224887556221889,0.00407372071539988
"PAAD","ATM","per_event_pairwise","WGD_vs_Classic","CNA_driver",0.0203193033381713,0,0,0.884061045005546,45,0,8,0.0489168413696716,0.0929515767251617
"PAAD","ATM","per_event_pairwise","WGD_vs_Classic","CI_M",NA,NA,NA,NA,45,0,8,NA,NA
"PAAD","ATM","per_event_pairwise","WGD_vs_Classic","M",0.00111719578978181,0.0265945174899884,0.000460255410378886,0.341381911287274,45,0,8,0.00518698045255839,0.0101842920546776
"PAAD","ATM","per_event_pairwise","WGD_vs_Classic","WT",8.22612341728215e-06,98.8293243578778,7.8639488877436,5843.49811722211,45,0,8,0.000178232674041113,0.000206969265178819
"PAAD","BRCA2","global","Classic_vs_WGD",NA,0.000499750124937531,NA,NA,NA,40,2,20,0.00183241712477095,0.00281677343146609
"PAAD","BRCA2","pairwise_all_events","WGD_vs_Classic",NA,0.000499750124937531,NA,NA,NA,40,2,20,0.00224887556221889,0.00407372071539988
"PAAD","BRCA2","per_event_pairwise","WGD_vs_Classic","CNA_driver",0.000774211177484116,0,0,0.35103794548169,40,2,20,0.00457488423058796,0.00766895796279542
"PAAD","BRCA2","per_event_pairwise","WGD_vs_Classic","CI_M",NA,NA,NA,NA,40,2,20,NA,NA
"PAAD","BRCA2","per_event_pairwise","WGD_vs_Classic","M",0.255406195207481,0.237097360440782,0.00382294233630297,4.8279694220832,40,2,20,0.360900058445354,0.485348932886724
"PAAD","BRCA2","per_event_pairwise","WGD_vs_Classic","WT",0.000352209277807239,24.3776277847241,2.82381574244115,1173.65386514975,40,2,20,0.00254373367305228,0.00388666027615357
"PAAD","CDH10","per_event_pairwise","WGD_vs_Classic","CNA_driver",NA,NA,NA,NA,39,1,5,NA,NA
"PAAD","CDH10","per_event_pairwise","WGD_vs_Classic","CI_M",NA,NA,NA,NA,39,1,5,NA,NA
"PAAD","CDH10","per_event_pairwise","WGD_vs_Classic","M",NA,NA,NA,NA,39,1,5,NA,NA
"PAAD","CDH10","per_event_pairwise","WGD_vs_Classic","WT",NA,NA,NA,NA,39,1,5,NA,NA
"PAAD","CDKN2A","global","Classic_vs_WGD",NA,0.000499750124937531,NA,NA,NA,48,1,60,0.00183241712477095,0.00281677343146609
"PAAD","CDKN2A","pairwise_all_events","WGD_vs_Classic",NA,0.000499750124937531,NA,NA,NA,48,1,60,0.00224887556221889,0.00407372071539988
"PAAD","CDKN2A","per_event_pairwise","WGD_vs_Classic","CNA_driver",0.0157891347875126,0.365901501585246,0.147755109161307,0.88095104927197,48,1,60,0.0427622400495133,0.0775887951667612
"PAAD","CDKN2A","per_event_pairwise","WGD_vs_Classic","CI_M",NA,NA,NA,NA,48,1,60,NA,NA
"PAAD","CDKN2A","per_event_pairwise","WGD_vs_Classic","M",0.811841491232489,0.835712660547049,0.282851649126071,2.3753462917099,48,1,60,0.942316016609139,1
"PAAD","CDKN2A","per_event_pairwise","WGD_vs_Classic","WT",0.000210447153461432,11.6893515236416,2.45787600218809,112.189726198021,48,1,60,0.00170988312187414,0.00272930432014929
"PAAD","COL1A1","per_event_pairwise","WGD_vs_Classic","CNA_driver",NA,NA,NA,NA,43,0,10,NA,NA
"PAAD","COL1A1","per_event_pairwise","WGD_vs_Classic","CI_M",NA,NA,NA,NA,43,0,10,NA,NA
"PAAD","COL1A1","per_event_pairwise","WGD_vs_Classic","M",NA,NA,NA,NA,43,0,10,NA,NA
"PAAD","COL1A1","per_event_pairwise","WGD_vs_Classic","WT",NA,NA,NA,NA,43,0,10,NA,NA
"PAAD","COL6A6","per_event_pairwise","WGD_vs_Classic","CNA_driver",NA,NA,NA,NA,43,1,6,NA,NA
"PAAD","COL6A6","per_event_pairwise","WGD_vs_Classic","CI_M",NA,NA,NA,NA,43,1,6,NA,NA
"PAAD","COL6A6","per_event_pairwise","WGD_vs_Classic","M",NA,NA,NA,NA,43,1,6,NA,NA
"PAAD","COL6A6","per_event_pairwise","WGD_vs_Classic","WT",NA,NA,NA,NA,43,1,6,NA,NA
"PAAD","CSMD3","per_event_pairwise","WGD_vs_Classic","CNA_driver",NA,NA,NA,NA,34,1,21,NA,NA
"PAAD","CSMD3","per_event_pairwise","WGD_vs_Classic","CI_M",NA,NA,NA,NA,34,1,21,NA,NA
"PAAD","CSMD3","per_event_pairwise","WGD_vs_Classic","M",NA,NA,NA,NA,34,1,21,NA,NA
"PAAD","CSMD3","per_event_pairwise","WGD_vs_Classic","WT",NA,NA,NA,NA,34,1,21,NA,NA
"PAAD","CTNND2","per_event_pairwise","WGD_vs_Classic","CNA_driver",NA,NA,NA,NA,34,1,5,NA,NA
"PAAD","CTNND2","per_event_pairwise","WGD_vs_Classic","CI_M",NA,NA,NA,NA,34,1,5,NA,NA
"PAAD","CTNND2","per_event_pairwise","WGD_vs_Classic","M",NA,NA,NA,NA,34,1,5,NA,NA
"PAAD","CTNND2","per_event_pairwise","WGD_vs_Classic","WT",NA,NA,NA,NA,34,1,5,NA,NA
"PAAD","CUX1","per_event_pairwise","WGD_vs_Classic","CNA_driver",NA,NA,NA,NA,43,1,6,NA,NA
"PAAD","CUX1","per_event_pairwise","WGD_vs_Classic","CI_M",NA,NA,NA,NA,43,1,6,NA,NA
"PAAD","CUX1","per_event_pairwise","WGD_vs_Classic","M",NA,NA,NA,NA,43,1,6,NA,NA
"PAAD","CUX1","per_event_pairwise","WGD_vs_Classic","WT",NA,NA,NA,NA,43,1,6,NA,NA
"PAAD","DCC","global","Classic_vs_WGD",NA,0.00434157382236948,NA,NA,NA,28,0,6,0.00795955200767737,0.0143179562227078
"PAAD","DCC","pairwise_all_events","WGD_vs_Classic",NA,0.00434157382236948,NA,NA,NA,28,0,6,0.00976854110033132,0.0238343542493345
"PAAD","DCC","per_event_pairwise","WGD_vs_Classic","CNA_driver",0.00434157382236948,0.0464155834406594,0.00250073066259793,0.525671469453093,28,0,6,0.0156779054696676,0.0296831514594609
"PAAD","DCC","per_event_pairwise","WGD_vs_Classic","CI_M",NA,NA,NA,NA,28,0,6,NA,NA
"PAAD","DCC","per_event_pairwise","WGD_vs_Classic","M",NA,NA,NA,NA,28,0,6,NA,NA
"PAAD","DCC","per_event_pairwise","WGD_vs_Classic","WT",0.00434157382236948,21.5444884211888,1.90232884626665,399.883128141887,28,0,6,0.0156779054696676,0.0296831514594609
"PAAD","DROSHA","per_event_pairwise","WGD_vs_Classic","CNA_driver",NA,NA,NA,NA,41,1,5,NA,NA
"PAAD","DROSHA","per_event_pairwise","WGD_vs_Classic","CI_M",NA,NA,NA,NA,41,1,5,NA,NA
"PAAD","DROSHA","per_event_pairwise","WGD_vs_Classic","M",NA,NA,NA,NA,41,1,5,NA,NA
"PAAD","DROSHA","per_event_pairwise","WGD_vs_Classic","WT",NA,NA,NA,NA,41,1,5,NA,NA
"PAAD","FAM135B","per_event_pairwise","WGD_vs_Classic","CNA_driver",NA,NA,NA,NA,36,1,19,NA,NA
"PAAD","FAM135B","per_event_pairwise","WGD_vs_Classic","CI_M",NA,NA,NA,NA,36,1,19,NA,NA
"PAAD","FAM135B","per_event_pairwise","WGD_vs_Classic","M",NA,NA,NA,NA,36,1,19,NA,NA
"PAAD","FAM135B","per_event_pairwise","WGD_vs_Classic","WT",NA,NA,NA,NA,36,1,19,NA,NA
"PAAD","FAT1","global","Classic_vs_WGD",NA,0.073170731707317,NA,NA,NA,38,0,3,0.107317073170732,0.143562828033344
"PAAD","FAT1","pairwise_all_events","WGD_vs_Classic",NA,0.073170731707317,NA,NA,NA,38,0,3,0.123475609756098,0.199826668317445
"PAAD","FAT1","per_event_pairwise","WGD_vs_Classic","CNA_driver",0.0731707317073171,0,0,3.07894749837495,38,0,3,0.144124168514412,0.231278342934183
"PAAD","FAT1","per_event_pairwise","WGD_vs_Classic","CI_M",NA,NA,NA,NA,38,0,3,NA,NA
"PAAD","FAT1","per_event_pairwise","WGD_vs_Classic","M",NA,NA,NA,NA,38,0,3,NA,NA
"PAAD","FAT1","per_event_pairwise","WGD_vs_Classic","WT",0.073170731707317,Inf,0.324786311077988,Inf,38,0,3,0.144124168514412,0.231278342934183
"PAAD","FAT3","per_event_pairwise","WGD_vs_Classic","CNA_driver",NA,NA,NA,NA,44,1,5,NA,NA
"PAAD","FAT3","per_event_pairwise","WGD_vs_Classic","CI_M",NA,NA,NA,NA,44,1,5,NA,NA
"PAAD","FAT3","per_event_pairwise","WGD_vs_Classic","M",NA,NA,NA,NA,44,1,5,NA,NA
"PAAD","FAT3","per_event_pairwise","WGD_vs_Classic","WT",NA,NA,NA,NA,44,1,5,NA,NA
"PAAD","FBLN2","per_event_pairwise","WGD_vs_Classic","CNA_driver",NA,NA,NA,NA,43,0,5,NA,NA
"PAAD","FBLN2","per_event_pairwise","WGD_vs_Classic","CI_M",NA,NA,NA,NA,43,0,5,NA,NA
"PAAD","FBLN2","per_event_pairwise","WGD_vs_Classic","M",NA,NA,NA,NA,43,0,5,NA,NA
"PAAD","FBLN2","per_event_pairwise","WGD_vs_Classic","WT",NA,NA,NA,NA,43,0,5,NA,NA
"PAAD","FBXW7","global","Classic_vs_WGD",NA,0.179401993355482,NA,NA,NA,39,2,4,0.22428700477481,0.280881908788886
"PAAD","FBXW7","pairwise_all_events","WGD_vs_Classic",NA,0.179401993355482,NA,NA,NA,39,2,4,0.247735191637631,0.368390352768127
"PAAD","FBXW7","per_event_pairwise","WGD_vs_Classic","CNA_driver",NA,NA,NA,NA,39,2,4,NA,NA
"PAAD","FBXW7","per_event_pairwise","WGD_vs_Classic","CI_M",NA,NA,NA,NA,39,2,4,NA,NA
"PAAD","FBXW7","per_event_pairwise","WGD_vs_Classic","M",0.179401993355482,0.0899820411290541,0.000991990959392583,8.24881101663297,39,2,4,0.283999778773298,0.403734718499456
"PAAD","FBXW7","per_event_pairwise","WGD_vs_Classic","WT",0.179401993355482,11.1133286981762,0.121229592723558,1008.07370322439,39,2,4,0.283999778773298,0.403734718499456
"PAAD","FCRL4","per_event_pairwise","WGD_vs_Classic","CNA_driver",NA,NA,NA,NA,31,1,30,NA,NA
"PAAD","FCRL4","per_event_pairwise","WGD_vs_Classic","CI_M",NA,NA,NA,NA,31,1,30,NA,NA
"PAAD","FCRL4","per_event_pairwise","WGD_vs_Classic","M",NA,NA,NA,NA,31,1,30,NA,NA
"PAAD","FCRL4","per_event_pairwise","WGD_vs_Classic","WT",NA,NA,NA,NA,31,1,30,NA,NA
"PAAD","FMN2","per_event_pairwise","WGD_vs_Classic","CNA_driver",NA,NA,NA,NA,29,0,27,NA,NA
"PAAD","FMN2","per_event_pairwise","WGD_vs_Classic","CI_M",NA,NA,NA,NA,29,0,27,NA,NA
"PAAD","FMN2","per_event_pairwise","WGD_vs_Classic","M",NA,NA,NA,NA,29,0,27,NA,NA
"PAAD","FMN2","per_event_pairwise","WGD_vs_Classic","WT",NA,NA,NA,NA,29,0,27,NA,NA
"PAAD","GNAS","global","Classic_vs_HM_vs_WGD",NA,0.318840579710145,NA,NA,NA,40,3,11,0.327272727272727,0.43351131451818
"PAAD","GNAS","pairwise_all_events","HM_vs_Classic",NA,1,NA,NA,NA,40,3,11,1,1
"PAAD","GNAS","pairwise_all_events","HM_vs_WGD",NA,1,NA,NA,NA,40,3,11,1,1
"PAAD","GNAS","pairwise_all_events","WGD_vs_Classic",NA,0.161683470798125,NA,NA,NA,40,3,11,0.242525206197187,0.346306199247376
"PAAD","GNAS","per_event_HM_vs_rest","HM_vs_rest","CNA_driver",NA,NA,NA,NA,40,3,11,NA,NA
"PAAD","GNAS","per_event_HM_vs_rest","HM_vs_rest","CI_M",NA,NA,NA,NA,40,3,11,NA,NA
"PAAD","GNAS","per_event_HM_vs_rest","HM_vs_rest","M",1,0,0,17.6395262447559,40,3,11,1,1
"PAAD","GNAS","per_event_HM_vs_rest","HM_vs_rest","WT",1,Inf,0.0566908649430023,Inf,40,3,11,1,1
"PAAD","GNAS","per_event_pairwise","HM_vs_Classic","CNA_driver",NA,NA,NA,NA,40,3,11,NA,NA
"PAAD","GNAS","per_event_pairwise","HM_vs_Classic","CI_M",NA,NA,NA,NA,40,3,11,NA,NA
"PAAD","GNAS","per_event_pairwise","HM_vs_Classic","M",1,0,0,10.4211592314926,40,3,11,1,1
"PAAD","GNAS","per_event_pairwise","HM_vs_Classic","WT",1,Inf,0.0959586143716155,Inf,40,3,11,1,1
"PAAD","GNAS","per_event_pairwise","HM_vs_WGD","CNA_driver",NA,NA,NA,NA,40,3,11,NA,NA
"PAAD","GNAS","per_event_pairwise","HM_vs_WGD","CI_M",NA,NA,NA,NA,40,3,11,NA,NA
"PAAD","GNAS","per_event_pairwise","HM_vs_WGD","M",1,0,0,28.062860489497,40,3,11,1,1
"PAAD","GNAS","per_event_pairwise","HM_vs_WGD","WT",1,Inf,0.0356342861189886,Inf,40,3,11,1,1
"PAAD","GNAS","per_event_pairwise","WGD_vs_Classic","CNA_driver",NA,NA,NA,NA,40,3,11,NA,NA
"PAAD","GNAS","per_event_pairwise","WGD_vs_Classic","CI_M",NA,NA,NA,NA,40,3,11,NA,NA
"PAAD","GNAS","per_event_pairwise","WGD_vs_Classic","M",0.161683470798125,0.305302178805994,0.0416896372535696,2.49284615368857,40,3,11,0.276563831628372,0.382135966405629
"PAAD","GNAS","per_event_pairwise","WGD_vs_Classic","WT",0.161683470798125,3.27544337846164,0.401147900170389,23.986776232129,40,3,11,0.276563831628372,0.382135966405629
"PAAD","KMT2A","per_event_pairwise","WGD_vs_Classic","CNA_driver",NA,NA,NA,NA,43,0,6,NA,NA
"PAAD","KMT2A","per_event_pairwise","WGD_vs_Classic","CI_M",NA,NA,NA,NA,43,0,6,NA,NA
"PAAD","KMT2A","per_event_pairwise","WGD_vs_Classic","M",NA,NA,NA,NA,43,0,6,NA,NA
"PAAD","KMT2A","per_event_pairwise","WGD_vs_Classic","WT",NA,NA,NA,NA,43,0,6,NA,NA
"PAAD","KMT2C","global","Classic_vs_WGD",NA,0.00403361344537815,NA,NA,NA,42,0,9,0.00795955200767737,0.0134453781512605
"PAAD","KMT2C","pairwise_all_events","WGD_vs_Classic",NA,0.00403361344537815,NA,NA,NA,42,0,9,0.00976854110033132,0.0223720003465303
"PAAD","KMT2C","per_event_pairwise","WGD_vs_Classic","CNA_driver",NA,NA,NA,NA,42,0,9,NA,NA
"PAAD","KMT2C","per_event_pairwise","WGD_vs_Classic","CI_M",NA,NA,NA,NA,42,0,9,NA,NA
"PAAD","KMT2C","per_event_pairwise","WGD_vs_Classic","M",0.00403361344537815,0,0,0.44873393738816,42,0,9,0.0156779054696676,0.0281904761904762
"PAAD","KMT2C","per_event_pairwise","WGD_vs_Classic","WT",0.00403361344537815,Inf,2.22849202318074,Inf,42,0,9,0.0156779054696676,0.0281904761904762
"PAAD","KMT2D","global","Classic_vs_WGD",NA,0.00925069380203515,NA,NA,NA,42,0,5,0.0156550202803672,0.0270539158361405
"PAAD","KMT2D","pairwise_all_events","WGD_vs_Classic",NA,0.00925069380203515,NA,NA,NA,42,0,5,0.0192129794349961,0.0429040798749561
"PAAD","KMT2D","per_event_pairwise","WGD_vs_Classic","CNA_driver",NA,NA,NA,NA,42,0,5,NA,NA
"PAAD","KMT2D","per_event_pairwise","WGD_vs_Classic","CI_M",NA,NA,NA,NA,42,0,5,NA,NA
"PAAD","KMT2D","per_event_pairwise","WGD_vs_Classic","M",0.00925069380203514,0,0,0.562039049646473,42,0,5,0.0273315953241948,0.0543802467428048
"PAAD","KMT2D","per_event_pairwise","WGD_vs_Classic","WT",0.00925069380203516,Inf,1.77923580332898,Inf,42,0,5,0.0273315953241948,0.0543802467428048
"PAAD","KRAS","global","Classic_vs_HM_vs_WGD",NA,0.00249875062468766,NA,NA,NA,44,4,68,0.00610805708256983,0.00880241697333152
"PAAD","KRAS","pairwise_all_events","HM_vs_WGD",NA,1,NA,NA,NA,44,4,68,1,1
"PAAD","KRAS","pairwise_all_events","WGD_vs_Classic",NA,0.0010577642655541,NA,NA,NA,44,4,68,0.00356995439624508,0.00790384965094591
"PAAD","KRAS","per_event_HM_vs_rest","HM_vs_rest","CNA_driver",NA,NA,NA,NA,44,4,68,NA,NA
"PAAD","KRAS","per_event_HM_vs_rest","HM_vs_rest","CI_M",NA,NA,NA,NA,44,4,68,NA,NA
"PAAD","KRAS","per_event_HM_vs_rest","HM_vs_rest","M",1,Inf,0.0375204739534232,Inf,44,4,68,1,1
"PAAD","KRAS","per_event_HM_vs_rest","HM_vs_rest","WT",1,0,0,26.6521153555089,44,4,68,1,1
"PAAD","KRAS","per_event_pairwise","HM_vs_Classic","CNA_driver",NA,NA,NA,NA,44,4,68,NA,NA
"PAAD","KRAS","per_event_pairwise","HM_vs_Classic","CI_M",NA,NA,NA,NA,44,4,68,NA,NA
"PAAD","KRAS","per_event_pairwise","HM_vs_Classic","M",NA,NA,NA,NA,44,4,68,NA,NA
"PAAD","KRAS","per_event_pairwise","HM_vs_Classic","WT",NA,NA,NA,NA,44,4,68,NA,NA
"PAAD","KRAS","per_event_pairwise","HM_vs_WGD","CNA_driver",NA,NA,NA,NA,44,4,68,NA,NA
"PAAD","KRAS","per_event_pairwise","HM_vs_WGD","CI_M",NA,NA,NA,NA,44,4,68,NA,NA
"PAAD","KRAS","per_event_pairwise","HM_vs_WGD","M",1,Inf,0.10322947229352,Inf,44,4,68,1,1
"PAAD","KRAS","per_event_pairwise","HM_vs_WGD","WT",1,0,0,9.68715598154589,44,4,68,1,1
"PAAD","KRAS","per_event_pairwise","WGD_vs_Classic","CNA_driver",NA,NA,NA,NA,44,4,68,NA,NA
"PAAD","KRAS","per_event_pairwise","WGD_vs_Classic","CI_M",NA,NA,NA,NA,44,4,68,NA,NA
"PAAD","KRAS","per_event_pairwise","WGD_vs_Classic","M",0.0010577642655541,0,0,0.407106483532122,44,4,68,0.00518698045255839,0.00985679589679302
"PAAD","KRAS","per_event_pairwise","WGD_vs_Classic","WT",0.0010577642655541,Inf,2.45635979885124,Inf,44,4,68,0.00518698045255839,0.00985679589679302
"PAAD","LATS1","per_event_pairwise","WGD_vs_Classic","CNA_driver",NA,NA,NA,NA,37,2,3,NA,NA
"PAAD","LATS1","per_event_pairwise","WGD_vs_Classic","CI_M",NA,NA,NA,NA,37,2,3,NA,NA
"PAAD","LATS1","per_event_pairwise","WGD_vs_Classic","M",NA,NA,NA,NA,37,2,3,NA,NA
"PAAD","LATS1","per_event_pairwise","WGD_vs_Classic","WT",NA,NA,NA,NA,37,2,3,NA,NA
"PAAD","LPA","per_event_pairwise","WGD_vs_Classic","CNA_driver",NA,NA,NA,NA,36,2,3,NA,NA
"PAAD","LPA","per_event_pairwise","WGD_vs_Classic","CI_M",NA,NA,NA,NA,36,2,3,NA,NA
"PAAD","LPA","per_event_pairwise","WGD_vs_Classic","M",NA,NA,NA,NA,36,2,3,NA,NA
"PAAD","LPA","per_event_pairwise","WGD_vs_Classic","WT",NA,NA,NA,NA,36,2,3,NA,NA
"PAAD","LRP1B","per_event_pairwise","WGD_vs_Classic","CNA_driver",NA,NA,NA,NA,37,1,3,NA,NA
"PAAD","LRP1B","per_event_pairwise","WGD_vs_Classic","CI_M",NA,NA,NA,NA,37,1,3,NA,NA
"PAAD","LRP1B","per_event_pairwise","WGD_vs_Classic","M",NA,NA,NA,NA,37,1,3,NA,NA
"PAAD","LRP1B","per_event_pairwise","WGD_vs_Classic","WT",NA,NA,NA,NA,37,1,3,NA,NA
"PAAD","MAP2K4","global","Classic_vs_WGD",NA,0.000499750124937531,NA,NA,NA,47,1,10,0.00183241712477095,0.00281677343146609
"PAAD","MAP2K4","pairwise_all_events","WGD_vs_Classic",NA,0.000999500249875062,NA,NA,NA,47,1,10,0.00356995439624508,0.00757367794975751
"PAAD","MAP2K4","per_event_pairwise","WGD_vs_Classic","CNA_driver",0.00986508574860698,0.126002740912911,0.0196137319137428,0.745993296773996,47,1,10,0.0278795901591067,0.0569405971068021
"PAAD","MAP2K4","per_event_pairwise","WGD_vs_Classic","CI_M",NA,NA,NA,NA,47,1,10,NA,NA
"PAAD","MAP2K4","per_event_pairwise","WGD_vs_Classic","M",0.0333982469037086,0.11057657336082,0.00789455824298524,1.13836131183987,47,1,10,0.077531644597895,0.134233209600209
"PAAD","MAP2K4","per_event_pairwise","WGD_vs_Classic","WT",0.000133240982589659,20.9858034898213,3.31413742404882,242.227370612115,47,1,10,0.00123723769547541,0.00186241284553102
"PAAD","NF2","per_event_pairwise","WGD_vs_Classic","CNA_driver",NA,NA,NA,NA,27,0,3,NA,NA
"PAAD","NF2","per_event_pairwise","WGD_vs_Classic","CI_M",NA,NA,NA,NA,27,0,3,NA,NA
"PAAD","NF2","per_event_pairwise","WGD_vs_Classic","M",NA,NA,NA,NA,27,0,3,NA,NA
"PAAD","NF2","per_event_pairwise","WGD_vs_Classic","WT",NA,NA,NA,NA,27,0,3,NA,NA
"PAAD","NFATC2","per_event_HM_vs_rest","HM_vs_rest","CNA_driver",NA,NA,NA,NA,37,3,10,NA,NA
"PAAD","NFATC2","per_event_HM_vs_rest","HM_vs_rest","CI_M",NA,NA,NA,NA,37,3,10,NA,NA
"PAAD","NFATC2","per_event_HM_vs_rest","HM_vs_rest","M",NA,NA,NA,NA,37,3,10,NA,NA
"PAAD","NFATC2","per_event_HM_vs_rest","HM_vs_rest","WT",NA,NA,NA,NA,37,3,10,NA,NA
"PAAD","NFATC2","per_event_pairwise","HM_vs_Classic","CNA_driver",NA,NA,NA,NA,37,3,10,NA,NA
"PAAD","NFATC2","per_event_pairwise","HM_vs_Classic","CI_M",NA,NA,NA,NA,37,3,10,NA,NA
"PAAD","NFATC2","per_event_pairwise","HM_vs_Classic","M",NA,NA,NA,NA,37,3,10,NA,NA
"PAAD","NFATC2","per_event_pairwise","HM_vs_Classic","WT",NA,NA,NA,NA,37,3,10,NA,NA
"PAAD","NFATC2","per_event_pairwise","HM_vs_WGD","CNA_driver",NA,NA,NA,NA,37,3,10,NA,NA
"PAAD","NFATC2","per_event_pairwise","HM_vs_WGD","CI_M",NA,NA,NA,NA,37,3,10,NA,NA
"PAAD","NFATC2","per_event_pairwise","HM_vs_WGD","M",NA,NA,NA,NA,37,3,10,NA,NA
"PAAD","NFATC2","per_event_pairwise","HM_vs_WGD","WT",NA,NA,NA,NA,37,3,10,NA,NA
"PAAD","NFATC2","per_event_pairwise","WGD_vs_Classic","CNA_driver",NA,NA,NA,NA,37,3,10,NA,NA
"PAAD","NFATC2","per_event_pairwise","WGD_vs_Classic","CI_M",NA,NA,NA,NA,37,3,10,NA,NA
"PAAD","NFATC2","per_event_pairwise","WGD_vs_Classic","M",NA,NA,NA,NA,37,3,10,NA,NA
"PAAD","NFATC2","per_event_pairwise","WGD_vs_Classic","WT",NA,NA,NA,NA,37,3,10,NA,NA
"PAAD","PDS5B","per_event_pairwise","WGD_vs_Classic","CNA_driver",NA,NA,NA,NA,12,1,4,NA,NA
"PAAD","PDS5B","per_event_pairwise","WGD_vs_Classic","CI_M",NA,NA,NA,NA,12,1,4,NA,NA
"PAAD","PDS5B","per_event_pairwise","WGD_vs_Classic","M",NA,NA,NA,NA,12,1,4,NA,NA
"PAAD","PDS5B","per_event_pairwise","WGD_vs_Classic","WT",NA,NA,NA,NA,12,1,4,NA,NA
"PAAD","PEG3","per_event_pairwise","WGD_vs_Classic","CNA_driver",NA,NA,NA,NA,37,0,12,NA,NA
"PAAD","PEG3","per_event_pairwise","WGD_vs_Classic","CI_M",NA,NA,NA,NA,37,0,12,NA,NA
"PAAD","PEG3","per_event_pairwise","WGD_vs_Classic","M",NA,NA,NA,NA,37,0,12,NA,NA
"PAAD","PEG3","per_event_pairwise","WGD_vs_Classic","WT",NA,NA,NA,NA,37,0,12,NA,NA
"PAAD","PIK3CA","global","Classic_vs_WGD",NA,0.201489107454729,NA,NA,NA,36,2,10,0.233303177052844,0.307692725669784
"PAAD","PIK3CA","pairwise_all_events","WGD_vs_Classic",NA,0.201489107454729,NA,NA,NA,36,2,10,0.259057423870366,0.389932157592246
"PAAD","PIK3CA","per_event_pairwise","WGD_vs_Classic","CNA_driver",NA,NA,NA,NA,36,2,10,NA,NA
"PAAD","PIK3CA","per_event_pairwise","WGD_vs_Classic","CI_M",NA,NA,NA,NA,36,2,10,NA,NA
"PAAD","PIK3CA","per_event_pairwise","WGD_vs_Classic","M",0.201489107454729,0.245252496106558,0.0155113428966698,3.8536722455959,36,2,10,0.291039821879054,0.428888827712436
"PAAD","PIK3CA","per_event_pairwise","WGD_vs_Classic","WT",0.201489107454729,4.07743046808993,0.259492747766194,64.4689506680097,36,2,10,0.291039821879054,0.428888827712436
"PAAD","PTPN3","per_event_pairwise","WGD_vs_Classic","CNA_driver",NA,NA,NA,NA,46,0,5,NA,NA
"PAAD","PTPN3","per_event_pairwise","WGD_vs_Classic","CI_M",NA,NA,NA,NA,46,0,5,NA,NA
"PAAD","PTPN3","per_event_pairwise","WGD_vs_Classic","M",NA,NA,NA,NA,46,0,5,NA,NA
"PAAD","PTPN3","per_event_pairwise","WGD_vs_Classic","WT",NA,NA,NA,NA,46,0,5,NA,NA
"PAAD","PTPRD","per_event_pairwise","WGD_vs_Classic","CNA_driver",NA,NA,NA,NA,34,1,6,NA,NA
"PAAD","PTPRD","per_event_pairwise","WGD_vs_Classic","CI_M",NA,NA,NA,NA,34,1,6,NA,NA
"PAAD","PTPRD","per_event_pairwise","WGD_vs_Classic","M",NA,NA,NA,NA,34,1,6,NA,NA
"PAAD","PTPRD","per_event_pairwise","WGD_vs_Classic","WT",NA,NA,NA,NA,34,1,6,NA,NA
"PAAD","PTPRT","per_event_pairwise","WGD_vs_Classic","CNA_driver",NA,NA,NA,NA,40,1,9,NA,NA
"PAAD","PTPRT","per_event_pairwise","WGD_vs_Classic","CI_M",NA,NA,NA,NA,40,1,9,NA,NA
"PAAD","PTPRT","per_event_pairwise","WGD_vs_Classic","M",NA,NA,NA,NA,40,1,9,NA,NA
"PAAD","PTPRT","per_event_pairwise","WGD_vs_Classic","WT",NA,NA,NA,NA,40,1,9,NA,NA
"PAAD","RNF43","global","Classic_vs_WGD",NA,0.0186023042637289,NA,NA,NA,38,0,9,0.0292321924144311,0.0476587960475698
"PAAD","RNF43","pairwise_all_events","WGD_vs_Classic",NA,0.0186023042637289,NA,NA,NA,38,0,9,0.0358758725086199,0.0709790049211782
"PAAD","RNF43","per_event_pairwise","WGD_vs_Classic","CNA_driver",NA,NA,NA,NA,38,0,9,NA,NA
"PAAD","RNF43","per_event_pairwise","WGD_vs_Classic","CI_M",NA,NA,NA,NA,38,0,9,NA,NA
"PAAD","RNF43","per_event_pairwise","WGD_vs_Classic","M",0.0186023042637289,0.0598414988249533,0.00101163039044359,0.87615162078084,38,0,9,0.0465057606593222,0.0869951626905982
"PAAD","RNF43","per_event_pairwise","WGD_vs_Classic","WT",0.0186023042637289,16.710811387348,1.1413549621797,988.503320428606,38,0,9,0.0465057606593222,0.0869951626905982
"PAAD","SETD1B","per_event_pairwise","WGD_vs_Classic","CNA_driver",NA,NA,NA,NA,39,0,7,NA,NA
"PAAD","SETD1B","per_event_pairwise","WGD_vs_Classic","CI_M",NA,NA,NA,NA,39,0,7,NA,NA
"PAAD","SETD1B","per_event_pairwise","WGD_vs_Classic","M",NA,NA,NA,NA,39,0,7,NA,NA
"PAAD","SETD1B","per_event_pairwise","WGD_vs_Classic","WT",NA,NA,NA,NA,39,0,7,NA,NA
"PAAD","SETD2","global","Classic_vs_WGD",NA,3.06400710849649e-05,NA,NA,NA,41,0,5,0.000674081563869228,0.00281677343146609
"PAAD","SETD2","pairwise_all_events","WGD_vs_Classic",NA,3.06400710849649e-05,NA,NA,NA,41,0,5,0.000827281919294052,0.00164843582437111
"PAAD","SETD2","per_event_pairwise","WGD_vs_Classic","CNA_driver",NA,NA,NA,NA,41,0,5,NA,NA
"PAAD","SETD2","per_event_pairwise","WGD_vs_Classic","CI_M",NA,NA,NA,NA,41,0,5,NA,NA
"PAAD","SETD2","per_event_pairwise","WGD_vs_Classic","M",3.0640071084965e-05,0,0,0.102084025239953,41,0,5,0.000398320924104544,0.000584018324619484
"PAAD","SETD2","per_event_pairwise","WGD_vs_Classic","WT",3.06400710849649e-05,Inf,9.79585197242626,Inf,41,0,5,0.000398320924104544,0.000584018324619484
"PAAD","SETDB1","per_event_pairwise","WGD_vs_Classic","CNA_driver",NA,NA,NA,NA,30,2,29,NA,NA
"PAAD","SETDB1","per_event_pairwise","WGD_vs_Classic","CI_M",NA,NA,NA,NA,30,2,29,NA,NA
"PAAD","SETDB1","per_event_pairwise","WGD_vs_Classic","M",NA,NA,NA,NA,30,2,29,NA,NA
"PAAD","SETDB1","per_event_pairwise","WGD_vs_Classic","WT",NA,NA,NA,NA,30,2,29,NA,NA
"PAAD","SF3B1","global","Classic_vs_WGD",NA,0.327272727272727,NA,NA,NA,37,1,8,0.327272727272727,0.443032949583168
"PAAD","SF3B1","pairwise_all_events","WGD_vs_Classic",NA,0.327272727272727,NA,NA,NA,37,1,8,0.384189723320158,0.531941774237847
"PAAD","SF3B1","per_event_pairwise","WGD_vs_Classic","CNA_driver",NA,NA,NA,NA,37,1,8,NA,NA
"PAAD","SF3B1","per_event_pairwise","WGD_vs_Classic","CI_M",NA,NA,NA,NA,37,1,8,NA,NA
"PAAD","SF3B1","per_event_pairwise","WGD_vs_Classic","M",0.327272727272727,0.205037479306723,0.00242161257481968,17.4274330641748,37,1,8,0.410336862274873,0.56944549226707
"PAAD","SF3B1","per_event_pairwise","WGD_vs_Classic","WT",0.327272727272728,4.87715710991576,0.0573807970638931,412.947971280852,37,1,8,0.410336862274873,0.56944549226707
"PAAD","SMAD3","per_event_pairwise","WGD_vs_Classic","CNA_driver",NA,NA,NA,NA,39,1,12,NA,NA
"PAAD","SMAD3","per_event_pairwise","WGD_vs_Classic","CI_M",NA,NA,NA,NA,39,1,12,NA,NA
"PAAD","SMAD3","per_event_pairwise","WGD_vs_Classic","M",NA,NA,NA,NA,39,1,12,NA,NA
"PAAD","SMAD3","per_event_pairwise","WGD_vs_Classic","WT",NA,NA,NA,NA,39,1,12,NA,NA
"PAAD","SMAD4","global","Classic_vs_WGD",NA,0.000999500249875062,NA,NA,NA,33,2,48,0.00314128649960734,0.0044905083690039
"PAAD","SMAD4","pairwise_all_events","WGD_vs_Classic",NA,0.000499750124937531,NA,NA,NA,33,2,48,0.00224887556221889,0.00407372071539988
"PAAD","SMAD4","per_event_pairwise","WGD_vs_Classic","CNA_driver",0.357715893594018,0.594769525052476,0.210497445283423,1.62110466961807,33,2,48,0.43870817138889,0.602418466052577
"PAAD","SMAD4","per_event_pairwise","WGD_vs_Classic","CI_M",NA,NA,NA,NA,33,2,48,NA,NA
"PAAD","SMAD4","per_event_pairwise","WGD_vs_Classic","M",0.0648734267414965,0.379621071403314,0.127183128641839,1.0624984432816,33,2,48,0.136024927038622,0.21494391025641
"PAAD","SMAD4","per_event_pairwise","WGD_vs_Classic","WT",8.43406047045311e-05,14.4260818602061,2.87373272645536,143.31647821364,33,2,48,0.000913689884299087,0.00130988247800371
"PAAD","STAG1","per_event_pairwise","WGD_vs_Classic","CNA_driver",NA,NA,NA,NA,20,1,5,NA,NA
"PAAD","STAG1","per_event_pairwise","WGD_vs_Classic","CI_M",NA,NA,NA,NA,20,1,5,NA,NA
"PAAD","STAG1","per_event_pairwise","WGD_vs_Classic","M",NA,NA,NA,NA,20,1,5,NA,NA
"PAAD","STAG1","per_event_pairwise","WGD_vs_Classic","WT",NA,NA,NA,NA,20,1,5,NA,NA
"PAAD","TGFBR2","global","Classic_vs_WGD",NA,0.00299850074962519,NA,NA,NA,45,1,8,0.00659670164917541,0.0102146728833385
"PAAD","TGFBR2","pairwise_all_events","WGD_vs_Classic",NA,0.00149925037481259,NA,NA,NA,45,1,8,0.00449775112443778,0.00960234168629971
"PAAD","TGFBR2","per_event_pairwise","WGD_vs_Classic","CNA_driver",0.282873418644548,0.38386974016712,0.046962586820994,4.88737972296662,45,1,8,0.383057754414492,0.509091216959715
"PAAD","TGFBR2","per_event_pairwise","WGD_vs_Classic","CI_M",NA,NA,NA,NA,45,1,8,NA,NA
"PAAD","TGFBR2","per_event_pairwise","WGD_vs_Classic","M",0.00884487321779219,0.0427850806021881,0.000714612515707871,0.637924882603622,45,1,8,0.0273315953241948,0.0524851439055782
"PAAD","TGFBR2","per_event_pairwise","WGD_vs_Classic","WT",0.0064486297547312,10.1087752960182,1.53224022792242,83.3258949734269,45,1,8,0.0220611017925015,0.0416019293920608
"PAAD","TP53","global","Classic_vs_WGD",NA,0.00199900049975012,NA,NA,NA,63,2,65,0.00549725137431284,0.00755719701125047
"PAAD","TP53","pairwise_all_events","WGD_vs_Classic",NA,0.00199900049975012,NA,NA,NA,63,2,65,0.00539730134932534,0.0126524972807714
"PAAD","TP53","per_event_pairwise","WGD_vs_Classic","CNA_driver",0.560706330125325,0.616544274097367,0.1492970006723,2.28768300463177,63,2,65,0.662652935602657,0.786364061647334
"PAAD","TP53","per_event_pairwise","WGD_vs_Classic","CI_M",NA,NA,NA,NA,63,2,65,NA,NA
"PAAD","TP53","per_event_pairwise","WGD_vs_Classic","M",0.0517446000006595,0.404663590360697,0.145276325713477,1.05666679944202,63,2,65,0.112113300001429,0.185984876573799
"PAAD","TP53","per_event_pairwise","WGD_vs_Classic","WT",0.000447849185545882,16.3631928832715,2.3129877746261,715.431316729144,63,2,65,0.00291101970604823,0.00473440567577075
"PAAD","U2AF1","per_event_pairwise","WGD_vs_Classic","CNA_driver",NA,NA,NA,NA,28,0,4,NA,NA
"PAAD","U2AF1","per_event_pairwise","WGD_vs_Classic","CI_M",NA,NA,NA,NA,28,0,4,NA,NA
"PAAD","U2AF1","per_event_pairwise","WGD_vs_Classic","M",NA,NA,NA,NA,28,0,4,NA,NA
"PAAD","U2AF1","per_event_pairwise","WGD_vs_Classic","WT",NA,NA,NA,NA,28,0,4,NA,NA
"PAAD","ZNF521","per_event_pairwise","WGD_vs_Classic","CNA_driver",NA,NA,NA,NA,19,0,4,NA,NA
"PAAD","ZNF521","per_event_pairwise","WGD_vs_Classic","CI_M",NA,NA,NA,NA,19,0,4,NA,NA
"PAAD","ZNF521","per_event_pairwise","WGD_vs_Classic","M",NA,NA,NA,NA,19,0,4,NA,NA
"PAAD","ZNF521","per_event_pairwise","WGD_vs_Classic","WT",NA,NA,NA,NA,19,0,4,NA,NA
"PANET","ATM","global","Classic_vs_WGD",NA,0.0929535232383808,NA,NA,NA,11,2,3,0.0929535232383808,0.172237410706411
"PANET","ATM","pairwise_all_events","WGD_vs_Classic",NA,0.0999500249875062,NA,NA,NA,11,2,3,0.0999500249875062,0.241255605381166
"PANET","ATM","per_event_pairwise","WGD_vs_Classic","CNA_driver",0.214285714285714,0,0,10.6363732817577,11,2,3,0.342857142857143,0.444837340876945
"PANET","ATM","per_event_pairwise","WGD_vs_Classic","CI_M",NA,NA,NA,NA,11,2,3,NA,NA
"PANET","ATM","per_event_pairwise","WGD_vs_Classic","M",0.395604395604396,0.233549314755814,0.00233270493060524,23.4906132526271,11,2,3,0.452119309262166,0.6526588845655
"PANET","ATM","per_event_pairwise","WGD_vs_Classic","WT",0.0934065934065933,13.7478676721738,0.424639092507043,1273.6656881302,11,2,3,0.186813186813187,0.26884258338079
"PANET","DAXX","global","Classic_vs_WGD",NA,0.06993006993007,NA,NA,NA,9,2,4,0.0929535232383808,0.138078482027527
"PANET","DAXX","pairwise_all_events","WGD_vs_Classic",NA,0.06993006993007,NA,NA,NA,9,2,4,0.0999500249875062,0.194610236932538
"PANET","DAXX","per_event_pairwise","WGD_vs_Classic","CNA_driver",NA,NA,NA,NA,9,2,4,NA,NA
"PANET","DAXX","per_event_pairwise","WGD_vs_Classic","CI_M",NA,NA,NA,NA,9,2,4,NA,NA
"PANET","DAXX","per_event_pairwise","WGD_vs_Classic","M",0.0699300699300699,0,0,1.40570846753173,9,2,4,0.186480186480186,0.224062694808086
"PANET","DAXX","per_event_pairwise","WGD_vs_Classic","WT",0.0699300699300699,Inf,0.71138505820904,Inf,9,2,4,0.186480186480186,0.224062694808086
"PANET","KMT2C","per_event_HM_vs_rest","HM_vs_rest","CNA_driver",NA,NA,NA,NA,11,5,5,NA,NA
"PANET","KMT2C","per_event_HM_vs_rest","HM_vs_rest","CI_M",NA,NA,NA,NA,11,5,5,NA,NA
"PANET","KMT2C","per_event_HM_vs_rest","HM_vs_rest","M",NA,NA,NA,NA,11,5,5,NA,NA
"PANET","KMT2C","per_event_HM_vs_rest","HM_vs_rest","WT",NA,NA,NA,NA,11,5,5,NA,NA
"PANET","KMT2C","per_event_pairwise","HM_vs_Classic","CNA_driver",NA,NA,NA,NA,11,5,5,NA,NA
"PANET","KMT2C","per_event_pairwise","HM_vs_Classic","CI_M",NA,NA,NA,NA,11,5,5,NA,NA
"PANET","KMT2C","per_event_pairwise","HM_vs_Classic","M",NA,NA,NA,NA,11,5,5,NA,NA
"PANET","KMT2C","per_event_pairwise","HM_vs_Classic","WT",NA,NA,NA,NA,11,5,5,NA,NA
"PANET","KMT2C","per_event_pairwise","HM_vs_WGD","CNA_driver",NA,NA,NA,NA,11,5,5,NA,NA
"PANET","KMT2C","per_event_pairwise","HM_vs_WGD","CI_M",NA,NA,NA,NA,11,5,5,NA,NA
"PANET","KMT2C","per_event_pairwise","HM_vs_WGD","M",NA,NA,NA,NA,11,5,5,NA,NA
"PANET","KMT2C","per_event_pairwise","HM_vs_WGD","WT",NA,NA,NA,NA,11,5,5,NA,NA
"PANET","KMT2C","per_event_pairwise","WGD_vs_Classic","CNA_driver",NA,NA,NA,NA,11,5,5,NA,NA
"PANET","KMT2C","per_event_pairwise","WGD_vs_Classic","CI_M",NA,NA,NA,NA,11,5,5,NA,NA
"PANET","KMT2C","per_event_pairwise","WGD_vs_Classic","M",NA,NA,NA,NA,11,5,5,NA,NA
"PANET","KMT2C","per_event_pairwise","WGD_vs_Classic","WT",NA,NA,NA,NA,11,5,5,NA,NA
"PANET","MEN1","global","Classic_vs_WGD",NA,0.0834582708645677,NA,NA,NA,12,2,7,0.0929535232383808,0.159674763845071
"PANET","MEN1","pairwise_all_events","WGD_vs_Classic",NA,0.0794602698650675,NA,NA,NA,12,2,7,0.0999500249875062,0.211251227063354
"PANET","MEN1","per_event_pairwise","WGD_vs_Classic","CNA_driver",0.523219814241486,0.247585445988378,0.00354617067171492,5.79445676662105,12,2,7,0.523219814241486,0.756546935651413
"PANET","MEN1","per_event_pairwise","WGD_vs_Classic","CI_M",NA,NA,NA,NA,12,2,7,NA,NA
"PANET","MEN1","per_event_pairwise","WGD_vs_Classic","M",0.34984520123839,0.305917291807243,0.020797901657528,2.88967218603101,12,2,7,0.452119309262166,0.591006711409396
"PANET","MEN1","per_event_pairwise","WGD_vs_Classic","WT",0.0436016511867905,Inf,0.873167949727366,Inf,12,2,7,0.186480186480186,0.166056166056166
"PANET","TSC2","per_event_HM_vs_rest","HM_vs_rest","CNA_driver",NA,NA,NA,NA,11,3,1,NA,NA
"PANET","TSC2","per_event_HM_vs_rest","HM_vs_rest","CI_M",NA,NA,NA,NA,11,3,1,NA,NA
"PANET","TSC2","per_event_HM_vs_rest","HM_vs_rest","M",NA,NA,NA,NA,11,3,1,NA,NA
"PANET","TSC2","per_event_HM_vs_rest","HM_vs_rest","WT",NA,NA,NA,NA,11,3,1,NA,NA
"PANET","TSC2","per_event_pairwise","HM_vs_WGD","CNA_driver",NA,NA,NA,NA,11,3,1,NA,NA
"PANET","TSC2","per_event_pairwise","HM_vs_WGD","CI_M",NA,NA,NA,NA,11,3,1,NA,NA
"PANET","TSC2","per_event_pairwise","HM_vs_WGD","M",NA,NA,NA,NA,11,3,1,NA,NA
"PANET","TSC2","per_event_pairwise","HM_vs_WGD","WT",NA,NA,NA,NA,11,3,1,NA,NA
"PRAD","ACVR2A","per_event_HM_vs_rest","HM_vs_rest","CNA_driver",NA,NA,NA,NA,14,5,0,NA,NA
"PRAD","ACVR2A","per_event_HM_vs_rest","HM_vs_rest","CI_M",NA,NA,NA,NA,14,5,0,NA,NA
"PRAD","ACVR2A","per_event_HM_vs_rest","HM_vs_rest","M",NA,NA,NA,NA,14,5,0,NA,NA
"PRAD","ACVR2A","per_event_HM_vs_rest","HM_vs_rest","WT",NA,NA,NA,NA,14,5,0,NA,NA
"PRAD","ACVR2A","per_event_pairwise","HM_vs_WGD","CNA_driver",NA,NA,NA,NA,14,5,0,NA,NA
"PRAD","ACVR2A","per_event_pairwise","HM_vs_WGD","CI_M",NA,NA,NA,NA,14,5,0,NA,NA
"PRAD","ACVR2A","per_event_pairwise","HM_vs_WGD","M",NA,NA,NA,NA,14,5,0,NA,NA
"PRAD","ACVR2A","per_event_pairwise","HM_vs_WGD","WT",NA,NA,NA,NA,14,5,0,NA,NA
"PRAD","AKT1","per_event_HM_vs_rest","HM_vs_rest","CNA_driver",NA,NA,NA,NA,15,5,2,NA,NA
"PRAD","AKT1","per_event_HM_vs_rest","HM_vs_rest","CI_M",NA,NA,NA,NA,15,5,2,NA,NA
"PRAD","AKT1","per_event_HM_vs_rest","HM_vs_rest","M",NA,NA,NA,NA,15,5,2,NA,NA
"PRAD","AKT1","per_event_HM_vs_rest","HM_vs_rest","WT",NA,NA,NA,NA,15,5,2,NA,NA
"PRAD","AKT1","per_event_pairwise","HM_vs_WGD","CNA_driver",NA,NA,NA,NA,15,5,2,NA,NA
"PRAD","AKT1","per_event_pairwise","HM_vs_WGD","CI_M",NA,NA,NA,NA,15,5,2,NA,NA
"PRAD","AKT1","per_event_pairwise","HM_vs_WGD","M",NA,NA,NA,NA,15,5,2,NA,NA
"PRAD","AKT1","per_event_pairwise","HM_vs_WGD","WT",NA,NA,NA,NA,15,5,2,NA,NA
"PRAD","ANK1","per_event_HM_vs_rest","HM_vs_rest","CNA_driver",NA,NA,NA,NA,20,5,0,NA,NA
"PRAD","ANK1","per_event_HM_vs_rest","HM_vs_rest","CI_M",NA,NA,NA,NA,20,5,0,NA,NA
"PRAD","ANK1","per_event_HM_vs_rest","HM_vs_rest","M",NA,NA,NA,NA,20,5,0,NA,NA
"PRAD","ANK1","per_event_HM_vs_rest","HM_vs_rest","WT",NA,NA,NA,NA,20,5,0,NA,NA
"PRAD","ANK1","per_event_pairwise","HM_vs_WGD","CNA_driver",NA,NA,NA,NA,20,5,0,NA,NA
"PRAD","ANK1","per_event_pairwise","HM_vs_WGD","CI_M",NA,NA,NA,NA,20,5,0,NA,NA
"PRAD","ANK1","per_event_pairwise","HM_vs_WGD","M",NA,NA,NA,NA,20,5,0,NA,NA
"PRAD","ANK1","per_event_pairwise","HM_vs_WGD","WT",NA,NA,NA,NA,20,5,0,NA,NA
"PRAD","ASXL1","per_event_HM_vs_rest","HM_vs_rest","CNA_driver",NA,NA,NA,NA,17,3,3,NA,NA
"PRAD","ASXL1","per_event_HM_vs_rest","HM_vs_rest","CI_M",NA,NA,NA,NA,17,3,3,NA,NA
"PRAD","ASXL1","per_event_HM_vs_rest","HM_vs_rest","M",NA,NA,NA,NA,17,3,3,NA,NA
"PRAD","ASXL1","per_event_HM_vs_rest","HM_vs_rest","WT",NA,NA,NA,NA,17,3,3,NA,NA
"PRAD","ASXL1","per_event_pairwise","HM_vs_Classic","CNA_driver",NA,NA,NA,NA,17,3,3,NA,NA
"PRAD","ASXL1","per_event_pairwise","HM_vs_Classic","CI_M",NA,NA,NA,NA,17,3,3,NA,NA
"PRAD","ASXL1","per_event_pairwise","HM_vs_Classic","M",NA,NA,NA,NA,17,3,3,NA,NA
"PRAD","ASXL1","per_event_pairwise","HM_vs_Classic","WT",NA,NA,NA,NA,17,3,3,NA,NA
"PRAD","ASXL1","per_event_pairwise","HM_vs_WGD","CNA_driver",NA,NA,NA,NA,17,3,3,NA,NA
"PRAD","ASXL1","per_event_pairwise","HM_vs_WGD","CI_M",NA,NA,NA,NA,17,3,3,NA,NA
"PRAD","ASXL1","per_event_pairwise","HM_vs_WGD","M",NA,NA,NA,NA,17,3,3,NA,NA
"PRAD","ASXL1","per_event_pairwise","HM_vs_WGD","WT",NA,NA,NA,NA,17,3,3,NA,NA
"PRAD","ASXL1","per_event_pairwise","WGD_vs_Classic","CNA_driver",NA,NA,NA,NA,17,3,3,NA,NA
"PRAD","ASXL1","per_event_pairwise","WGD_vs_Classic","CI_M",NA,NA,NA,NA,17,3,3,NA,NA
"PRAD","ASXL1","per_event_pairwise","WGD_vs_Classic","M",NA,NA,NA,NA,17,3,3,NA,NA
"PRAD","ASXL1","per_event_pairwise","WGD_vs_Classic","WT",NA,NA,NA,NA,17,3,3,NA,NA
"PRAD","ATM","global","HM_vs_WGD",NA,0.473684210526316,NA,NA,NA,10,9,0,0.473684210526316,0.59375
"PRAD","ATM","pairwise_all_events","HM_vs_WGD",NA,0.473684210526316,NA,NA,NA,10,9,0,0.6,0.674185463659148
"PRAD","ATM","per_event_HM_vs_rest","HM_vs_rest","CNA_driver",NA,NA,NA,NA,10,9,0,NA,NA
"PRAD","ATM","per_event_HM_vs_rest","HM_vs_rest","CI_M",NA,NA,NA,NA,10,9,0,NA,NA
"PRAD","ATM","per_event_HM_vs_rest","HM_vs_rest","M",0.473684210526316,Inf,0.0284897049696181,Inf,10,9,0,1,1
"PRAD","ATM","per_event_HM_vs_rest","HM_vs_rest","WT",0.473684210526316,0,0,35.100398584907,10,9,0,1,1
"PRAD","ATM","per_event_pairwise","HM_vs_WGD","CNA_driver",NA,NA,NA,NA,10,9,0,NA,NA
"PRAD","ATM","per_event_pairwise","HM_vs_WGD","CI_M",NA,NA,NA,NA,10,9,0,NA,NA
"PRAD","ATM","per_event_pairwise","HM_vs_WGD","M",0.473684210526316,Inf,0.0284897049696181,Inf,10,9,0,0.641765704584041,0.727831912302071
"PRAD","ATM","per_event_pairwise","HM_vs_WGD","WT",0.473684210526316,0,0,35.100398584907,10,9,0,0.641765704584041,0.727831912302071
"PRAD","BARD1","per_event_HM_vs_rest","HM_vs_rest","CNA_driver",NA,NA,NA,NA,11,4,0,NA,NA
"PRAD","BARD1","per_event_HM_vs_rest","HM_vs_rest","CI_M",NA,NA,NA,NA,11,4,0,NA,NA
"PRAD","BARD1","per_event_HM_vs_rest","HM_vs_rest","M",NA,NA,NA,NA,11,4,0,NA,NA
"PRAD","BARD1","per_event_HM_vs_rest","HM_vs_rest","WT",NA,NA,NA,NA,11,4,0,NA,NA
"PRAD","BARD1","per_event_pairwise","HM_vs_WGD","CNA_driver",NA,NA,NA,NA,11,4,0,NA,NA
"PRAD","BARD1","per_event_pairwise","HM_vs_WGD","CI_M",NA,NA,NA,NA,11,4,0,NA,NA
"PRAD","BARD1","per_event_pairwise","HM_vs_WGD","M",NA,NA,NA,NA,11,4,0,NA,NA
"PRAD","BARD1","per_event_pairwise","HM_vs_WGD","WT",NA,NA,NA,NA,11,4,0,NA,NA
"PRAD","BCLAF1","per_event_HM_vs_rest","HM_vs_rest","CNA_driver",NA,NA,NA,NA,13,3,0,NA,NA
"PRAD","BCLAF1","per_event_HM_vs_rest","HM_vs_rest","CI_M",NA,NA,NA,NA,13,3,0,NA,NA
"PRAD","BCLAF1","per_event_HM_vs_rest","HM_vs_rest","M",NA,NA,NA,NA,13,3,0,NA,NA
"PRAD","BCLAF1","per_event_HM_vs_rest","HM_vs_rest","WT",NA,NA,NA,NA,13,3,0,NA,NA
"PRAD","BCLAF1","per_event_pairwise","HM_vs_WGD","CNA_driver",NA,NA,NA,NA,13,3,0,NA,NA
"PRAD","BCLAF1","per_event_pairwise","HM_vs_WGD","CI_M",NA,NA,NA,NA,13,3,0,NA,NA
"PRAD","BCLAF1","per_event_pairwise","HM_vs_WGD","M",NA,NA,NA,NA,13,3,0,NA,NA
"PRAD","BCLAF1","per_event_pairwise","HM_vs_WGD","WT",NA,NA,NA,NA,13,3,0,NA,NA
"PRAD","BMP6","per_event_HM_vs_rest","HM_vs_rest","CNA_driver",NA,NA,NA,NA,12,10,0,NA,NA
"PRAD","BMP6","per_event_HM_vs_rest","HM_vs_rest","CI_M",NA,NA,NA,NA,12,10,0,NA,NA
"PRAD","BMP6","per_event_HM_vs_rest","HM_vs_rest","M",NA,NA,NA,NA,12,10,0,NA,NA
"PRAD","BMP6","per_event_HM_vs_rest","HM_vs_rest","WT",NA,NA,NA,NA,12,10,0,NA,NA
"PRAD","BMP6","per_event_pairwise","HM_vs_WGD","CNA_driver",NA,NA,NA,NA,12,10,0,NA,NA
"PRAD","BMP6","per_event_pairwise","HM_vs_WGD","CI_M",NA,NA,NA,NA,12,10,0,NA,NA
"PRAD","BMP6","per_event_pairwise","HM_vs_WGD","M",NA,NA,NA,NA,12,10,0,NA,NA
"PRAD","BMP6","per_event_pairwise","HM_vs_WGD","WT",NA,NA,NA,NA,12,10,0,NA,NA
"PRAD","BRAF","per_event_HM_vs_rest","HM_vs_rest","CNA_driver",NA,NA,NA,NA,13,8,3,NA,NA
"PRAD","BRAF","per_event_HM_vs_rest","HM_vs_rest","CI_M",NA,NA,NA,NA,13,8,3,NA,NA
"PRAD","BRAF","per_event_HM_vs_rest","HM_vs_rest","M",NA,NA,NA,NA,13,8,3,NA,NA
"PRAD","BRAF","per_event_HM_vs_rest","HM_vs_rest","WT",NA,NA,NA,NA,13,8,3,NA,NA
"PRAD","BRAF","per_event_pairwise","HM_vs_Classic","CNA_driver",NA,NA,NA,NA,13,8,3,NA,NA
"PRAD","BRAF","per_event_pairwise","HM_vs_Classic","CI_M",NA,NA,NA,NA,13,8,3,NA,NA
"PRAD","BRAF","per_event_pairwise","HM_vs_Classic","M",NA,NA,NA,NA,13,8,3,NA,NA
"PRAD","BRAF","per_event_pairwise","HM_vs_Classic","WT",NA,NA,NA,NA,13,8,3,NA,NA
"PRAD","BRAF","per_event_pairwise","HM_vs_WGD","CNA_driver",NA,NA,NA,NA,13,8,3,NA,NA
"PRAD","BRAF","per_event_pairwise","HM_vs_WGD","CI_M",NA,NA,NA,NA,13,8,3,NA,NA
"PRAD","BRAF","per_event_pairwise","HM_vs_WGD","M",NA,NA,NA,NA,13,8,3,NA,NA
"PRAD","BRAF","per_event_pairwise","HM_vs_WGD","WT",NA,NA,NA,NA,13,8,3,NA,NA
"PRAD","BRAF","per_event_pairwise","WGD_vs_Classic","CNA_driver",NA,NA,NA,NA,13,8,3,NA,NA
"PRAD","BRAF","per_event_pairwise","WGD_vs_Classic","CI_M",NA,NA,NA,NA,13,8,3,NA,NA
"PRAD","BRAF","per_event_pairwise","WGD_vs_Classic","M",NA,NA,NA,NA,13,8,3,NA,NA
"PRAD","BRAF","per_event_pairwise","WGD_vs_Classic","WT",NA,NA,NA,NA,13,8,3,NA,NA
"PRAD","BRCA2","per_event_HM_vs_rest","HM_vs_rest","CNA_driver",NA,NA,NA,NA,4,7,1,NA,NA
"PRAD","BRCA2","per_event_HM_vs_rest","HM_vs_rest","CI_M",NA,NA,NA,NA,4,7,1,NA,NA
"PRAD","BRCA2","per_event_HM_vs_rest","HM_vs_rest","M",NA,NA,NA,NA,4,7,1,NA,NA
"PRAD","BRCA2","per_event_HM_vs_rest","HM_vs_rest","WT",NA,NA,NA,NA,4,7,1,NA,NA
"PRAD","BRCA2","per_event_pairwise","HM_vs_WGD","CNA_driver",NA,NA,NA,NA,4,7,1,NA,NA
"PRAD","BRCA2","per_event_pairwise","HM_vs_WGD","CI_M",NA,NA,NA,NA,4,7,1,NA,NA
"PRAD","BRCA2","per_event_pairwise","HM_vs_WGD","M",NA,NA,NA,NA,4,7,1,NA,NA
"PRAD","BRCA2","per_event_pairwise","HM_vs_WGD","WT",NA,NA,NA,NA,4,7,1,NA,NA
"PRAD","CAMTA1","per_event_HM_vs_rest","HM_vs_rest","CNA_driver",NA,NA,NA,NA,21,4,0,NA,NA
"PRAD","CAMTA1","per_event_HM_vs_rest","HM_vs_rest","CI_M",NA,NA,NA,NA,21,4,0,NA,NA
"PRAD","CAMTA1","per_event_HM_vs_rest","HM_vs_rest","M",NA,NA,NA,NA,21,4,0,NA,NA
"PRAD","CAMTA1","per_event_HM_vs_rest","HM_vs_rest","WT",NA,NA,NA,NA,21,4,0,NA,NA
"PRAD","CAMTA1","per_event_pairwise","HM_vs_WGD","CNA_driver",NA,NA,NA,NA,21,4,0,NA,NA
"PRAD","CAMTA1","per_event_pairwise","HM_vs_WGD","CI_M",NA,NA,NA,NA,21,4,0,NA,NA
"PRAD","CAMTA1","per_event_pairwise","HM_vs_WGD","M",NA,NA,NA,NA,21,4,0,NA,NA
"PRAD","CAMTA1","per_event_pairwise","HM_vs_WGD","WT",NA,NA,NA,NA,21,4,0,NA,NA
"PRAD","CASZ1","per_event_HM_vs_rest","HM_vs_rest","CNA_driver",NA,NA,NA,NA,18,4,0,NA,NA
"PRAD","CASZ1","per_event_HM_vs_rest","HM_vs_rest","CI_M",NA,NA,NA,NA,18,4,0,NA,NA
"PRAD","CASZ1","per_event_HM_vs_rest","HM_vs_rest","M",NA,NA,NA,NA,18,4,0,NA,NA
"PRAD","CASZ1","per_event_HM_vs_rest","HM_vs_rest","WT",NA,NA,NA,NA,18,4,0,NA,NA
"PRAD","CASZ1","per_event_pairwise","HM_vs_WGD","CNA_driver",NA,NA,NA,NA,18,4,0,NA,NA
"PRAD","CASZ1","per_event_pairwise","HM_vs_WGD","CI_M",NA,NA,NA,NA,18,4,0,NA,NA
"PRAD","CASZ1","per_event_pairwise","HM_vs_WGD","M",NA,NA,NA,NA,18,4,0,NA,NA
"PRAD","CASZ1","per_event_pairwise","HM_vs_WGD","WT",NA,NA,NA,NA,18,4,0,NA,NA
"PRAD","CDKN1B","global","Classic_vs_HM_vs_WGD",NA,0.00499750124937531,NA,NA,NA,16,3,3,0.0149925037481259,0.0159713957454263
"PRAD","CDKN1B","pairwise_all_events","HM_vs_Classic",NA,1,NA,NA,NA,16,3,3,1,1
"PRAD","CDKN1B","pairwise_all_events","HM_vs_WGD",NA,0.0970072239422084,NA,NA,NA,16,3,3,0.230392156862745,0.237226756731401
"PRAD","CDKN1B","pairwise_all_events","WGD_vs_Classic",NA,0.0103199174406605,NA,NA,NA,16,3,3,0.065359477124183,0.0462676298589611
"PRAD","CDKN1B","per_event_HM_vs_rest","HM_vs_rest","CNA_driver",0.227272727272727,5.10787620102927,0.221547334140405,352.331273701227,16,3,3,1,1
"PRAD","CDKN1B","per_event_HM_vs_rest","HM_vs_rest","CI_M",NA,NA,NA,NA,16,3,3,NA,NA
"PRAD","CDKN1B","per_event_HM_vs_rest","HM_vs_rest","M",NA,NA,NA,NA,16,3,3,NA,NA
"PRAD","CDKN1B","per_event_HM_vs_rest","HM_vs_rest","WT",0.227272727272727,0.195776083961959,0.00283823797273243,4.51370811515272,16,3,3,1,1
"PRAD","CDKN1B","per_event_pairwise","HM_vs_Classic","CNA_driver",1,0,0,39.0005499686929,16,3,3,1,1
"PRAD","CDKN1B","per_event_pairwise","HM_vs_Classic","CI_M",NA,NA,NA,NA,16,3,3,NA,NA
"PRAD","CDKN1B","per_event_pairwise","HM_vs_Classic","M",NA,NA,NA,NA,16,3,3,NA,NA
"PRAD","CDKN1B","per_event_pairwise","HM_vs_Classic","WT",1,Inf,0.0256406640625,Inf,16,3,3,1,1
"PRAD","CDKN1B","per_event_pairwise","HM_vs_WGD","CNA_driver",0.0970072239422085,11.1941170885312,0.420244354242648,874.701750078576,16,3,3,0.291021671826625,0.271399868075344
"PRAD","CDKN1B","per_event_pairwise","HM_vs_WGD","CI_M",NA,NA,NA,NA,16,3,3,NA,NA
"PRAD","CDKN1B","per_event_pairwise","HM_vs_WGD","M",NA,NA,NA,NA,16,3,3,NA,NA
"PRAD","CDKN1B","per_event_pairwise","HM_vs_WGD","WT",0.0970072239422085,0.0893326371424626,0.00114324682660138,2.37956795827078,16,3,3,0.291021671826625,0.271399868075344
"PRAD","CDKN1B","per_event_pairwise","WGD_vs_Classic","CNA_driver",0.0103199174406605,0,0,0.655668026174661,16,3,3,0.0722394220846234,0.0569405971068021
"PRAD","CDKN1B","per_event_pairwise","WGD_vs_Classic","CI_M",NA,NA,NA,NA,16,3,3,NA,NA
"PRAD","CDKN1B","per_event_pairwise","WGD_vs_Classic","M",NA,NA,NA,NA,16,3,3,NA,NA
"PRAD","CDKN1B","per_event_pairwise","WGD_vs_Classic","WT",0.0103199174406605,Inf,1.52516206384847,Inf,16,3,3,0.0722394220846234,0.0569405971068021
"PRAD","CSMD3","per_event_HM_vs_rest","HM_vs_rest","CNA_driver",NA,NA,NA,NA,10,8,6,NA,NA
"PRAD","CSMD3","per_event_HM_vs_rest","HM_vs_rest","CI_M",NA,NA,NA,NA,10,8,6,NA,NA
"PRAD","CSMD3","per_event_HM_vs_rest","HM_vs_rest","M",NA,NA,NA,NA,10,8,6,NA,NA
"PRAD","CSMD3","per_event_HM_vs_rest","HM_vs_rest","WT",NA,NA,NA,NA,10,8,6,NA,NA
"PRAD","CSMD3","per_event_pairwise","HM_vs_Classic","CNA_driver",NA,NA,NA,NA,10,8,6,NA,NA
"PRAD","CSMD3","per_event_pairwise","HM_vs_Classic","CI_M",NA,NA,NA,NA,10,8,6,NA,NA
"PRAD","CSMD3","per_event_pairwise","HM_vs_Classic","M",NA,NA,NA,NA,10,8,6,NA,NA
"PRAD","CSMD3","per_event_pairwise","HM_vs_Classic","WT",NA,NA,NA,NA,10,8,6,NA,NA
"PRAD","CSMD3","per_event_pairwise","HM_vs_WGD","CNA_driver",NA,NA,NA,NA,10,8,6,NA,NA
"PRAD","CSMD3","per_event_pairwise","HM_vs_WGD","CI_M",NA,NA,NA,NA,10,8,6,NA,NA
"PRAD","CSMD3","per_event_pairwise","HM_vs_WGD","M",NA,NA,NA,NA,10,8,6,NA,NA
"PRAD","CSMD3","per_event_pairwise","HM_vs_WGD","WT",NA,NA,NA,NA,10,8,6,NA,NA
"PRAD","CSMD3","per_event_pairwise","WGD_vs_Classic","CNA_driver",NA,NA,NA,NA,10,8,6,NA,NA
"PRAD","CSMD3","per_event_pairwise","WGD_vs_Classic","CI_M",NA,NA,NA,NA,10,8,6,NA,NA
"PRAD","CSMD3","per_event_pairwise","WGD_vs_Classic","M",NA,NA,NA,NA,10,8,6,NA,NA
"PRAD","CSMD3","per_event_pairwise","WGD_vs_Classic","WT",NA,NA,NA,NA,10,8,6,NA,NA
"PRAD","CTNNB1","global","Classic_vs_HM_vs_WGD",NA,0.314842578710645,NA,NA,NA,20,5,5,0.354197901049475,0.429961230838325
"PRAD","CTNNB1","pairwise_all_events","HM_vs_Classic",NA,1,NA,NA,NA,20,5,5,1,1
"PRAD","CTNNB1","pairwise_all_events","WGD_vs_Classic",NA,0.2,NA,NA,NA,20,5,5,0.345454545454545,0.389932157592246
"PRAD","CTNNB1","per_event_HM_vs_rest","HM_vs_rest","CNA_driver",NA,NA,NA,NA,20,5,5,NA,NA
"PRAD","CTNNB1","per_event_HM_vs_rest","HM_vs_rest","CI_M",NA,NA,NA,NA,20,5,5,NA,NA
"PRAD","CTNNB1","per_event_HM_vs_rest","HM_vs_rest","M",1,0,0,194.410692588092,20,5,5,1,1
"PRAD","CTNNB1","per_event_HM_vs_rest","HM_vs_rest","WT",1,Inf,0.00514375000000001,Inf,20,5,5,1,1
"PRAD","CTNNB1","per_event_pairwise","HM_vs_Classic","CNA_driver",NA,NA,NA,NA,20,5,5,NA,NA
"PRAD","CTNNB1","per_event_pairwise","HM_vs_Classic","CI_M",NA,NA,NA,NA,20,5,5,NA,NA
"PRAD","CTNNB1","per_event_pairwise","HM_vs_Classic","M",1,0,0,39.0005499686929,20,5,5,1,1
"PRAD","CTNNB1","per_event_pairwise","HM_vs_Classic","WT",1,Inf,0.0256406640625,Inf,20,5,5,1,1
"PRAD","CTNNB1","per_event_pairwise","HM_vs_WGD","CNA_driver",NA,NA,NA,NA,20,5,5,NA,NA
"PRAD","CTNNB1","per_event_pairwise","HM_vs_WGD","CI_M",NA,NA,NA,NA,20,5,5,NA,NA
"PRAD","CTNNB1","per_event_pairwise","HM_vs_WGD","M",NA,NA,NA,NA,20,5,5,NA,NA
"PRAD","CTNNB1","per_event_pairwise","HM_vs_WGD","WT",NA,NA,NA,NA,20,5,5,NA,NA
"PRAD","CTNNB1","per_event_pairwise","WGD_vs_Classic","CNA_driver",NA,NA,NA,NA,20,5,5,NA,NA
"PRAD","CTNNB1","per_event_pairwise","WGD_vs_Classic","CI_M",NA,NA,NA,NA,20,5,5,NA,NA
"PRAD","CTNNB1","per_event_pairwise","WGD_vs_Classic","M",0.2,0,0,9.75000728989192,20,5,5,0.381818181818182,0.427164685908319
"PRAD","CTNNB1","per_event_pairwise","WGD_vs_Classic","WT",0.2,Inf,0.102564025878906,Inf,20,5,5,0.381818181818182,0.427164685908319
"PRAD","DCC","per_event_HM_vs_rest","HM_vs_rest","CNA_driver",NA,NA,NA,NA,12,4,0,NA,NA
"PRAD","DCC","per_event_HM_vs_rest","HM_vs_rest","CI_M",NA,NA,NA,NA,12,4,0,NA,NA
"PRAD","DCC","per_event_HM_vs_rest","HM_vs_rest","M",NA,NA,NA,NA,12,4,0,NA,NA
"PRAD","DCC","per_event_HM_vs_rest","HM_vs_rest","WT",NA,NA,NA,NA,12,4,0,NA,NA
"PRAD","DCC","per_event_pairwise","HM_vs_WGD","CNA_driver",NA,NA,NA,NA,12,4,0,NA,NA
"PRAD","DCC","per_event_pairwise","HM_vs_WGD","CI_M",NA,NA,NA,NA,12,4,0,NA,NA
"PRAD","DCC","per_event_pairwise","HM_vs_WGD","M",NA,NA,NA,NA,12,4,0,NA,NA
"PRAD","DCC","per_event_pairwise","HM_vs_WGD","WT",NA,NA,NA,NA,12,4,0,NA,NA
"PRAD","ERBB4","per_event_HM_vs_rest","HM_vs_rest","CNA_driver",NA,NA,NA,NA,11,3,0,NA,NA
"PRAD","ERBB4","per_event_HM_vs_rest","HM_vs_rest","CI_M",NA,NA,NA,NA,11,3,0,NA,NA
"PRAD","ERBB4","per_event_HM_vs_rest","HM_vs_rest","M",NA,NA,NA,NA,11,3,0,NA,NA
"PRAD","ERBB4","per_event_HM_vs_rest","HM_vs_rest","WT",NA,NA,NA,NA,11,3,0,NA,NA
"PRAD","ERBB4","per_event_pairwise","HM_vs_WGD","CNA_driver",NA,NA,NA,NA,11,3,0,NA,NA
"PRAD","ERBB4","per_event_pairwise","HM_vs_WGD","CI_M",NA,NA,NA,NA,11,3,0,NA,NA
"PRAD","ERBB4","per_event_pairwise","HM_vs_WGD","M",NA,NA,NA,NA,11,3,0,NA,NA
"PRAD","ERBB4","per_event_pairwise","HM_vs_WGD","WT",NA,NA,NA,NA,11,3,0,NA,NA
"PRAD","FAM174B","per_event_HM_vs_rest","HM_vs_rest","CNA_driver",NA,NA,NA,NA,21,4,1,NA,NA
"PRAD","FAM174B","per_event_HM_vs_rest","HM_vs_rest","CI_M",NA,NA,NA,NA,21,4,1,NA,NA
"PRAD","FAM174B","per_event_HM_vs_rest","HM_vs_rest","M",NA,NA,NA,NA,21,4,1,NA,NA
"PRAD","FAM174B","per_event_HM_vs_rest","HM_vs_rest","WT",NA,NA,NA,NA,21,4,1,NA,NA
"PRAD","FAM174B","per_event_pairwise","HM_vs_WGD","CNA_driver",NA,NA,NA,NA,21,4,1,NA,NA
"PRAD","FAM174B","per_event_pairwise","HM_vs_WGD","CI_M",NA,NA,NA,NA,21,4,1,NA,NA
"PRAD","FAM174B","per_event_pairwise","HM_vs_WGD","M",NA,NA,NA,NA,21,4,1,NA,NA
"PRAD","FAM174B","per_event_pairwise","HM_vs_WGD","WT",NA,NA,NA,NA,21,4,1,NA,NA
"PRAD","FAT3","per_event_HM_vs_rest","HM_vs_rest","CNA_driver",NA,NA,NA,NA,9,5,0,NA,NA
"PRAD","FAT3","per_event_HM_vs_rest","HM_vs_rest","CI_M",NA,NA,NA,NA,9,5,0,NA,NA
"PRAD","FAT3","per_event_HM_vs_rest","HM_vs_rest","M",NA,NA,NA,NA,9,5,0,NA,NA
"PRAD","FAT3","per_event_HM_vs_rest","HM_vs_rest","WT",NA,NA,NA,NA,9,5,0,NA,NA
"PRAD","FAT3","per_event_pairwise","HM_vs_WGD","CNA_driver",NA,NA,NA,NA,9,5,0,NA,NA
"PRAD","FAT3","per_event_pairwise","HM_vs_WGD","CI_M",NA,NA,NA,NA,9,5,0,NA,NA
"PRAD","FAT3","per_event_pairwise","HM_vs_WGD","M",NA,NA,NA,NA,9,5,0,NA,NA
"PRAD","FAT3","per_event_pairwise","HM_vs_WGD","WT",NA,NA,NA,NA,9,5,0,NA,NA
"PRAD","FAT4","per_event_HM_vs_rest","HM_vs_rest","CNA_driver",NA,NA,NA,NA,6,7,0,NA,NA
"PRAD","FAT4","per_event_HM_vs_rest","HM_vs_rest","CI_M",NA,NA,NA,NA,6,7,0,NA,NA
"PRAD","FAT4","per_event_HM_vs_rest","HM_vs_rest","M",NA,NA,NA,NA,6,7,0,NA,NA
"PRAD","FAT4","per_event_HM_vs_rest","HM_vs_rest","WT",NA,NA,NA,NA,6,7,0,NA,NA
"PRAD","FAT4","per_event_pairwise","HM_vs_WGD","CNA_driver",NA,NA,NA,NA,6,7,0,NA,NA
"PRAD","FAT4","per_event_pairwise","HM_vs_WGD","CI_M",NA,NA,NA,NA,6,7,0,NA,NA
"PRAD","FAT4","per_event_pairwise","HM_vs_WGD","M",NA,NA,NA,NA,6,7,0,NA,NA
"PRAD","FAT4","per_event_pairwise","HM_vs_WGD","WT",NA,NA,NA,NA,6,7,0,NA,NA
"PRAD","FBLN2","per_event_HM_vs_rest","HM_vs_rest","CNA_driver",NA,NA,NA,NA,21,7,3,NA,NA
"PRAD","FBLN2","per_event_HM_vs_rest","HM_vs_rest","CI_M",NA,NA,NA,NA,21,7,3,NA,NA
"PRAD","FBLN2","per_event_HM_vs_rest","HM_vs_rest","M",NA,NA,NA,NA,21,7,3,NA,NA
"PRAD","FBLN2","per_event_HM_vs_rest","HM_vs_rest","WT",NA,NA,NA,NA,21,7,3,NA,NA
"PRAD","FBLN2","per_event_pairwise","HM_vs_Classic","CNA_driver",NA,NA,NA,NA,21,7,3,NA,NA
"PRAD","FBLN2","per_event_pairwise","HM_vs_Classic","CI_M",NA,NA,NA,NA,21,7,3,NA,NA
"PRAD","FBLN2","per_event_pairwise","HM_vs_Classic","M",NA,NA,NA,NA,21,7,3,NA,NA
"PRAD","FBLN2","per_event_pairwise","HM_vs_Classic","WT",NA,NA,NA,NA,21,7,3,NA,NA
"PRAD","FBLN2","per_event_pairwise","HM_vs_WGD","CNA_driver",NA,NA,NA,NA,21,7,3,NA,NA
"PRAD","FBLN2","per_event_pairwise","HM_vs_WGD","CI_M",NA,NA,NA,NA,21,7,3,NA,NA
"PRAD","FBLN2","per_event_pairwise","HM_vs_WGD","M",NA,NA,NA,NA,21,7,3,NA,NA
"PRAD","FBLN2","per_event_pairwise","HM_vs_WGD","WT",NA,NA,NA,NA,21,7,3,NA,NA
"PRAD","FBLN2","per_event_pairwise","WGD_vs_Classic","CNA_driver",NA,NA,NA,NA,21,7,3,NA,NA
"PRAD","FBLN2","per_event_pairwise","WGD_vs_Classic","CI_M",NA,NA,NA,NA,21,7,3,NA,NA
"PRAD","FBLN2","per_event_pairwise","WGD_vs_Classic","M",NA,NA,NA,NA,21,7,3,NA,NA
"PRAD","FBLN2","per_event_pairwise","WGD_vs_Classic","WT",NA,NA,NA,NA,21,7,3,NA,NA
"PRAD","FOXA1","global","Classic_vs_HM_vs_WGD",NA,0.0329835082458771,NA,NA,NA,20,6,4,0.0593703148425787,0.0774612693653173
"PRAD","FOXA1","pairwise_all_events","HM_vs_Classic",NA,0.19047619047619,NA,NA,NA,20,6,4,0.345454545454545,0.382373845060412
"PRAD","FOXA1","pairwise_all_events","HM_vs_WGD",NA,1,NA,NA,NA,20,6,4,1,1
"PRAD","FOXA1","pairwise_all_events","WGD_vs_Classic",NA,0.0183512140033879,NA,NA,NA,20,6,4,0.0697346132128741,0.0705210938130193
"PRAD","FOXA1","per_event_HM_vs_rest","HM_vs_rest","CNA_driver",NA,NA,NA,NA,20,6,4,NA,NA
"PRAD","FOXA1","per_event_HM_vs_rest","HM_vs_rest","CI_M",NA,NA,NA,NA,20,6,4,NA,NA
"PRAD","FOXA1","per_event_HM_vs_rest","HM_vs_rest","M",1,0.76665262262448,0.0134251995810615,9.69812116976611,20,6,4,1,1
"PRAD","FOXA1","per_event_HM_vs_rest","HM_vs_rest","WT",1,1.30437171998017,0.103112755810631,74.4867883685444,20,6,4,1,1
"PRAD","FOXA1","per_event_pairwise","HM_vs_Classic","CNA_driver",NA,NA,NA,NA,20,6,4,NA,NA
"PRAD","FOXA1","per_event_pairwise","HM_vs_Classic","CI_M",NA,NA,NA,NA,20,6,4,NA,NA
"PRAD","FOXA1","per_event_pairwise","HM_vs_Classic","M",0.19047619047619,0.0971448256393167,0.00107498340144547,2.48997802152767,20,6,4,0.381818181818182,0.416728778467909
"PRAD","FOXA1","per_event_pairwise","HM_vs_Classic","WT",0.19047619047619,10.2939090519637,0.401609970591817,930.246921631869,20,6,4,0.381818181818182,0.416728778467909
"PRAD","FOXA1","per_event_pairwise","HM_vs_WGD","CNA_driver",NA,NA,NA,NA,20,6,4,NA,NA
"PRAD","FOXA1","per_event_pairwise","HM_vs_WGD","CI_M",NA,NA,NA,NA,20,6,4,NA,NA
"PRAD","FOXA1","per_event_pairwise","HM_vs_WGD","M",1,1.75480206759899,0.0254699203922996,40.8078837298618,20,6,4,1,1
"PRAD","FOXA1","per_event_pairwise","HM_vs_WGD","WT",1,0.569864840294068,0.0245050688396328,39.2619994329598,20,6,4,1,1
"PRAD","FOXA1","per_event_pairwise","WGD_vs_Classic","CNA_driver",NA,NA,NA,NA,20,6,4,NA,NA
"PRAD","FOXA1","per_event_pairwise","WGD_vs_Classic","CI_M",NA,NA,NA,NA,20,6,4,NA,NA
"PRAD","FOXA1","per_event_pairwise","WGD_vs_Classic","M",0.0183512140033879,0.0476887899808747,0.000679984429342635,0.866195624462447,20,6,4,0.0963438735177866,0.0867888241212857
"PRAD","FOXA1","per_event_pairwise","WGD_vs_Classic","WT",0.0183512140033879,20.9692885980341,1.15447362207653,1470.62190963218,20,6,4,0.0963438735177866,0.0867888241212857
"PRAD","HRAS","per_event_HM_vs_rest","HM_vs_rest","CNA_driver",NA,NA,NA,NA,13,6,0,NA,NA
"PRAD","HRAS","per_event_HM_vs_rest","HM_vs_rest","CI_M",NA,NA,NA,NA,13,6,0,NA,NA
"PRAD","HRAS","per_event_HM_vs_rest","HM_vs_rest","M",NA,NA,NA,NA,13,6,0,NA,NA
"PRAD","HRAS","per_event_HM_vs_rest","HM_vs_rest","WT",NA,NA,NA,NA,13,6,0,NA,NA
"PRAD","HRAS","per_event_pairwise","HM_vs_WGD","CNA_driver",NA,NA,NA,NA,13,6,0,NA,NA
"PRAD","HRAS","per_event_pairwise","HM_vs_WGD","CI_M",NA,NA,NA,NA,13,6,0,NA,NA
"PRAD","HRAS","per_event_pairwise","HM_vs_WGD","M",NA,NA,NA,NA,13,6,0,NA,NA
"PRAD","HRAS","per_event_pairwise","HM_vs_WGD","WT",NA,NA,NA,NA,13,6,0,NA,NA
"PRAD","KAT6B","per_event_HM_vs_rest","HM_vs_rest","CNA_driver",NA,NA,NA,NA,12,7,0,NA,NA
"PRAD","KAT6B","per_event_HM_vs_rest","HM_vs_rest","CI_M",NA,NA,NA,NA,12,7,0,NA,NA
"PRAD","KAT6B","per_event_HM_vs_rest","HM_vs_rest","M",NA,NA,NA,NA,12,7,0,NA,NA
"PRAD","KAT6B","per_event_HM_vs_rest","HM_vs_rest","WT",NA,NA,NA,NA,12,7,0,NA,NA
"PRAD","KAT6B","per_event_pairwise","HM_vs_WGD","CNA_driver",NA,NA,NA,NA,12,7,0,NA,NA
"PRAD","KAT6B","per_event_pairwise","HM_vs_WGD","CI_M",NA,NA,NA,NA,12,7,0,NA,NA
"PRAD","KAT6B","per_event_pairwise","HM_vs_WGD","M",NA,NA,NA,NA,12,7,0,NA,NA
"PRAD","KAT6B","per_event_pairwise","HM_vs_WGD","WT",NA,NA,NA,NA,12,7,0,NA,NA
"PRAD","KIF2A","per_event_HM_vs_rest","HM_vs_rest","CNA_driver",NA,NA,NA,NA,10,4,0,NA,NA
"PRAD","KIF2A","per_event_HM_vs_rest","HM_vs_rest","CI_M",NA,NA,NA,NA,10,4,0,NA,NA
"PRAD","KIF2A","per_event_HM_vs_rest","HM_vs_rest","M",NA,NA,NA,NA,10,4,0,NA,NA
"PRAD","KIF2A","per_event_HM_vs_rest","HM_vs_rest","WT",NA,NA,NA,NA,10,4,0,NA,NA
"PRAD","KIF2A","per_event_pairwise","HM_vs_WGD","CNA_driver",NA,NA,NA,NA,10,4,0,NA,NA
"PRAD","KIF2A","per_event_pairwise","HM_vs_WGD","CI_M",NA,NA,NA,NA,10,4,0,NA,NA
"PRAD","KIF2A","per_event_pairwise","HM_vs_WGD","M",NA,NA,NA,NA,10,4,0,NA,NA
"PRAD","KIF2A","per_event_pairwise","HM_vs_WGD","WT",NA,NA,NA,NA,10,4,0,NA,NA
"PRAD","KMT2A","per_event_HM_vs_rest","HM_vs_rest","CNA_driver",NA,NA,NA,NA,9,8,0,NA,NA
"PRAD","KMT2A","per_event_HM_vs_rest","HM_vs_rest","CI_M",NA,NA,NA,NA,9,8,0,NA,NA
"PRAD","KMT2A","per_event_HM_vs_rest","HM_vs_rest","M",NA,NA,NA,NA,9,8,0,NA,NA
"PRAD","KMT2A","per_event_HM_vs_rest","HM_vs_rest","WT",NA,NA,NA,NA,9,8,0,NA,NA
"PRAD","KMT2A","per_event_pairwise","HM_vs_WGD","CNA_driver",NA,NA,NA,NA,9,8,0,NA,NA
"PRAD","KMT2A","per_event_pairwise","HM_vs_WGD","CI_M",NA,NA,NA,NA,9,8,0,NA,NA
"PRAD","KMT2A","per_event_pairwise","HM_vs_WGD","M",NA,NA,NA,NA,9,8,0,NA,NA
"PRAD","KMT2A","per_event_pairwise","HM_vs_WGD","WT",NA,NA,NA,NA,9,8,0,NA,NA
"PRAD","KMT2C","global","Classic_vs_HM_vs_WGD",NA,0.12343828085957,NA,NA,NA,10,9,3,0.158706361105162,0.210252016848718
"PRAD","KMT2C","pairwise_all_events","HM_vs_Classic",NA,0.25,NA,NA,NA,10,9,3,0.365384615384615,0.438110749185668
"PRAD","KMT2C","pairwise_all_events","WGD_vs_Classic",NA,0.230769230769231,NA,NA,NA,10,9,3,0.365384615384615,0.422291993720565
"PRAD","KMT2C","per_event_HM_vs_rest","HM_vs_rest","CNA_driver",NA,NA,NA,NA,10,9,3,NA,NA
"PRAD","KMT2C","per_event_HM_vs_rest","HM_vs_rest","CI_M",NA,NA,NA,NA,10,9,3,NA,NA
"PRAD","KMT2C","per_event_HM_vs_rest","HM_vs_rest","M",1,0,0,56.2846705452577,10,9,3,1,1
"PRAD","KMT2C","per_event_HM_vs_rest","HM_vs_rest","WT",1,Inf,0.0177668269230769,Inf,10,9,3,1,1
"PRAD","KMT2C","per_event_pairwise","HM_vs_Classic","CNA_driver",NA,NA,NA,NA,10,9,3,NA,NA
"PRAD","KMT2C","per_event_pairwise","HM_vs_Classic","CI_M",NA,NA,NA,NA,10,9,3,NA,NA
"PRAD","KMT2C","per_event_pairwise","HM_vs_Classic","M",0.25,0,0,13.0000182812757,10,9,3,0.403846153846154,0.47869101978691
"PRAD","KMT2C","per_event_pairwise","HM_vs_Classic","WT",0.25,Inf,0.0769229687500002,Inf,10,9,3,0.403846153846154,0.47869101978691
"PRAD","KMT2C","per_event_pairwise","HM_vs_WGD","CNA_driver",NA,NA,NA,NA,10,9,3,NA,NA
"PRAD","KMT2C","per_event_pairwise","HM_vs_WGD","CI_M",NA,NA,NA,NA,10,9,3,NA,NA
"PRAD","KMT2C","per_event_pairwise","HM_vs_WGD","M",NA,NA,NA,NA,10,9,3,NA,NA
"PRAD","KMT2C","per_event_pairwise","HM_vs_WGD","WT",NA,NA,NA,NA,10,9,3,NA,NA
"PRAD","KMT2C","per_event_pairwise","WGD_vs_Classic","CNA_driver",NA,NA,NA,NA,10,9,3,NA,NA
"PRAD","KMT2C","per_event_pairwise","WGD_vs_Classic","CI_M",NA,NA,NA,NA,10,9,3,NA,NA
"PRAD","KMT2C","per_event_pairwise","WGD_vs_Classic","M",0.230769230769231,0,0,11.7000130813916,10,9,3,0.403846153846154,0.461036054703688
"PRAD","KMT2C","per_event_pairwise","WGD_vs_Classic","WT",0.230769230769231,Inf,0.0854699899088542,Inf,10,9,3,0.403846153846154,0.461036054703688
"PRAD","LRP1B","per_event_HM_vs_rest","HM_vs_rest","CNA_driver",NA,NA,NA,NA,13,4,0,NA,NA
"PRAD","LRP1B","per_event_HM_vs_rest","HM_vs_rest","CI_M",NA,NA,NA,NA,13,4,0,NA,NA
"PRAD","LRP1B","per_event_HM_vs_rest","HM_vs_rest","M",NA,NA,NA,NA,13,4,0,NA,NA
"PRAD","LRP1B","per_event_HM_vs_rest","HM_vs_rest","WT",NA,NA,NA,NA,13,4,0,NA,NA
"PRAD","LRP1B","per_event_pairwise","HM_vs_WGD","CNA_driver",NA,NA,NA,NA,13,4,0,NA,NA
"PRAD","LRP1B","per_event_pairwise","HM_vs_WGD","CI_M",NA,NA,NA,NA,13,4,0,NA,NA
"PRAD","LRP1B","per_event_pairwise","HM_vs_WGD","M",NA,NA,NA,NA,13,4,0,NA,NA
"PRAD","LRP1B","per_event_pairwise","HM_vs_WGD","WT",NA,NA,NA,NA,13,4,0,NA,NA
"PRAD","MECOM","per_event_HM_vs_rest","HM_vs_rest","CNA_driver",NA,NA,NA,NA,20,5,3,NA,NA
"PRAD","MECOM","per_event_HM_vs_rest","HM_vs_rest","CI_M",NA,NA,NA,NA,20,5,3,NA,NA
"PRAD","MECOM","per_event_HM_vs_rest","HM_vs_rest","M",NA,NA,NA,NA,20,5,3,NA,NA
"PRAD","MECOM","per_event_HM_vs_rest","HM_vs_rest","WT",NA,NA,NA,NA,20,5,3,NA,NA
"PRAD","MECOM","per_event_pairwise","HM_vs_Classic","CNA_driver",NA,NA,NA,NA,20,5,3,NA,NA
"PRAD","MECOM","per_event_pairwise","HM_vs_Classic","CI_M",NA,NA,NA,NA,20,5,3,NA,NA
"PRAD","MECOM","per_event_pairwise","HM_vs_Classic","M",NA,NA,NA,NA,20,5,3,NA,NA
"PRAD","MECOM","per_event_pairwise","HM_vs_Classic","WT",NA,NA,NA,NA,20,5,3,NA,NA
"PRAD","MECOM","per_event_pairwise","HM_vs_WGD","CNA_driver",NA,NA,NA,NA,20,5,3,NA,NA
"PRAD","MECOM","per_event_pairwise","HM_vs_WGD","CI_M",NA,NA,NA,NA,20,5,3,NA,NA
"PRAD","MECOM","per_event_pairwise","HM_vs_WGD","M",NA,NA,NA,NA,20,5,3,NA,NA
"PRAD","MECOM","per_event_pairwise","HM_vs_WGD","WT",NA,NA,NA,NA,20,5,3,NA,NA
"PRAD","MECOM","per_event_pairwise","WGD_vs_Classic","CNA_driver",NA,NA,NA,NA,20,5,3,NA,NA
"PRAD","MECOM","per_event_pairwise","WGD_vs_Classic","CI_M",NA,NA,NA,NA,20,5,3,NA,NA
"PRAD","MECOM","per_event_pairwise","WGD_vs_Classic","M",NA,NA,NA,NA,20,5,3,NA,NA
"PRAD","MECOM","per_event_pairwise","WGD_vs_Classic","WT",NA,NA,NA,NA,20,5,3,NA,NA
"PRAD","MYEOV","per_event_HM_vs_rest","HM_vs_rest","CNA_driver",NA,NA,NA,NA,11,8,0,NA,NA
"PRAD","MYEOV","per_event_HM_vs_rest","HM_vs_rest","CI_M",NA,NA,NA,NA,11,8,0,NA,NA
"PRAD","MYEOV","per_event_HM_vs_rest","HM_vs_rest","M",NA,NA,NA,NA,11,8,0,NA,NA
"PRAD","MYEOV","per_event_HM_vs_rest","HM_vs_rest","WT",NA,NA,NA,NA,11,8,0,NA,NA
"PRAD","MYEOV","per_event_pairwise","HM_vs_WGD","CNA_driver",NA,NA,NA,NA,11,8,0,NA,NA
"PRAD","MYEOV","per_event_pairwise","HM_vs_WGD","CI_M",NA,NA,NA,NA,11,8,0,NA,NA
"PRAD","MYEOV","per_event_pairwise","HM_vs_WGD","M",NA,NA,NA,NA,11,8,0,NA,NA
"PRAD","MYEOV","per_event_pairwise","HM_vs_WGD","WT",NA,NA,NA,NA,11,8,0,NA,NA
"PRAD","MYH11","per_event_HM_vs_rest","HM_vs_rest","CNA_driver",NA,NA,NA,NA,8,4,0,NA,NA
"PRAD","MYH11","per_event_HM_vs_rest","HM_vs_rest","CI_M",NA,NA,NA,NA,8,4,0,NA,NA
"PRAD","MYH11","per_event_HM_vs_rest","HM_vs_rest","M",NA,NA,NA,NA,8,4,0,NA,NA
"PRAD","MYH11","per_event_HM_vs_rest","HM_vs_rest","WT",NA,NA,NA,NA,8,4,0,NA,NA
"PRAD","MYH11","per_event_pairwise","HM_vs_WGD","CNA_driver",NA,NA,NA,NA,8,4,0,NA,NA
"PRAD","MYH11","per_event_pairwise","HM_vs_WGD","CI_M",NA,NA,NA,NA,8,4,0,NA,NA
"PRAD","MYH11","per_event_pairwise","HM_vs_WGD","M",NA,NA,NA,NA,8,4,0,NA,NA
"PRAD","MYH11","per_event_pairwise","HM_vs_WGD","WT",NA,NA,NA,NA,8,4,0,NA,NA
"PRAD","NCOR2","per_event_HM_vs_rest","HM_vs_rest","CNA_driver",NA,NA,NA,NA,5,14,0,NA,NA
"PRAD","NCOR2","per_event_HM_vs_rest","HM_vs_rest","CI_M",NA,NA,NA,NA,5,14,0,NA,NA
"PRAD","NCOR2","per_event_HM_vs_rest","HM_vs_rest","M",NA,NA,NA,NA,5,14,0,NA,NA
"PRAD","NCOR2","per_event_HM_vs_rest","HM_vs_rest","WT",NA,NA,NA,NA,5,14,0,NA,NA
"PRAD","NCOR2","per_event_pairwise","HM_vs_WGD","CNA_driver",NA,NA,NA,NA,5,14,0,NA,NA
"PRAD","NCOR2","per_event_pairwise","HM_vs_WGD","CI_M",NA,NA,NA,NA,5,14,0,NA,NA
"PRAD","NCOR2","per_event_pairwise","HM_vs_WGD","M",NA,NA,NA,NA,5,14,0,NA,NA
"PRAD","NCOR2","per_event_pairwise","HM_vs_WGD","WT",NA,NA,NA,NA,5,14,0,NA,NA
"PRAD","PIK3CA","per_event_HM_vs_rest","HM_vs_rest","CNA_driver",NA,NA,NA,NA,21,10,2,NA,NA
"PRAD","PIK3CA","per_event_HM_vs_rest","HM_vs_rest","CI_M",NA,NA,NA,NA,21,10,2,NA,NA
"PRAD","PIK3CA","per_event_HM_vs_rest","HM_vs_rest","M",NA,NA,NA,NA,21,10,2,NA,NA
"PRAD","PIK3CA","per_event_HM_vs_rest","HM_vs_rest","WT",NA,NA,NA,NA,21,10,2,NA,NA
"PRAD","PIK3CA","per_event_pairwise","HM_vs_WGD","CNA_driver",NA,NA,NA,NA,21,10,2,NA,NA
"PRAD","PIK3CA","per_event_pairwise","HM_vs_WGD","CI_M",NA,NA,NA,NA,21,10,2,NA,NA
"PRAD","PIK3CA","per_event_pairwise","HM_vs_WGD","M",NA,NA,NA,NA,21,10,2,NA,NA
"PRAD","PIK3CA","per_event_pairwise","HM_vs_WGD","WT",NA,NA,NA,NA,21,10,2,NA,NA
"PRAD","PIK3CB","per_event_HM_vs_rest","HM_vs_rest","CNA_driver",NA,NA,NA,NA,20,10,5,NA,NA
"PRAD","PIK3CB","per_event_HM_vs_rest","HM_vs_rest","CI_M",NA,NA,NA,NA,20,10,5,NA,NA
"PRAD","PIK3CB","per_event_HM_vs_rest","HM_vs_rest","M",NA,NA,NA,NA,20,10,5,NA,NA
"PRAD","PIK3CB","per_event_HM_vs_rest","HM_vs_rest","WT",NA,NA,NA,NA,20,10,5,NA,NA
"PRAD","PIK3CB","per_event_pairwise","HM_vs_Classic","CNA_driver",NA,NA,NA,NA,20,10,5,NA,NA
"PRAD","PIK3CB","per_event_pairwise","HM_vs_Classic","CI_M",NA,NA,NA,NA,20,10,5,NA,NA
"PRAD","PIK3CB","per_event_pairwise","HM_vs_Classic","M",NA,NA,NA,NA,20,10,5,NA,NA
"PRAD","PIK3CB","per_event_pairwise","HM_vs_Classic","WT",NA,NA,NA,NA,20,10,5,NA,NA
"PRAD","PIK3CB","per_event_pairwise","HM_vs_WGD","CNA_driver",NA,NA,NA,NA,20,10,5,NA,NA
"PRAD","PIK3CB","per_event_pairwise","HM_vs_WGD","CI_M",NA,NA,NA,NA,20,10,5,NA,NA
"PRAD","PIK3CB","per_event_pairwise","HM_vs_WGD","M",NA,NA,NA,NA,20,10,5,NA,NA
"PRAD","PIK3CB","per_event_pairwise","HM_vs_WGD","WT",NA,NA,NA,NA,20,10,5,NA,NA
"PRAD","PIK3CB","per_event_pairwise","WGD_vs_Classic","CNA_driver",NA,NA,NA,NA,20,10,5,NA,NA
"PRAD","PIK3CB","per_event_pairwise","WGD_vs_Classic","CI_M",NA,NA,NA,NA,20,10,5,NA,NA
"PRAD","PIK3CB","per_event_pairwise","WGD_vs_Classic","M",NA,NA,NA,NA,20,10,5,NA,NA
"PRAD","PIK3CB","per_event_pairwise","WGD_vs_Classic","WT",NA,NA,NA,NA,20,10,5,NA,NA
"PRAD","PREX2","per_event_HM_vs_rest","HM_vs_rest","CNA_driver",NA,NA,NA,NA,9,10,4,NA,NA
"PRAD","PREX2","per_event_HM_vs_rest","HM_vs_rest","CI_M",NA,NA,NA,NA,9,10,4,NA,NA
"PRAD","PREX2","per_event_HM_vs_rest","HM_vs_rest","M",NA,NA,NA,NA,9,10,4,NA,NA
"PRAD","PREX2","per_event_HM_vs_rest","HM_vs_rest","WT",NA,NA,NA,NA,9,10,4,NA,NA
"PRAD","PREX2","per_event_pairwise","HM_vs_Classic","CNA_driver",NA,NA,NA,NA,9,10,4,NA,NA
"PRAD","PREX2","per_event_pairwise","HM_vs_Classic","CI_M",NA,NA,NA,NA,9,10,4,NA,NA
"PRAD","PREX2","per_event_pairwise","HM_vs_Classic","M",NA,NA,NA,NA,9,10,4,NA,NA
"PRAD","PREX2","per_event_pairwise","HM_vs_Classic","WT",NA,NA,NA,NA,9,10,4,NA,NA
"PRAD","PREX2","per_event_pairwise","HM_vs_WGD","CNA_driver",NA,NA,NA,NA,9,10,4,NA,NA
"PRAD","PREX2","per_event_pairwise","HM_vs_WGD","CI_M",NA,NA,NA,NA,9,10,4,NA,NA
"PRAD","PREX2","per_event_pairwise","HM_vs_WGD","M",NA,NA,NA,NA,9,10,4,NA,NA
"PRAD","PREX2","per_event_pairwise","HM_vs_WGD","WT",NA,NA,NA,NA,9,10,4,NA,NA
"PRAD","PREX2","per_event_pairwise","WGD_vs_Classic","CNA_driver",NA,NA,NA,NA,9,10,4,NA,NA
"PRAD","PREX2","per_event_pairwise","WGD_vs_Classic","CI_M",NA,NA,NA,NA,9,10,4,NA,NA
"PRAD","PREX2","per_event_pairwise","WGD_vs_Classic","M",NA,NA,NA,NA,9,10,4,NA,NA
"PRAD","PREX2","per_event_pairwise","WGD_vs_Classic","WT",NA,NA,NA,NA,9,10,4,NA,NA
"PRAD","PRKCB","per_event_HM_vs_rest","HM_vs_rest","CNA_driver",NA,NA,NA,NA,7,4,0,NA,NA
"PRAD","PRKCB","per_event_HM_vs_rest","HM_vs_rest","CI_M",NA,NA,NA,NA,7,4,0,NA,NA
"PRAD","PRKCB","per_event_HM_vs_rest","HM_vs_rest","M",NA,NA,NA,NA,7,4,0,NA,NA
"PRAD","PRKCB","per_event_HM_vs_rest","HM_vs_rest","WT",NA,NA,NA,NA,7,4,0,NA,NA
"PRAD","PRKCB","per_event_pairwise","HM_vs_WGD","CNA_driver",NA,NA,NA,NA,7,4,0,NA,NA
"PRAD","PRKCB","per_event_pairwise","HM_vs_WGD","CI_M",NA,NA,NA,NA,7,4,0,NA,NA
"PRAD","PRKCB","per_event_pairwise","HM_vs_WGD","M",NA,NA,NA,NA,7,4,0,NA,NA
"PRAD","PRKCB","per_event_pairwise","HM_vs_WGD","WT",NA,NA,NA,NA,7,4,0,NA,NA
"PRAD","PRKD1","per_event_HM_vs_rest","HM_vs_rest","CNA_driver",NA,NA,NA,NA,20,4,2,NA,NA
"PRAD","PRKD1","per_event_HM_vs_rest","HM_vs_rest","CI_M",NA,NA,NA,NA,20,4,2,NA,NA
"PRAD","PRKD1","per_event_HM_vs_rest","HM_vs_rest","M",NA,NA,NA,NA,20,4,2,NA,NA
"PRAD","PRKD1","per_event_HM_vs_rest","HM_vs_rest","WT",NA,NA,NA,NA,20,4,2,NA,NA
"PRAD","PRKD1","per_event_pairwise","HM_vs_WGD","CNA_driver",NA,NA,NA,NA,20,4,2,NA,NA
"PRAD","PRKD1","per_event_pairwise","HM_vs_WGD","CI_M",NA,NA,NA,NA,20,4,2,NA,NA
"PRAD","PRKD1","per_event_pairwise","HM_vs_WGD","M",NA,NA,NA,NA,20,4,2,NA,NA
"PRAD","PRKD1","per_event_pairwise","HM_vs_WGD","WT",NA,NA,NA,NA,20,4,2,NA,NA
"PRAD","PTEN","global","Classic_vs_HM_vs_WGD",NA,0.0144927536231884,NA,NA,NA,9,3,5,0.0326086956521739,0.039067422810334
"PRAD","PTEN","pairwise_all_events","HM_vs_Classic",NA,0.072463768115942,NA,NA,NA,9,3,5,0.196687370600414,0.198905649216208
"PRAD","PTEN","pairwise_all_events","HM_vs_WGD",NA,0.615192403798101,NA,NA,NA,9,3,5,0.730540979510245,0.805288353390215
"PRAD","PTEN","pairwise_all_events","WGD_vs_Classic",NA,0.0144927536231884,NA,NA,NA,9,3,5,0.0688405797101449,0.0590689503732982
"PRAD","PTEN","per_event_HM_vs_rest","HM_vs_rest","CNA_driver",0.514705882352941,0,0,6.04206698622934,9,3,5,1,1
"PRAD","PTEN","per_event_HM_vs_rest","HM_vs_rest","CI_M",NA,NA,NA,NA,9,3,5,NA,NA
"PRAD","PTEN","per_event_HM_vs_rest","HM_vs_rest","M",0.464705882352941,2.767362801654,0.034009843566471,84.9784177106758,9,3,5,1,1
"PRAD","PTEN","per_event_HM_vs_rest","HM_vs_rest","WT",1,1.92189646169608,0.0815953232149604,134.451232761672,9,3,5,1,1
"PRAD","PTEN","per_event_pairwise","HM_vs_Classic","CNA_driver",0.142857142857143,0,0,1.87664409490035,9,3,5,0.333333333333333,0.352380952380953
"PRAD","PTEN","per_event_pairwise","HM_vs_Classic","CI_M",NA,NA,NA,NA,9,3,5,NA,NA
"PRAD","PTEN","per_event_pairwise","HM_vs_Classic","M",1,1.82579769222449,0.0170462593198035,195.252075912994,9,3,5,1,1
"PRAD","PTEN","per_event_pairwise","HM_vs_Classic","WT",0.107142857142857,Inf,0.36339318967488,Inf,9,3,5,0.3,0.289861751152074
"PRAD","PTEN","per_event_pairwise","HM_vs_WGD","CNA_driver",1,0,0,116.788321167883,9,3,5,1,1
"PRAD","PTEN","per_event_pairwise","HM_vs_WGD","CI_M",NA,NA,NA,NA,9,3,5,NA,NA
"PRAD","PTEN","per_event_pairwise","HM_vs_WGD","M",0.454545454545454,3.46379592074196,0.034059013622625,351.008126161158,9,3,5,0.641765704584041,0.711216644052465
"PRAD","PTEN","per_event_pairwise","HM_vs_WGD","WT",1,0.600900911163104,0.0187875097220003,50.3922750466564,9,3,5,1,1
"PRAD","PTEN","per_event_pairwise","WGD_vs_Classic","CNA_driver",0.022977022977023,0.0474559377319367,0.000577860865997664,0.962726232152019,9,3,5,0.0965034965034966,0.102278907810218
"PRAD","PTEN","per_event_pairwise","WGD_vs_Classic","CI_M",NA,NA,NA,NA,9,3,5,NA,NA
"PRAD","PTEN","per_event_pairwise","WGD_vs_Classic","M",1,0.527029945117359,0.0056818100511734,48.9716912463649,9,3,5,1,1
"PRAD","PTEN","per_event_pairwise","WGD_vs_Classic","WT",0.020979020979021,Inf,1.44948146702393,Inf,9,3,5,0.0965034965034966,0.095621769534813
"PRAD","RBFOX1","per_event_HM_vs_rest","HM_vs_rest","CNA_driver",NA,NA,NA,NA,13,4,0,NA,NA
"PRAD","RBFOX1","per_event_HM_vs_rest","HM_vs_rest","CI_M",NA,NA,NA,NA,13,4,0,NA,NA
"PRAD","RBFOX1","per_event_HM_vs_rest","HM_vs_rest","M",NA,NA,NA,NA,13,4,0,NA,NA
"PRAD","RBFOX1","per_event_HM_vs_rest","HM_vs_rest","WT",NA,NA,NA,NA,13,4,0,NA,NA
"PRAD","RBFOX1","per_event_pairwise","HM_vs_WGD","CNA_driver",NA,NA,NA,NA,13,4,0,NA,NA
"PRAD","RBFOX1","per_event_pairwise","HM_vs_WGD","CI_M",NA,NA,NA,NA,13,4,0,NA,NA
"PRAD","RBFOX1","per_event_pairwise","HM_vs_WGD","M",NA,NA,NA,NA,13,4,0,NA,NA
"PRAD","RBFOX1","per_event_pairwise","HM_vs_WGD","WT",NA,NA,NA,NA,13,4,0,NA,NA
"PRAD","RNF213","per_event_HM_vs_rest","HM_vs_rest","CNA_driver",NA,NA,NA,NA,15,3,0,NA,NA
"PRAD","RNF213","per_event_HM_vs_rest","HM_vs_rest","CI_M",NA,NA,NA,NA,15,3,0,NA,NA
"PRAD","RNF213","per_event_HM_vs_rest","HM_vs_rest","M",NA,NA,NA,NA,15,3,0,NA,NA
"PRAD","RNF213","per_event_HM_vs_rest","HM_vs_rest","WT",NA,NA,NA,NA,15,3,0,NA,NA
"PRAD","RNF213","per_event_pairwise","HM_vs_WGD","CNA_driver",NA,NA,NA,NA,15,3,0,NA,NA
"PRAD","RNF213","per_event_pairwise","HM_vs_WGD","CI_M",NA,NA,NA,NA,15,3,0,NA,NA
"PRAD","RNF213","per_event_pairwise","HM_vs_WGD","M",NA,NA,NA,NA,15,3,0,NA,NA
"PRAD","RNF213","per_event_pairwise","HM_vs_WGD","WT",NA,NA,NA,NA,15,3,0,NA,NA
"PRAD","RNF43","per_event_HM_vs_rest","HM_vs_rest","CNA_driver",NA,NA,NA,NA,17,3,0,NA,NA
"PRAD","RNF43","per_event_HM_vs_rest","HM_vs_rest","CI_M",NA,NA,NA,NA,17,3,0,NA,NA
"PRAD","RNF43","per_event_HM_vs_rest","HM_vs_rest","M",NA,NA,NA,NA,17,3,0,NA,NA
"PRAD","RNF43","per_event_HM_vs_rest","HM_vs_rest","WT",NA,NA,NA,NA,17,3,0,NA,NA
"PRAD","RNF43","per_event_pairwise","HM_vs_WGD","CNA_driver",NA,NA,NA,NA,17,3,0,NA,NA
"PRAD","RNF43","per_event_pairwise","HM_vs_WGD","CI_M",NA,NA,NA,NA,17,3,0,NA,NA
"PRAD","RNF43","per_event_pairwise","HM_vs_WGD","M",NA,NA,NA,NA,17,3,0,NA,NA
"PRAD","RNF43","per_event_pairwise","HM_vs_WGD","WT",NA,NA,NA,NA,17,3,0,NA,NA
"PRAD","ROBO2","per_event_HM_vs_rest","HM_vs_rest","CNA_driver",NA,NA,NA,NA,18,4,3,NA,NA
"PRAD","ROBO2","per_event_HM_vs_rest","HM_vs_rest","CI_M",NA,NA,NA,NA,18,4,3,NA,NA
"PRAD","ROBO2","per_event_HM_vs_rest","HM_vs_rest","M",NA,NA,NA,NA,18,4,3,NA,NA
"PRAD","ROBO2","per_event_HM_vs_rest","HM_vs_rest","WT",NA,NA,NA,NA,18,4,3,NA,NA
"PRAD","ROBO2","per_event_pairwise","HM_vs_Classic","CNA_driver",NA,NA,NA,NA,18,4,3,NA,NA
"PRAD","ROBO2","per_event_pairwise","HM_vs_Classic","CI_M",NA,NA,NA,NA,18,4,3,NA,NA
"PRAD","ROBO2","per_event_pairwise","HM_vs_Classic","M",NA,NA,NA,NA,18,4,3,NA,NA
"PRAD","ROBO2","per_event_pairwise","HM_vs_Classic","WT",NA,NA,NA,NA,18,4,3,NA,NA
"PRAD","ROBO2","per_event_pairwise","HM_vs_WGD","CNA_driver",NA,NA,NA,NA,18,4,3,NA,NA
"PRAD","ROBO2","per_event_pairwise","HM_vs_WGD","CI_M",NA,NA,NA,NA,18,4,3,NA,NA
"PRAD","ROBO2","per_event_pairwise","HM_vs_WGD","M",NA,NA,NA,NA,18,4,3,NA,NA
"PRAD","ROBO2","per_event_pairwise","HM_vs_WGD","WT",NA,NA,NA,NA,18,4,3,NA,NA
"PRAD","ROBO2","per_event_pairwise","WGD_vs_Classic","CNA_driver",NA,NA,NA,NA,18,4,3,NA,NA
"PRAD","ROBO2","per_event_pairwise","WGD_vs_Classic","CI_M",NA,NA,NA,NA,18,4,3,NA,NA
"PRAD","ROBO2","per_event_pairwise","WGD_vs_Classic","M",NA,NA,NA,NA,18,4,3,NA,NA
"PRAD","ROBO2","per_event_pairwise","WGD_vs_Classic","WT",NA,NA,NA,NA,18,4,3,NA,NA
"PRAD","RUNX1T1","per_event_HM_vs_rest","HM_vs_rest","CNA_driver",NA,NA,NA,NA,8,8,5,NA,NA
"PRAD","RUNX1T1","per_event_HM_vs_rest","HM_vs_rest","CI_M",NA,NA,NA,NA,8,8,5,NA,NA
"PRAD","RUNX1T1","per_event_HM_vs_rest","HM_vs_rest","M",NA,NA,NA,NA,8,8,5,NA,NA
"PRAD","RUNX1T1","per_event_HM_vs_rest","HM_vs_rest","WT",NA,NA,NA,NA,8,8,5,NA,NA
"PRAD","RUNX1T1","per_event_pairwise","HM_vs_Classic","CNA_driver",NA,NA,NA,NA,8,8,5,NA,NA
"PRAD","RUNX1T1","per_event_pairwise","HM_vs_Classic","CI_M",NA,NA,NA,NA,8,8,5,NA,NA
"PRAD","RUNX1T1","per_event_pairwise","HM_vs_Classic","M",NA,NA,NA,NA,8,8,5,NA,NA
"PRAD","RUNX1T1","per_event_pairwise","HM_vs_Classic","WT",NA,NA,NA,NA,8,8,5,NA,NA
"PRAD","RUNX1T1","per_event_pairwise","HM_vs_WGD","CNA_driver",NA,NA,NA,NA,8,8,5,NA,NA
"PRAD","RUNX1T1","per_event_pairwise","HM_vs_WGD","CI_M",NA,NA,NA,NA,8,8,5,NA,NA
"PRAD","RUNX1T1","per_event_pairwise","HM_vs_WGD","M",NA,NA,NA,NA,8,8,5,NA,NA
"PRAD","RUNX1T1","per_event_pairwise","HM_vs_WGD","WT",NA,NA,NA,NA,8,8,5,NA,NA
"PRAD","RUNX1T1","per_event_pairwise","WGD_vs_Classic","CNA_driver",NA,NA,NA,NA,8,8,5,NA,NA
"PRAD","RUNX1T1","per_event_pairwise","WGD_vs_Classic","CI_M",NA,NA,NA,NA,8,8,5,NA,NA
"PRAD","RUNX1T1","per_event_pairwise","WGD_vs_Classic","M",NA,NA,NA,NA,8,8,5,NA,NA
"PRAD","RUNX1T1","per_event_pairwise","WGD_vs_Classic","WT",NA,NA,NA,NA,8,8,5,NA,NA
"PRAD","SETD2","per_event_HM_vs_rest","HM_vs_rest","CNA_driver",NA,NA,NA,NA,20,4,2,NA,NA
"PRAD","SETD2","per_event_HM_vs_rest","HM_vs_rest","CI_M",NA,NA,NA,NA,20,4,2,NA,NA
"PRAD","SETD2","per_event_HM_vs_rest","HM_vs_rest","M",NA,NA,NA,NA,20,4,2,NA,NA
"PRAD","SETD2","per_event_HM_vs_rest","HM_vs_rest","WT",NA,NA,NA,NA,20,4,2,NA,NA
"PRAD","SETD2","per_event_pairwise","HM_vs_WGD","CNA_driver",NA,NA,NA,NA,20,4,2,NA,NA
"PRAD","SETD2","per_event_pairwise","HM_vs_WGD","CI_M",NA,NA,NA,NA,20,4,2,NA,NA
"PRAD","SETD2","per_event_pairwise","HM_vs_WGD","M",NA,NA,NA,NA,20,4,2,NA,NA
"PRAD","SETD2","per_event_pairwise","HM_vs_WGD","WT",NA,NA,NA,NA,20,4,2,NA,NA
"PRAD","SF3B1","per_event_HM_vs_rest","HM_vs_rest","CNA_driver",NA,NA,NA,NA,10,8,0,NA,NA
"PRAD","SF3B1","per_event_HM_vs_rest","HM_vs_rest","CI_M",NA,NA,NA,NA,10,8,0,NA,NA
"PRAD","SF3B1","per_event_HM_vs_rest","HM_vs_rest","M",NA,NA,NA,NA,10,8,0,NA,NA
"PRAD","SF3B1","per_event_HM_vs_rest","HM_vs_rest","WT",NA,NA,NA,NA,10,8,0,NA,NA
"PRAD","SF3B1","per_event_pairwise","HM_vs_WGD","CNA_driver",NA,NA,NA,NA,10,8,0,NA,NA
"PRAD","SF3B1","per_event_pairwise","HM_vs_WGD","CI_M",NA,NA,NA,NA,10,8,0,NA,NA
"PRAD","SF3B1","per_event_pairwise","HM_vs_WGD","M",NA,NA,NA,NA,10,8,0,NA,NA
"PRAD","SF3B1","per_event_pairwise","HM_vs_WGD","WT",NA,NA,NA,NA,10,8,0,NA,NA
"PRAD","SMAD4","per_event_HM_vs_rest","HM_vs_rest","CNA_driver",NA,NA,NA,NA,12,4,0,NA,NA
"PRAD","SMAD4","per_event_HM_vs_rest","HM_vs_rest","CI_M",NA,NA,NA,NA,12,4,0,NA,NA
"PRAD","SMAD4","per_event_HM_vs_rest","HM_vs_rest","M",NA,NA,NA,NA,12,4,0,NA,NA
"PRAD","SMAD4","per_event_HM_vs_rest","HM_vs_rest","WT",NA,NA,NA,NA,12,4,0,NA,NA
"PRAD","SMAD4","per_event_pairwise","HM_vs_WGD","CNA_driver",NA,NA,NA,NA,12,4,0,NA,NA
"PRAD","SMAD4","per_event_pairwise","HM_vs_WGD","CI_M",NA,NA,NA,NA,12,4,0,NA,NA
"PRAD","SMAD4","per_event_pairwise","HM_vs_WGD","M",NA,NA,NA,NA,12,4,0,NA,NA
"PRAD","SMAD4","per_event_pairwise","HM_vs_WGD","WT",NA,NA,NA,NA,12,4,0,NA,NA
"PRAD","SPEN","per_event_HM_vs_rest","HM_vs_rest","CNA_driver",NA,NA,NA,NA,15,6,0,NA,NA
"PRAD","SPEN","per_event_HM_vs_rest","HM_vs_rest","CI_M",NA,NA,NA,NA,15,6,0,NA,NA
"PRAD","SPEN","per_event_HM_vs_rest","HM_vs_rest","M",NA,NA,NA,NA,15,6,0,NA,NA
"PRAD","SPEN","per_event_HM_vs_rest","HM_vs_rest","WT",NA,NA,NA,NA,15,6,0,NA,NA
"PRAD","SPEN","per_event_pairwise","HM_vs_WGD","CNA_driver",NA,NA,NA,NA,15,6,0,NA,NA
"PRAD","SPEN","per_event_pairwise","HM_vs_WGD","CI_M",NA,NA,NA,NA,15,6,0,NA,NA
"PRAD","SPEN","per_event_pairwise","HM_vs_WGD","M",NA,NA,NA,NA,15,6,0,NA,NA
"PRAD","SPEN","per_event_pairwise","HM_vs_WGD","WT",NA,NA,NA,NA,15,6,0,NA,NA
"PRAD","SPOP","global","Classic_vs_HM_vs_WGD",NA,0.00199900049975012,NA,NA,NA,20,4,3,0.00899550224887556,0.00755719701125047
"PRAD","SPOP","pairwise_all_events","HM_vs_Classic",NA,0.142857142857143,NA,NA,NA,20,4,3,0.301587301587302,0.312427409988386
"PRAD","SPOP","pairwise_all_events","HM_vs_WGD",NA,0.311594202898551,NA,NA,NA,20,4,3,0.42287784679089,0.51265345920312
"PRAD","SPOP","pairwise_all_events","WGD_vs_Classic",NA,0.00225861095426313,NA,NA,NA,20,4,3,0.0214568040654997,0.0138083260612905
"PRAD","SPOP","per_event_HM_vs_rest","HM_vs_rest","CNA_driver",NA,NA,NA,NA,20,4,3,NA,NA
"PRAD","SPOP","per_event_HM_vs_rest","HM_vs_rest","CI_M",NA,NA,NA,NA,20,4,3,NA,NA
"PRAD","SPOP","per_event_HM_vs_rest","HM_vs_rest","M",1,1.55379533977154,0.0241830300415375,26.5929116655012,20,4,3,1,1
"PRAD","SPOP","per_event_HM_vs_rest","HM_vs_rest","WT",1,0.643585403047374,0.0376040056304663,41.3513111583772,20,4,3,1,1
"PRAD","SPOP","per_event_pairwise","HM_vs_Classic","CNA_driver",NA,NA,NA,NA,20,4,3,NA,NA
"PRAD","SPOP","per_event_pairwise","HM_vs_Classic","CI_M",NA,NA,NA,NA,20,4,3,NA,NA
"PRAD","SPOP","per_event_pairwise","HM_vs_Classic","M",0.142857142857143,0,0,2.70243864493768,20,4,3,0.333333333333333,0.352380952380953
"PRAD","SPOP","per_event_pairwise","HM_vs_Classic","WT",0.142857142857143,Inf,0.370036153040233,Inf,20,4,3,0.333333333333333,0.352380952380953
"PRAD","SPOP","per_event_pairwise","HM_vs_WGD","CNA_driver",NA,NA,NA,NA,20,4,3,NA,NA
"PRAD","SPOP","per_event_pairwise","HM_vs_WGD","CI_M",NA,NA,NA,NA,20,4,3,NA,NA
"PRAD","SPOP","per_event_pairwise","HM_vs_WGD","M",0.311594202898551,5.62735853221942,0.0606217525365382,519.613057464378,20,4,3,0.467391304347826,0.549769294875704
"PRAD","SPOP","per_event_pairwise","HM_vs_WGD","WT",0.311594202898551,0.177703267754223,0.00192450898920792,16.4957289777671,20,4,3,0.467391304347826,0.549769294875704
"PRAD","SPOP","per_event_pairwise","WGD_vs_Classic","CNA_driver",NA,NA,NA,NA,20,4,3,NA,NA
"PRAD","SPOP","per_event_pairwise","WGD_vs_Classic","CI_M",NA,NA,NA,NA,20,4,3,NA,NA
"PRAD","SPOP","per_event_pairwise","WGD_vs_Classic","M",0.00225861095426313,0,0,0.340091249882266,20,4,3,0.0237154150197628,0.0174314882236995
"PRAD","SPOP","per_event_pairwise","WGD_vs_Classic","WT",0.00225861095426313,Inf,2.94038732353797,Inf,20,4,3,0.0237154150197628,0.0174314882236995
"PRAD","STAG1","per_event_HM_vs_rest","HM_vs_rest","CNA_driver",NA,NA,NA,NA,15,8,1,NA,NA
"PRAD","STAG1","per_event_HM_vs_rest","HM_vs_rest","CI_M",NA,NA,NA,NA,15,8,1,NA,NA
"PRAD","STAG1","per_event_HM_vs_rest","HM_vs_rest","M",NA,NA,NA,NA,15,8,1,NA,NA
"PRAD","STAG1","per_event_HM_vs_rest","HM_vs_rest","WT",NA,NA,NA,NA,15,8,1,NA,NA
"PRAD","STAG1","per_event_pairwise","HM_vs_WGD","CNA_driver",NA,NA,NA,NA,15,8,1,NA,NA
"PRAD","STAG1","per_event_pairwise","HM_vs_WGD","CI_M",NA,NA,NA,NA,15,8,1,NA,NA
"PRAD","STAG1","per_event_pairwise","HM_vs_WGD","M",NA,NA,NA,NA,15,8,1,NA,NA
"PRAD","STAG1","per_event_pairwise","HM_vs_WGD","WT",NA,NA,NA,NA,15,8,1,NA,NA
"PRAD","TP53","global","Classic_vs_WGD",NA,0.0599700149925037,NA,NA,NA,5,1,6,0.0899550224887556,0.124769829850176
"PRAD","TP53","pairwise_all_events","WGD_vs_Classic",NA,0.0569715142428786,NA,NA,NA,5,1,6,0.180409795102449,0.167490025479064
"PRAD","TP53","per_event_pairwise","WGD_vs_Classic","CNA_driver",0.0606060606060605,0,0,1.36396534918736,5,1,6,0.212121212121212,0.208883354088834
"PRAD","TP53","per_event_pairwise","WGD_vs_Classic","CI_M",NA,NA,NA,NA,5,1,6,NA,NA
"PRAD","TP53","per_event_pairwise","WGD_vs_Classic","M",1,1.29867855944494,0.059069861996249,29.1138412259182,5,1,6,1,1
"PRAD","TP53","per_event_pairwise","WGD_vs_Classic","WT",0.0606060606060606,Inf,0.608439757504852,Inf,5,1,6,0.212121212121212,0.208883354088834
"PRAD","TRIM24","per_event_HM_vs_rest","HM_vs_rest","CNA_driver",NA,NA,NA,NA,14,8,3,NA,NA
"PRAD","TRIM24","per_event_HM_vs_rest","HM_vs_rest","CI_M",NA,NA,NA,NA,14,8,3,NA,NA
"PRAD","TRIM24","per_event_HM_vs_rest","HM_vs_rest","M",NA,NA,NA,NA,14,8,3,NA,NA
"PRAD","TRIM24","per_event_HM_vs_rest","HM_vs_rest","WT",NA,NA,NA,NA,14,8,3,NA,NA
"PRAD","TRIM24","per_event_pairwise","HM_vs_Classic","CNA_driver",NA,NA,NA,NA,14,8,3,NA,NA
"PRAD","TRIM24","per_event_pairwise","HM_vs_Classic","CI_M",NA,NA,NA,NA,14,8,3,NA,NA
"PRAD","TRIM24","per_event_pairwise","HM_vs_Classic","M",NA,NA,NA,NA,14,8,3,NA,NA
"PRAD","TRIM24","per_event_pairwise","HM_vs_Classic","WT",NA,NA,NA,NA,14,8,3,NA,NA
"PRAD","TRIM24","per_event_pairwise","HM_vs_WGD","CNA_driver",NA,NA,NA,NA,14,8,3,NA,NA
"PRAD","TRIM24","per_event_pairwise","HM_vs_WGD","CI_M",NA,NA,NA,NA,14,8,3,NA,NA
"PRAD","TRIM24","per_event_pairwise","HM_vs_WGD","M",NA,NA,NA,NA,14,8,3,NA,NA
"PRAD","TRIM24","per_event_pairwise","HM_vs_WGD","WT",NA,NA,NA,NA,14,8,3,NA,NA
"PRAD","TRIM24","per_event_pairwise","WGD_vs_Classic","CNA_driver",NA,NA,NA,NA,14,8,3,NA,NA
"PRAD","TRIM24","per_event_pairwise","WGD_vs_Classic","CI_M",NA,NA,NA,NA,14,8,3,NA,NA
"PRAD","TRIM24","per_event_pairwise","WGD_vs_Classic","M",NA,NA,NA,NA,14,8,3,NA,NA
"PRAD","TRIM24","per_event_pairwise","WGD_vs_Classic","WT",NA,NA,NA,NA,14,8,3,NA,NA
"PRAD","ZBTB16","per_event_HM_vs_rest","HM_vs_rest","CNA_driver",NA,NA,NA,NA,10,8,0,NA,NA
"PRAD","ZBTB16","per_event_HM_vs_rest","HM_vs_rest","CI_M",NA,NA,NA,NA,10,8,0,NA,NA
"PRAD","ZBTB16","per_event_HM_vs_rest","HM_vs_rest","M",NA,NA,NA,NA,10,8,0,NA,NA
"PRAD","ZBTB16","per_event_HM_vs_rest","HM_vs_rest","WT",NA,NA,NA,NA,10,8,0,NA,NA
"PRAD","ZBTB16","per_event_pairwise","HM_vs_WGD","CNA_driver",NA,NA,NA,NA,10,8,0,NA,NA
"PRAD","ZBTB16","per_event_pairwise","HM_vs_WGD","CI_M",NA,NA,NA,NA,10,8,0,NA,NA
"PRAD","ZBTB16","per_event_pairwise","HM_vs_WGD","M",NA,NA,NA,NA,10,8,0,NA,NA
"PRAD","ZBTB16","per_event_pairwise","HM_vs_WGD","WT",NA,NA,NA,NA,10,8,0,NA,NA
"PRAD","ZFHX3","global","Classic_vs_WGD",NA,0.00118679050567596,NA,NA,NA,13,1,7,0.00899550224887556,0.00525578652513638
"PRAD","ZFHX3","pairwise_all_events","WGD_vs_Classic",NA,0.00118679050567596,NA,NA,NA,13,1,7,0.0214568040654997,0.00862828773045493
"PRAD","ZFHX3","per_event_pairwise","WGD_vs_Classic","CNA_driver",0.00118679050567596,0.0217771492377155,0.000290914793302281,0.362874819875385,13,1,7,0.0237154150197628,0.0106641604010025
"PRAD","ZFHX3","per_event_pairwise","WGD_vs_Classic","CI_M",NA,NA,NA,NA,13,1,7,NA,NA
"PRAD","ZFHX3","per_event_pairwise","WGD_vs_Classic","M",NA,NA,NA,NA,13,1,7,NA,NA
"PRAD","ZFHX3","per_event_pairwise","WGD_vs_Classic","WT",0.00118679050567596,45.9196926596855,2.75577126112914,3437.43261952657,13,1,7,0.0237154150197628,0.0106641604010025
"PRAD","ZMYM2","per_event_HM_vs_rest","HM_vs_rest","CNA_driver",NA,NA,NA,NA,7,10,0,NA,NA
"PRAD","ZMYM2","per_event_HM_vs_rest","HM_vs_rest","CI_M",NA,NA,NA,NA,7,10,0,NA,NA
"PRAD","ZMYM2","per_event_HM_vs_rest","HM_vs_rest","M",NA,NA,NA,NA,7,10,0,NA,NA
"PRAD","ZMYM2","per_event_HM_vs_rest","HM_vs_rest","WT",NA,NA,NA,NA,7,10,0,NA,NA
"PRAD","ZMYM2","per_event_pairwise","HM_vs_WGD","CNA_driver",NA,NA,NA,NA,7,10,0,NA,NA
"PRAD","ZMYM2","per_event_pairwise","HM_vs_WGD","CI_M",NA,NA,NA,NA,7,10,0,NA,NA
"PRAD","ZMYM2","per_event_pairwise","HM_vs_WGD","M",NA,NA,NA,NA,7,10,0,NA,NA
"PRAD","ZMYM2","per_event_pairwise","HM_vs_WGD","WT",NA,NA,NA,NA,7,10,0,NA,NA
"pan_cancer","ABL2","per_event_pairwise","WGD_vs_Classic","CNA_driver",NA,NA,NA,NA,10,2,18,NA,NA
"pan_cancer","ABL2","per_event_pairwise","WGD_vs_Classic","CI_M",NA,NA,NA,NA,10,2,18,NA,NA
"pan_cancer","ABL2","per_event_pairwise","WGD_vs_Classic","M",NA,NA,NA,NA,10,2,18,NA,NA
"pan_cancer","ABL2","per_event_pairwise","WGD_vs_Classic","WT",NA,NA,NA,NA,10,2,18,NA,NA
"pan_cancer","ACVR1B","global","Classic_vs_WGD",NA,0.360819590204898,NA,NA,NA,68,0,8,0.451900263460503,0.480060398985057
"pan_cancer","ACVR1B","pairwise_all_events","WGD_vs_Classic",NA,0.365317341329335,NA,NA,NA,68,0,8,0.562182797490144,0.574680496009305
"pan_cancer","ACVR1B","per_event_pairwise","WGD_vs_Classic","CNA_driver",1,Inf,0.00303216911764706,Inf,68,0,8,1,1
"pan_cancer","ACVR1B","per_event_pairwise","WGD_vs_Classic","CI_M",NA,NA,NA,NA,68,0,8,NA,NA
"pan_cancer","ACVR1B","per_event_pairwise","WGD_vs_Classic","M",0.287112375533428,0.219479665649068,0.0101382920206508,14.2857546904944,68,0,8,0.496402186119638,0.515245889331031
"pan_cancer","ACVR1B","per_event_pairwise","WGD_vs_Classic","WT",0.365237046707847,3.02864988784904,0.0516574585638862,44.253420863982,68,0,8,0.59103630464792,0.613442195939214
"pan_cancer","ACVR2A","global","Classic_vs_HM_vs_WGD",NA,0.000999500249875062,NA,NA,NA,82,10,12,0.0027433091964656,0.0044905083690039
"pan_cancer","ACVR2A","pairwise_all_events","HM_vs_Classic",NA,0.0151984238671545,NA,NA,NA,82,10,12,0.0519748569284174,0.0605685336335492
"pan_cancer","ACVR2A","pairwise_all_events","HM_vs_WGD",NA,1,NA,NA,NA,82,10,12,1,1
"pan_cancer","ACVR2A","pairwise_all_events","WGD_vs_Classic",NA,7.94418419429418e-05,NA,NA,NA,82,10,12,0.00220053902181949,0.00305283649752162
"pan_cancer","ACVR2A","per_event_HM_vs_rest","HM_vs_rest","CNA_driver",NA,NA,NA,NA,82,10,12,NA,NA
"pan_cancer","ACVR2A","per_event_HM_vs_rest","HM_vs_rest","CI_M",NA,NA,NA,NA,82,10,12,NA,NA
"pan_cancer","ACVR2A","per_event_HM_vs_rest","HM_vs_rest","M",0.594845539140647,0,0,5.09434838783728,82,10,12,1,1
"pan_cancer","ACVR2A","per_event_HM_vs_rest","HM_vs_rest","WT",0.594845539140647,Inf,0.196295958554286,Inf,82,10,12,1,1
"pan_cancer","ACVR2A","per_event_pairwise","HM_vs_Classic","CNA_driver",NA,NA,NA,NA,82,10,12,NA,NA
"pan_cancer","ACVR2A","per_event_pairwise","HM_vs_Classic","CI_M",NA,NA,NA,NA,82,10,12,NA,NA
"pan_cancer","ACVR2A","per_event_pairwise","HM_vs_Classic","M",0.0151984238671545,0,0,0.761135015688874,82,10,12,0.0636010476479014,0.0749788910779623
"pan_cancer","ACVR2A","per_event_pairwise","HM_vs_Classic","WT",0.0151984238671545,Inf,1.31382734913981,Inf,82,10,12,0.0636010476479014,0.0749788910779623
"pan_cancer","ACVR2A","per_event_pairwise","HM_vs_WGD","CNA_driver",NA,NA,NA,NA,82,10,12,NA,NA
"pan_cancer","ACVR2A","per_event_pairwise","HM_vs_WGD","CI_M",NA,NA,NA,NA,82,10,12,NA,NA
"pan_cancer","ACVR2A","per_event_pairwise","HM_vs_WGD","M",1,0,0,21.0518414512984,82,10,12,1,1
"pan_cancer","ACVR2A","per_event_pairwise","HM_vs_WGD","WT",1,Inf,0.0475017827924181,Inf,82,10,12,1,1
"pan_cancer","ACVR2A","per_event_pairwise","WGD_vs_Classic","CNA_driver",NA,NA,NA,NA,82,10,12,NA,NA
"pan_cancer","ACVR2A","per_event_pairwise","WGD_vs_Classic","CI_M",NA,NA,NA,NA,82,10,12,NA,NA
"pan_cancer","ACVR2A","per_event_pairwise","WGD_vs_Classic","M",7.94418419429418e-05,0.0410759477642498,0.0052473272787931,0.245163538614942,82,10,12,0.000815520158695512,0.00126503591347115
"pan_cancer","ACVR2A","per_event_pairwise","WGD_vs_Classic","WT",7.94418419429418e-05,24.3451473290251,4.0789099620993,190.573209344396,82,10,12,0.000815520158695512,0.00126503591347115
"pan_cancer","AFF4","per_event_HM_vs_rest","HM_vs_rest","CNA_driver",NA,NA,NA,NA,23,9,12,NA,NA
"pan_cancer","AFF4","per_event_HM_vs_rest","HM_vs_rest","CI_M",NA,NA,NA,NA,23,9,12,NA,NA
"pan_cancer","AFF4","per_event_HM_vs_rest","HM_vs_rest","M",NA,NA,NA,NA,23,9,12,NA,NA
"pan_cancer","AFF4","per_event_HM_vs_rest","HM_vs_rest","WT",NA,NA,NA,NA,23,9,12,NA,NA
"pan_cancer","AFF4","per_event_pairwise","HM_vs_Classic","CNA_driver",NA,NA,NA,NA,23,9,12,NA,NA
"pan_cancer","AFF4","per_event_pairwise","HM_vs_Classic","CI_M",NA,NA,NA,NA,23,9,12,NA,NA
"pan_cancer","AFF4","per_event_pairwise","HM_vs_Classic","M",NA,NA,NA,NA,23,9,12,NA,NA
"pan_cancer","AFF4","per_event_pairwise","HM_vs_Classic","WT",NA,NA,NA,NA,23,9,12,NA,NA
"pan_cancer","AFF4","per_event_pairwise","HM_vs_WGD","CNA_driver",NA,NA,NA,NA,23,9,12,NA,NA
"pan_cancer","AFF4","per_event_pairwise","HM_vs_WGD","CI_M",NA,NA,NA,NA,23,9,12,NA,NA
"pan_cancer","AFF4","per_event_pairwise","HM_vs_WGD","M",NA,NA,NA,NA,23,9,12,NA,NA
"pan_cancer","AFF4","per_event_pairwise","HM_vs_WGD","WT",NA,NA,NA,NA,23,9,12,NA,NA
"pan_cancer","AFF4","per_event_pairwise","WGD_vs_Classic","CNA_driver",NA,NA,NA,NA,23,9,12,NA,NA
"pan_cancer","AFF4","per_event_pairwise","WGD_vs_Classic","CI_M",NA,NA,NA,NA,23,9,12,NA,NA
"pan_cancer","AFF4","per_event_pairwise","WGD_vs_Classic","M",NA,NA,NA,NA,23,9,12,NA,NA
"pan_cancer","AFF4","per_event_pairwise","WGD_vs_Classic","WT",NA,NA,NA,NA,23,9,12,NA,NA
"pan_cancer","AKAP9","per_event_HM_vs_rest","HM_vs_rest","CNA_driver",NA,NA,NA,NA,47,15,40,NA,NA
"pan_cancer","AKAP9","per_event_HM_vs_rest","HM_vs_rest","CI_M",NA,NA,NA,NA,47,15,40,NA,NA
"pan_cancer","AKAP9","per_event_HM_vs_rest","HM_vs_rest","M",NA,NA,NA,NA,47,15,40,NA,NA
"pan_cancer","AKAP9","per_event_HM_vs_rest","HM_vs_rest","WT",NA,NA,NA,NA,47,15,40,NA,NA
"pan_cancer","AKAP9","per_event_pairwise","HM_vs_Classic","CNA_driver",NA,NA,NA,NA,47,15,40,NA,NA
"pan_cancer","AKAP9","per_event_pairwise","HM_vs_Classic","CI_M",NA,NA,NA,NA,47,15,40,NA,NA
"pan_cancer","AKAP9","per_event_pairwise","HM_vs_Classic","M",NA,NA,NA,NA,47,15,40,NA,NA
"pan_cancer","AKAP9","per_event_pairwise","HM_vs_Classic","WT",NA,NA,NA,NA,47,15,40,NA,NA
"pan_cancer","AKAP9","per_event_pairwise","HM_vs_WGD","CNA_driver",NA,NA,NA,NA,47,15,40,NA,NA
"pan_cancer","AKAP9","per_event_pairwise","HM_vs_WGD","CI_M",NA,NA,NA,NA,47,15,40,NA,NA
"pan_cancer","AKAP9","per_event_pairwise","HM_vs_WGD","M",NA,NA,NA,NA,47,15,40,NA,NA
"pan_cancer","AKAP9","per_event_pairwise","HM_vs_WGD","WT",NA,NA,NA,NA,47,15,40,NA,NA
"pan_cancer","AKAP9","per_event_pairwise","WGD_vs_Classic","CNA_driver",NA,NA,NA,NA,47,15,40,NA,NA
"pan_cancer","AKAP9","per_event_pairwise","WGD_vs_Classic","CI_M",NA,NA,NA,NA,47,15,40,NA,NA
"pan_cancer","AKAP9","per_event_pairwise","WGD_vs_Classic","M",NA,NA,NA,NA,47,15,40,NA,NA
"pan_cancer","AKAP9","per_event_pairwise","WGD_vs_Classic","WT",NA,NA,NA,NA,47,15,40,NA,NA
"pan_cancer","AKT1","global","Classic_vs_HM_vs_WGD",NA,0.147426286856572,NA,NA,NA,33,6,3,0.208988912137338,0.239278266625849
"pan_cancer","AKT1","pairwise_all_events","HM_vs_Classic",NA,0.333333333333333,NA,NA,NA,33,6,3,0.52165725047081,0.535323383084577
"pan_cancer","AKT1","pairwise_all_events","HM_vs_WGD",NA,1,NA,NA,NA,33,6,3,1,1
"pan_cancer","AKT1","pairwise_all_events","WGD_vs_Classic",NA,0.161904761904762,NA,NA,NA,33,6,3,0.332204585537919,0.346306199247376
"pan_cancer","AKT1","per_event_HM_vs_rest","HM_vs_rest","CNA_driver",NA,NA,NA,NA,33,6,3,NA,NA
"pan_cancer","AKT1","per_event_HM_vs_rest","HM_vs_rest","CI_M",NA,NA,NA,NA,33,6,3,NA,NA
"pan_cancer","AKT1","per_event_HM_vs_rest","HM_vs_rest","M",1,0,0,33.9073057078406,33,6,3,1,1
"pan_cancer","AKT1","per_event_HM_vs_rest","HM_vs_rest","WT",1,Inf,0.0294921692869499,Inf,33,6,3,1,1
"pan_cancer","AKT1","per_event_pairwise","HM_vs_Classic","CNA_driver",NA,NA,NA,NA,33,6,3,NA,NA
"pan_cancer","AKT1","per_event_pairwise","HM_vs_Classic","CI_M",NA,NA,NA,NA,33,6,3,NA,NA
"pan_cancer","AKT1","per_event_pairwise","HM_vs_Classic","M",0.333333333333333,0,0,19.5000651747784,33,6,3,0.553030303030303,0.575217192501143
"pan_cancer","AKT1","per_event_pairwise","HM_vs_Classic","WT",0.333333333333333,Inf,0.0512818798828125,Inf,33,6,3,0.553030303030303,0.575217192501143
"pan_cancer","AKT1","per_event_pairwise","HM_vs_WGD","CNA_driver",NA,NA,NA,NA,33,6,3,NA,NA
"pan_cancer","AKT1","per_event_pairwise","HM_vs_WGD","CI_M",NA,NA,NA,NA,33,6,3,NA,NA
"pan_cancer","AKT1","per_event_pairwise","HM_vs_WGD","M",1,0,0,213.786820528393,33,6,3,1,1
"pan_cancer","AKT1","per_event_pairwise","HM_vs_WGD","WT",1,Inf,0.00467755681818183,Inf,33,6,3,1,1
"pan_cancer","AKT1","per_event_pairwise","WGD_vs_Classic","CNA_driver",NA,NA,NA,NA,33,6,3,NA,NA
"pan_cancer","AKT1","per_event_pairwise","WGD_vs_Classic","CI_M",NA,NA,NA,NA,33,6,3,NA,NA
"pan_cancer","AKT1","per_event_pairwise","WGD_vs_Classic","M",0.161904761904762,0.075377727035335,0.000784776675084788,7.34267974736576,33,6,3,0.365537555228277,0.382135966405629
"pan_cancer","AKT1","per_event_pairwise","WGD_vs_Classic","WT",0.161904761904762,13.2665183646522,0.136190060632668,1274.2478615231,33,6,3,0.365537555228277,0.382135966405629
"pan_cancer","ALB","per_event_pairwise","WGD_vs_Classic","CNA_driver",NA,NA,NA,NA,3,2,12,NA,NA
"pan_cancer","ALB","per_event_pairwise","WGD_vs_Classic","CI_M",NA,NA,NA,NA,3,2,12,NA,NA
"pan_cancer","ALB","per_event_pairwise","WGD_vs_Classic","M",NA,NA,NA,NA,3,2,12,NA,NA
"pan_cancer","ALB","per_event_pairwise","WGD_vs_Classic","WT",NA,NA,NA,NA,3,2,12,NA,NA
"pan_cancer","ALK","per_event_HM_vs_rest","HM_vs_rest","CNA_driver",NA,NA,NA,NA,50,4,7,NA,NA
"pan_cancer","ALK","per_event_HM_vs_rest","HM_vs_rest","CI_M",NA,NA,NA,NA,50,4,7,NA,NA
"pan_cancer","ALK","per_event_HM_vs_rest","HM_vs_rest","M",NA,NA,NA,NA,50,4,7,NA,NA
"pan_cancer","ALK","per_event_HM_vs_rest","HM_vs_rest","WT",NA,NA,NA,NA,50,4,7,NA,NA
"pan_cancer","ALK","per_event_pairwise","HM_vs_Classic","CNA_driver",NA,NA,NA,NA,50,4,7,NA,NA
"pan_cancer","ALK","per_event_pairwise","HM_vs_Classic","CI_M",NA,NA,NA,NA,50,4,7,NA,NA
"pan_cancer","ALK","per_event_pairwise","HM_vs_Classic","M",NA,NA,NA,NA,50,4,7,NA,NA
"pan_cancer","ALK","per_event_pairwise","HM_vs_Classic","WT",NA,NA,NA,NA,50,4,7,NA,NA
"pan_cancer","ALK","per_event_pairwise","HM_vs_WGD","CNA_driver",NA,NA,NA,NA,50,4,7,NA,NA
"pan_cancer","ALK","per_event_pairwise","HM_vs_WGD","CI_M",NA,NA,NA,NA,50,4,7,NA,NA
"pan_cancer","ALK","per_event_pairwise","HM_vs_WGD","M",NA,NA,NA,NA,50,4,7,NA,NA
"pan_cancer","ALK","per_event_pairwise","HM_vs_WGD","WT",NA,NA,NA,NA,50,4,7,NA,NA
"pan_cancer","ALK","per_event_pairwise","WGD_vs_Classic","CNA_driver",NA,NA,NA,NA,50,4,7,NA,NA
"pan_cancer","ALK","per_event_pairwise","WGD_vs_Classic","CI_M",NA,NA,NA,NA,50,4,7,NA,NA
"pan_cancer","ALK","per_event_pairwise","WGD_vs_Classic","M",NA,NA,NA,NA,50,4,7,NA,NA
"pan_cancer","ALK","per_event_pairwise","WGD_vs_Classic","WT",NA,NA,NA,NA,50,4,7,NA,NA
"pan_cancer","ANK1","per_event_HM_vs_rest","HM_vs_rest","CNA_driver",NA,NA,NA,NA,23,5,2,NA,NA
"pan_cancer","ANK1","per_event_HM_vs_rest","HM_vs_rest","CI_M",NA,NA,NA,NA,23,5,2,NA,NA
"pan_cancer","ANK1","per_event_HM_vs_rest","HM_vs_rest","M",NA,NA,NA,NA,23,5,2,NA,NA
"pan_cancer","ANK1","per_event_HM_vs_rest","HM_vs_rest","WT",NA,NA,NA,NA,23,5,2,NA,NA
"pan_cancer","ANK1","per_event_pairwise","HM_vs_WGD","CNA_driver",NA,NA,NA,NA,23,5,2,NA,NA
"pan_cancer","ANK1","per_event_pairwise","HM_vs_WGD","CI_M",NA,NA,NA,NA,23,5,2,NA,NA
"pan_cancer","ANK1","per_event_pairwise","HM_vs_WGD","M",NA,NA,NA,NA,23,5,2,NA,NA
"pan_cancer","ANK1","per_event_pairwise","HM_vs_WGD","WT",NA,NA,NA,NA,23,5,2,NA,NA
"pan_cancer","APC","global","Classic_vs_HM_vs_WGD",NA,0.0504747626186907,NA,NA,NA,85,13,18,0.084561615296248,0.107911561460649
"pan_cancer","APC","pairwise_all_events","HM_vs_Classic",NA,0.806596701649175,NA,NA,NA,85,13,18,0.993010161585874,1
"pan_cancer","APC","pairwise_all_events","HM_vs_WGD",NA,0.0439780109945027,NA,NA,NA,85,13,18,0.124305194341605,0.140759032248582
"pan_cancer","APC","pairwise_all_events","WGD_vs_Classic",NA,0.171914042978511,NA,NA,NA,85,13,18,0.347516629712569,0.361288105947026
"pan_cancer","APC","per_event_HM_vs_rest","HM_vs_rest","CNA_driver",0.0614374228814796,8.85035216823711,0.588642439948339,133.530495899756,85,13,18,1,1
"pan_cancer","APC","per_event_HM_vs_rest","HM_vs_rest","CI_M",NA,NA,NA,NA,85,13,18,NA,NA
"pan_cancer","APC","per_event_HM_vs_rest","HM_vs_rest","M",0.575068463373394,1.34339531662445,0.0270612347769116,12.6712889639799,85,13,18,1,1
"pan_cancer","APC","per_event_HM_vs_rest","HM_vs_rest","WT",0.107071451340818,0.285176591028948,0.0554985678486546,1.93117308142664,85,13,18,1,1
"pan_cancer","APC","per_event_pairwise","HM_vs_Classic","CNA_driver",0.557508342602892,2.97833826276287,0.139326135335191,192.606723199954,85,13,18,0.767888849245492,0.782751668520579
"pan_cancer","APC","per_event_pairwise","HM_vs_Classic","CI_M",NA,NA,NA,NA,85,13,18,NA,NA
"pan_cancer","APC","per_event_pairwise","HM_vs_Classic","M",1,0.675145392084618,0.0104486823886039,14.4266282794996,85,13,18,1,1
"pan_cancer","APC","per_event_pairwise","HM_vs_Classic","WT",0.675830287621166,0.67563458801589,0.0744263633052079,6.1030685512471,85,13,18,0.884502985990251,0.918136611044738
"pan_cancer","APC","per_event_pairwise","HM_vs_WGD","CNA_driver",0.0454712812960236,14.4894292867701,0.702197333865983,904.706354822642,85,13,18,0.146444273585723,0.16923926588875
"pan_cancer","APC","per_event_pairwise","HM_vs_WGD","CI_M",NA,NA,NA,NA,85,13,18,NA,NA
"pan_cancer","APC","per_event_pairwise","HM_vs_WGD","M",0.516991611239109,1.67686761070596,0.0316580500255479,18.9604418198277,85,13,18,0.738398888226293,0.751010908705311
"pan_cancer","APC","per_event_pairwise","HM_vs_WGD","WT",0.0696612614797236,0.213515363690808,0.0348265471222023,1.57959441206354,85,13,18,0.197031039136302,0.224062694808086
"pan_cancer","APC","per_event_pairwise","WGD_vs_Classic","CNA_driver",0.320388349514563,0.207016432601337,0.00255766120526605,16.8137072366024,85,13,18,0.53768766308099,0.56130966487174
"pan_cancer","APC","per_event_pairwise","WGD_vs_Classic","CI_M",NA,NA,NA,NA,85,13,18,NA,NA
"pan_cancer","APC","per_event_pairwise","WGD_vs_Classic","M",0.281191863985289,0.399635617670775,0.0519772182648302,4.76854554621469,85,13,18,0.490034627687891,0.508375286454104
"pan_cancer","APC","per_event_pairwise","WGD_vs_Classic","WT",0.142483494242156,3.15238380291908,0.442980018239205,18.3027388221843,85,13,18,0.337301513366288,0.352380952380953
"pan_cancer","ARHGAP35","global","Classic_vs_HM_vs_WGD",NA,0.000499750124937531,NA,NA,NA,45,3,11,0.00165301964402414,0.00281677343146609
"pan_cancer","ARHGAP35","pairwise_all_events","HM_vs_Classic",NA,0.054945054945055,NA,NA,NA,45,3,11,0.146341115156707,0.163317345637788
"pan_cancer","ARHGAP35","pairwise_all_events","HM_vs_WGD",NA,1,NA,NA,NA,45,3,11,1,1
"pan_cancer","ARHGAP35","pairwise_all_events","WGD_vs_Classic",NA,0.000499750124937531,NA,NA,NA,45,3,11,0.00276861569215392,0.00407372071539988
"pan_cancer","ARHGAP35","per_event_HM_vs_rest","HM_vs_rest","CNA_driver",1,0,0,719.823257682269,45,3,11,1,1
"pan_cancer","ARHGAP35","per_event_HM_vs_rest","HM_vs_rest","CI_M",NA,NA,NA,NA,45,3,11,NA,NA
"pan_cancer","ARHGAP35","per_event_HM_vs_rest","HM_vs_rest","M",1,0,0,14.2388677487708,45,3,11,1,1
"pan_cancer","ARHGAP35","per_event_HM_vs_rest","HM_vs_rest","WT",1,Inf,0.080383041530795,Inf,45,3,11,1,1
"pan_cancer","ARHGAP35","per_event_pairwise","HM_vs_Classic","CNA_driver",NA,NA,NA,NA,45,3,11,NA,NA
"pan_cancer","ARHGAP35","per_event_pairwise","HM_vs_Classic","CI_M",NA,NA,NA,NA,45,3,11,NA,NA
"pan_cancer","ARHGAP35","per_event_pairwise","HM_vs_Classic","M",0.0549450549450549,0,0,1.53248931807794,45,3,11,0.168686453733183,0.192537267746181
"pan_cancer","ARHGAP35","per_event_pairwise","HM_vs_Classic","WT",0.0549450549450549,Inf,0.652533096448729,Inf,45,3,11,0.168686453733183,0.192537267746181
"pan_cancer","ARHGAP35","per_event_pairwise","HM_vs_WGD","CNA_driver",1,0,0,579.710144927537,45,3,11,1,1
"pan_cancer","ARHGAP35","per_event_pairwise","HM_vs_WGD","CI_M",NA,NA,NA,NA,45,3,11,NA,NA
"pan_cancer","ARHGAP35","per_event_pairwise","HM_vs_WGD","M",1,0,0,579.710144927537,45,3,11,1,1
"pan_cancer","ARHGAP35","per_event_pairwise","HM_vs_WGD","WT",1,Inf,0.0107591253677562,Inf,45,3,11,1,1
"pan_cancer","ARHGAP35","per_event_pairwise","WGD_vs_Classic","CNA_driver",1,Inf,0.00628333333333333,Inf,45,3,11,1,1
"pan_cancer","ARHGAP35","per_event_pairwise","WGD_vs_Classic","CI_M",NA,NA,NA,NA,45,3,11,NA,NA
"pan_cancer","ARHGAP35","per_event_pairwise","WGD_vs_Classic","M",9.87332523720665e-07,0.0105669781109464,0.0001969163371326,0.112065504969136,45,3,11,2.02711708776399e-05,3.54875518525885e-05
"pan_cancer","ARHGAP35","per_event_pairwise","WGD_vs_Classic","WT",4.65739209249461e-06,48.519468502375,6.41576462550122,679.761881576469,45,3,11,8.05238580202357e-05,0.000142902420789225
"pan_cancer","ARHGAP5","per_event_pairwise","WGD_vs_Classic","CNA_driver",NA,NA,NA,NA,47,0,5,NA,NA
"pan_cancer","ARHGAP5","per_event_pairwise","WGD_vs_Classic","CI_M",NA,NA,NA,NA,47,0,5,NA,NA
"pan_cancer","ARHGAP5","per_event_pairwise","WGD_vs_Classic","M",NA,NA,NA,NA,47,0,5,NA,NA
"pan_cancer","ARHGAP5","per_event_pairwise","WGD_vs_Classic","WT",NA,NA,NA,NA,47,0,5,NA,NA
"pan_cancer","ARID1A","global","Classic_vs_HM_vs_WGD",NA,0.000499750124937531,NA,NA,NA,191,16,74,0.00165301964402414,0.00281677343146609
"pan_cancer","ARID1A","pairwise_all_events","HM_vs_Classic",NA,0.118440779610195,NA,NA,NA,191,16,74,0.252369968861723,0.273481285108519
"pan_cancer","ARID1A","pairwise_all_events","HM_vs_WGD",NA,0.000499750124937531,NA,NA,NA,191,16,74,0.00276861569215392,0.00407372071539988
"pan_cancer","ARID1A","pairwise_all_events","WGD_vs_Classic",NA,0.000499750124937531,NA,NA,NA,191,16,74,0.00276861569215392,0.00407372071539988
"pan_cancer","ARID1A","per_event_HM_vs_rest","HM_vs_rest","CNA_driver",0.0487483546000366,2.96028460498621,0.943939943968429,9.70316287683259,191,16,74,1,1
"pan_cancer","ARID1A","per_event_HM_vs_rest","HM_vs_rest","CI_M",NA,NA,NA,NA,191,16,74,NA,NA
"pan_cancer","ARID1A","per_event_HM_vs_rest","HM_vs_rest","M",0.422277772664768,1.7378145927538,0.30109676945555,6.83440384071829,191,16,74,1,1
"pan_cancer","ARID1A","per_event_HM_vs_rest","HM_vs_rest","WT",0.0168518696851398,0.241440599146073,0.0553092357403279,0.823544620707958,191,16,74,0.846806451678275,1
"pan_cancer","ARID1A","per_event_pairwise","HM_vs_Classic","CNA_driver",0.398896221933232,0.620597457988972,0.180069319716566,2.2144391788036,191,16,74,0.625714285714286,0.6526588845655
"pan_cancer","ARID1A","per_event_pairwise","HM_vs_Classic","CI_M",NA,NA,NA,NA,191,16,74,NA,NA
"pan_cancer","ARID1A","per_event_pairwise","HM_vs_Classic","M",0.751857703258754,0.670813529606191,0.110775469821034,2.83134031410945,191,16,74,0.978159427803963,1
"pan_cancer","ARID1A","per_event_pairwise","HM_vs_Classic","WT",0.0494084725865543,4.49173809379188,0.776993936305626,24.4284990899432,191,16,74,0.157579448977506,0.179641209577703
"pan_cancer","ARID1A","per_event_pairwise","HM_vs_WGD","CNA_driver",0.000533812022257694,6.80495213161147,2.07739363472278,23.3307476284739,191,16,74,0.00369173156445584,0.00559612936666815
"pan_cancer","ARID1A","per_event_pairwise","HM_vs_WGD","CI_M",NA,NA,NA,NA,191,16,74,NA,NA
"pan_cancer","ARID1A","per_event_pairwise","HM_vs_WGD","M",0.0970826237153457,3.41091147084904,0.550170841590924,15.0741024000162,191,16,74,0.244380397628284,0.271399868075344
"pan_cancer","ARID1A","per_event_pairwise","HM_vs_WGD","WT",2.74186515108209e-05,0.0953593501857788,0.021300304224888,0.335187831139343,191,16,74,0.000331449904146907,0.000554058101227912
"pan_cancer","ARID1A","per_event_pairwise","WGD_vs_Classic","CNA_driver",1.07869098574903e-15,0.0905517556297968,0.0456557580293636,0.174438961593359,191,16,74,7.87444419596795e-14,1.50777028896921e-13
"pan_cancer","ARID1A","per_event_pairwise","WGD_vs_Classic","CI_M",NA,NA,NA,NA,191,16,74,NA,NA
"pan_cancer","ARID1A","per_event_pairwise","WGD_vs_Classic","M",5.32970931156415e-05,0.195549314268616,0.0810229920488704,0.45453735369512,191,16,74,0.000603727416844422,0.000944334410415169
"pan_cancer","ARID1A","per_event_pairwise","WGD_vs_Classic","WT",6.41852589298039e-28,48.0869328842794,18.0304115266408,161.880734115162,191,16,74,4.21697151168811e-25,8.07450557336933e-25
"pan_cancer","ARID1B","global","Classic_vs_HM_vs_WGD",NA,0.000999500249875062,NA,NA,NA,106,8,17,0.0027433091964656,0.0044905083690039
"pan_cancer","ARID1B","pairwise_all_events","HM_vs_Classic",NA,1,NA,NA,NA,106,8,17,1,1
"pan_cancer","ARID1B","pairwise_all_events","HM_vs_WGD",NA,0.0701754385964913,NA,NA,NA,106,8,17,0.172022977798479,0.194610236932538
"pan_cancer","ARID1B","pairwise_all_events","WGD_vs_Classic",NA,0.000999500249875062,NA,NA,NA,106,8,17,0.00542865821990965,0.00757367794975751
"pan_cancer","ARID1B","per_event_HM_vs_rest","HM_vs_rest","CNA_driver",0.118849089841456,16.3693658374747,0.194437036074804,1359.78799503176,106,8,17,1,1
"pan_cancer","ARID1B","per_event_HM_vs_rest","HM_vs_rest","CI_M",NA,NA,NA,NA,106,8,17,NA,NA
"pan_cancer","ARID1B","per_event_HM_vs_rest","HM_vs_rest","M",1,0,0,85.9651384767285,106,8,17,1,1
"pan_cancer","ARID1B","per_event_HM_vs_rest","HM_vs_rest","WT",0.22515072580535,0.179711164028532,0.0123813032464488,10.4863333729272,106,8,17,1,1
"pan_cancer","ARID1B","per_event_pairwise","HM_vs_Classic","CNA_driver",1,2.2039251906176,0.0255069407808478,190.101322378555,106,8,17,1,1
"pan_cancer","ARID1B","per_event_pairwise","HM_vs_Classic","CI_M",NA,NA,NA,NA,106,8,17,NA,NA
"pan_cancer","ARID1B","per_event_pairwise","HM_vs_Classic","M",1,0,0,11.5497379020933,106,8,17,1,1
"pan_cancer","ARID1B","per_event_pairwise","HM_vs_Classic","WT",1,1.47716398744249,0.0961973107493335,89.7910452810882,106,8,17,1,1
"pan_cancer","ARID1B","per_event_pairwise","HM_vs_WGD","CNA_driver",0.0701754385964912,Inf,0.339743577212928,Inf,106,8,17,0.197031039136302,0.224062694808086
"pan_cancer","ARID1B","per_event_pairwise","HM_vs_WGD","CI_M",NA,NA,NA,NA,106,8,17,NA,NA
"pan_cancer","ARID1B","per_event_pairwise","HM_vs_WGD","M",NA,NA,NA,NA,106,8,17,NA,NA
"pan_cancer","ARID1B","per_event_pairwise","HM_vs_WGD","WT",0.0701754385964912,0,0,2.9433963349755,106,8,17,0.197031039136302,0.224062694808086
"pan_cancer","ARID1B","per_event_pairwise","WGD_vs_Classic","CNA_driver",0.138211382113821,0,0,6.25471866771027,106,8,17,0.33019955654102,0.351963398176492
"pan_cancer","ARID1B","per_event_pairwise","WGD_vs_Classic","CI_M",NA,NA,NA,NA,106,8,17,NA,NA
"pan_cancer","ARID1B","per_event_pairwise","WGD_vs_Classic","M",0.0181260829001733,0,0,0.827706217939515,106,8,17,0.0739679283566077,0.0863735313955226
"pan_cancer","ARID1B","per_event_pairwise","WGD_vs_Classic","WT",0.00224703507026941,Inf,2.77444688662202,Inf,106,8,17,0.0135440554235505,0.0174314882236995
"pan_cancer","ARID2","global","Classic_vs_HM_vs_WGD",NA,0.000499750124937531,NA,NA,NA,153,6,22,0.00165301964402414,0.00281677343146609
"pan_cancer","ARID2","pairwise_all_events","HM_vs_Classic",NA,0.672984020810108,NA,NA,NA,153,6,22,0.839714296236035,0.857974889089663
"pan_cancer","ARID2","pairwise_all_events","HM_vs_WGD",NA,0.023008689117879,NA,NA,NA,153,6,22,0.0724250782460511,0.0842086717375437
"pan_cancer","ARID2","pairwise_all_events","WGD_vs_Classic",NA,2.40594494538618e-07,NA,NA,NA,153,6,22,2.22148916623991e-05,4.31466126872588e-05
"pan_cancer","ARID2","per_event_HM_vs_rest","HM_vs_rest","CNA_driver",NA,NA,NA,NA,153,6,22,NA,NA
"pan_cancer","ARID2","per_event_HM_vs_rest","HM_vs_rest","CI_M",NA,NA,NA,NA,153,6,22,NA,NA
"pan_cancer","ARID2","per_event_HM_vs_rest","HM_vs_rest","M",0.0996263314050641,5.24606266077713,0.440629904160127,40.2687162576494,153,6,22,1,1
"pan_cancer","ARID2","per_event_HM_vs_rest","HM_vs_rest","WT",0.0996263314050642,0.190619149000379,0.0248331730666989,2.26947828678599,153,6,22,1,1
"pan_cancer","ARID2","per_event_pairwise","HM_vs_Classic","CNA_driver",NA,NA,NA,NA,153,6,22,NA,NA
"pan_cancer","ARID2","per_event_pairwise","HM_vs_Classic","CI_M",NA,NA,NA,NA,153,6,22,NA,NA
"pan_cancer","ARID2","per_event_pairwise","HM_vs_Classic","M",0.672984020810108,0.610796663401381,0.0460737284000781,5.35846265533678,153,6,22,0.882535931481519,0.915258268301747
"pan_cancer","ARID2","per_event_pairwise","HM_vs_Classic","WT",0.672984020810108,1.63720606204893,0.186620690358651,21.7043429026748,153,6,22,0.882535931481519,0.915258268301747
"pan_cancer","ARID2","per_event_pairwise","HM_vs_WGD","CNA_driver",NA,NA,NA,NA,153,6,22,NA,NA
"pan_cancer","ARID2","per_event_pairwise","HM_vs_WGD","CI_M",NA,NA,NA,NA,153,6,22,NA,NA
"pan_cancer","ARID2","per_event_pairwise","HM_vs_WGD","M",0.023008689117879,14.0913846808014,1.04785509251675,130.885949547197,153,6,22,0.087379819366743,0.102278907810218
"pan_cancer","ARID2","per_event_pairwise","HM_vs_WGD","WT",0.023008689117879,0.0709653467456915,0.00764023948681679,0.954330429027346,153,6,22,0.087379819366743,0.102278907810218
"pan_cancer","ARID2","per_event_pairwise","WGD_vs_Classic","CNA_driver",NA,NA,NA,NA,153,6,22,NA,NA
"pan_cancer","ARID2","per_event_pairwise","WGD_vs_Classic","CI_M",NA,NA,NA,NA,153,6,22,NA,NA
"pan_cancer","ARID2","per_event_pairwise","WGD_vs_Classic","M",2.40594494538616e-07,0.0422062094925728,0.00962328121473926,0.160376274259609,153,6,22,6.07963780430273e-06,1.12099212640585e-05
"pan_cancer","ARID2","per_event_pairwise","WGD_vs_Classic","WT",2.40594494538616e-07,23.6931961439457,6.23533627163114,103.914660466159,153,6,22,6.07963780430273e-06,1.12099212640585e-05
"pan_cancer","ASXL1","global","Classic_vs_HM_vs_WGD",NA,0.04047976011994,NA,NA,NA,56,14,16,0.0705660683171928,0.0915965374976745
"pan_cancer","ASXL1","pairwise_all_events","HM_vs_Classic",NA,0.227586206896552,NA,NA,NA,56,14,16,0.415603900975244,0.420211487623168
"pan_cancer","ASXL1","pairwise_all_events","HM_vs_WGD",NA,1,NA,NA,NA,56,14,16,1,1
"pan_cancer","ASXL1","pairwise_all_events","WGD_vs_Classic",NA,0.0322514798938559,NA,NA,NA,56,14,16,0.0960608594687966,0.11051781008213
"pan_cancer","ASXL1","per_event_HM_vs_rest","HM_vs_rest","CNA_driver",NA,NA,NA,NA,56,14,16,NA,NA
"pan_cancer","ASXL1","per_event_HM_vs_rest","HM_vs_rest","CI_M",NA,NA,NA,NA,56,14,16,NA,NA
"pan_cancer","ASXL1","per_event_HM_vs_rest","HM_vs_rest","M",1,0,0,8.08863923475172,56,14,16,1,1
"pan_cancer","ASXL1","per_event_HM_vs_rest","HM_vs_rest","WT",1,Inf,0.123630189328217,Inf,56,14,16,1,1
"pan_cancer","ASXL1","per_event_pairwise","HM_vs_Classic","CNA_driver",NA,NA,NA,NA,56,14,16,NA,NA
"pan_cancer","ASXL1","per_event_pairwise","HM_vs_Classic","CI_M",NA,NA,NA,NA,56,14,16,NA,NA
"pan_cancer","ASXL1","per_event_pairwise","HM_vs_Classic","M",0.227586206896552,0,0,2.67270114030228,56,14,16,0.442871587462083,0.459059649122807
"pan_cancer","ASXL1","per_event_pairwise","HM_vs_Classic","WT",0.227586206896552,Inf,0.374153318124787,Inf,56,14,16,0.442871587462083,0.459059649122807
"pan_cancer","ASXL1","per_event_pairwise","HM_vs_WGD","CNA_driver",NA,NA,NA,NA,56,14,16,NA,NA
"pan_cancer","ASXL1","per_event_pairwise","HM_vs_WGD","CI_M",NA,NA,NA,NA,56,14,16,NA,NA
"pan_cancer","ASXL1","per_event_pairwise","HM_vs_WGD","M",1,0,0,155.623100303951,56,14,16,1,1
"pan_cancer","ASXL1","per_event_pairwise","HM_vs_WGD","WT",1,Inf,0.00642578124999998,Inf,56,14,16,1,1
"pan_cancer","ASXL1","per_event_pairwise","WGD_vs_Classic","CNA_driver",NA,NA,NA,NA,56,14,16,NA,NA
"pan_cancer","ASXL1","per_event_pairwise","WGD_vs_Classic","CI_M",NA,NA,NA,NA,56,14,16,NA,NA
"pan_cancer","ASXL1","per_event_pairwise","WGD_vs_Classic","M",0.0322514798938559,0.0827514719046624,0.00148193262018242,1.1226978935008,56,14,16,0.112112287250071,0.130457754683186
"pan_cancer","ASXL1","per_event_pairwise","WGD_vs_Classic","WT",0.0322514798938559,12.0843771957566,0.890711567010957,674.794512504169,56,14,16,0.112112287250071,0.130457754683186
"pan_cancer","ATM","global","Classic_vs_HM_vs_WGD",NA,0.000499750124937531,NA,NA,NA,160,20,26,0.00165301964402414,0.00281677343146609
"pan_cancer","ATM","pairwise_all_events","HM_vs_Classic",NA,0.000499750124937531,NA,NA,NA,160,20,26,0.00276861569215392,0.00407372071539988
"pan_cancer","ATM","pairwise_all_events","HM_vs_WGD",NA,0.0744627686156921,NA,NA,NA,160,20,26,0.178069983198188,0.202324786324786
"pan_cancer","ATM","pairwise_all_events","WGD_vs_Classic",NA,0.000499750124937531,NA,NA,NA,160,20,26,0.00276861569215392,0.00407372071539988
"pan_cancer","ATM","per_event_HM_vs_rest","HM_vs_rest","CNA_driver",0.462462416529895,1.89778160578797,0.0382906040388743,18.295929502074,160,20,26,1,1
"pan_cancer","ATM","per_event_HM_vs_rest","HM_vs_rest","CI_M",NA,NA,NA,NA,160,20,26,NA,NA
"pan_cancer","ATM","per_event_HM_vs_rest","HM_vs_rest","M",0.699905924863615,0.463948019776327,0.0105873945444117,3.26953970315576,160,20,26,1,1
"pan_cancer","ATM","per_event_HM_vs_rest","HM_vs_rest","WT",1,1.33162576198335,0.28799212131428,12.5592711111072,160,20,26,1,1
"pan_cancer","ATM","per_event_pairwise","HM_vs_Classic","CNA_driver",0.212205872666057,0.227424657706889,0.00444959522398914,2.30096516534284,160,20,26,0.43030635290617,0.443446823611128
"pan_cancer","ATM","per_event_pairwise","HM_vs_Classic","CI_M",NA,NA,NA,NA,160,20,26,NA,NA
"pan_cancer","ATM","per_event_pairwise","HM_vs_Classic","M",0.00044377608559216,0.0481138096495513,0.0010207320628373,0.391077371169596,160,20,26,0.00310171157695797,0.00473110437012658
"pan_cancer","ATM","per_event_pairwise","HM_vs_Classic","WT",2.11990123891984e-05,22.3077449223602,3.87565105328722,246.547649249017,160,20,26,0.000273093159602027,0.000459799268717442
"pan_cancer","ATM","per_event_pairwise","HM_vs_WGD","CNA_driver",0.111111111111111,Inf,0.205128175048828,Inf,160,20,26,0.276515151515151,0.299952312827849
"pan_cancer","ATM","per_event_pairwise","HM_vs_WGD","CI_M",NA,NA,NA,NA,160,20,26,NA,NA
"pan_cancer","ATM","per_event_pairwise","HM_vs_WGD","M",0.511954152897032,1.6262944698017,0.0327905865767738,15.703965325753,160,20,26,0.736004110401204,0.74801721877063
"pan_cancer","ATM","per_event_pairwise","HM_vs_WGD","WT",0.1753708100674,0.293348780183364,0.0439080639582232,3.29141920849285,160,20,26,0.387610619469027,0.402173913043478
"pan_cancer","ATM","per_event_pairwise","WGD_vs_Classic","CNA_driver",3.74326127895667e-05,0,0,0.157932216023791,160,20,26,0.00043916476076331,0.000682467056366304
"pan_cancer","ATM","per_event_pairwise","WGD_vs_Classic","CI_M",NA,NA,NA,NA,160,20,26,NA,NA
"pan_cancer","ATM","per_event_pairwise","WGD_vs_Classic","M",1.93925669991624e-10,0.0289182379539145,0.0069046541588023,0.101664110790158,160,20,26,8.49394434563312e-09,1.62638995232975e-08
"pan_cancer","ATM","per_event_pairwise","WGD_vs_Classic","WT",5.4302382779903e-16,78.3052634936442,21.282154669211,356.890036098234,160,20,26,4.45958318579954e-14,8.53904969213976e-14
"pan_cancer","ATR","global","Classic_vs_WGD",NA,0.0216201423097975,NA,NA,NA,26,2,3,0.0410146817347629,0.0540503557744937
"pan_cancer","ATR","pairwise_all_events","WGD_vs_Classic",NA,0.0216201423097975,NA,NA,NA,26,2,3,0.0688365450553323,0.0796687435799387
"pan_cancer","ATR","per_event_pairwise","WGD_vs_Classic","CNA_driver",NA,NA,NA,NA,26,2,3,NA,NA
"pan_cancer","ATR","per_event_pairwise","WGD_vs_Classic","CI_M",NA,NA,NA,NA,26,2,3,NA,NA
"pan_cancer","ATR","per_event_pairwise","WGD_vs_Classic","M",0.0216201423097975,0.0297642829072643,0.000338712858090392,0.917717987779476,26,2,3,0.0840499023522897,0.0978350324666376
"pan_cancer","ATR","per_event_pairwise","WGD_vs_Classic","WT",0.0216201423097975,33.5973153835309,1.08965936520392,2952.35322815294,26,2,3,0.0840499023522897,0.0978350324666376
"pan_cancer","AXIN1","global","Classic_vs_HM_vs_WGD",NA,0.000499750124937531,NA,NA,NA,29,3,18,0.00165301964402414,0.00281677343146609
"pan_cancer","AXIN1","pairwise_all_events","HM_vs_Classic",NA,0.055472263868066,NA,NA,NA,29,3,18,0.146341115156707,0.163978450335272
"pan_cancer","AXIN1","pairwise_all_events","HM_vs_WGD",NA,0.270364817591204,NA,NA,NA,29,3,18,0.43876891963375,0.458255149154982
"pan_cancer","AXIN1","pairwise_all_events","WGD_vs_Classic",NA,0.000499750124937531,NA,NA,NA,29,3,18,0.00276861569215392,0.00407372071539988
"pan_cancer","AXIN1","per_event_HM_vs_rest","HM_vs_rest","CNA_driver",0.370357142857143,3.29902591232006,0.0497073529609117,73.0469239794677,29,3,18,1,1
"pan_cancer","AXIN1","per_event_HM_vs_rest","HM_vs_rest","CI_M",NA,NA,NA,NA,29,3,18,NA,NA
"pan_cancer","AXIN1","per_event_HM_vs_rest","HM_vs_rest","M",1,0,0,8.87337954878029,29,3,18,1,1
"pan_cancer","AXIN1","per_event_HM_vs_rest","HM_vs_rest","WT",1,1.13056872206588,0.0549693799974543,70.7158409603515,29,3,18,1,1
"pan_cancer","AXIN1","per_event_pairwise","HM_vs_Classic","CNA_driver",1,1.28323666262214,0.0184042450886953,30.2617889087365,29,3,18,1,1
"pan_cancer","AXIN1","per_event_pairwise","HM_vs_Classic","CI_M",NA,NA,NA,NA,29,3,18,NA,NA
"pan_cancer","AXIN1","per_event_pairwise","HM_vs_Classic","M",0.214285714285714,0,0,2.51722597563798,29,3,18,0.433186813186813,0.444837340876945
"pan_cancer","AXIN1","per_event_pairwise","HM_vs_Classic","WT",0.12781954887218,8.54953975973048,0.347153465187955,624.261228165218,29,3,18,0.307438783745721,0.331885454043132
"pan_cancer","AXIN1","per_event_pairwise","HM_vs_WGD","CNA_driver",0.181451612903226,11.6334647833582,0.119168398101033,1121.73020728585,29,3,18,0.391654247391953,0.404827031375704
"pan_cancer","AXIN1","per_event_pairwise","HM_vs_WGD","CI_M",NA,NA,NA,NA,29,3,18,NA,NA
"pan_cancer","AXIN1","per_event_pairwise","HM_vs_WGD","M",1,0,0,374.798061389338,29,3,18,1,1
"pan_cancer","AXIN1","per_event_pairwise","HM_vs_WGD","WT",0.263306451612903,0.164738224939936,0.00553789685493916,13.0711086678281,29,3,18,0.47479674796748,0.495126332031438
"pan_cancer","AXIN1","per_event_pairwise","WGD_vs_Classic","CNA_driver",0.0248693070584945,0.0978601252081159,0.00190356481270245,0.998109910495778,29,3,18,0.0928359928263119,0.10900901839577
"pan_cancer","AXIN1","per_event_pairwise","WGD_vs_Classic","CI_M",NA,NA,NA,NA,29,3,18,NA,NA
"pan_cancer","AXIN1","per_event_pairwise","WGD_vs_Classic","M",7.468542348038e-05,0.0314112723238097,0.000643037883503849,0.273791101787346,29,3,18,0.000791424568171124,0.00122018523036777
"pan_cancer","AXIN1","per_event_pairwise","WGD_vs_Classic","WT",1.22483716102668e-07,56.6249129393027,8.21419887172239,752.774704545492,29,3,18,3.35299172831054e-06,6.16338059428627e-06
"pan_cancer","B2M","global","Classic_vs_HM_vs_WGD",NA,0.000499750124937531,NA,NA,NA,37,4,14,0.00165301964402414,0.00281677343146609
"pan_cancer","B2M","pairwise_all_events","HM_vs_Classic",NA,0.278360819590205,NA,NA,NA,37,4,14,0.445699115760039,0.465087332110342
"pan_cancer","B2M","pairwise_all_events","HM_vs_WGD",NA,0.0924537731134433,NA,NA,NA,37,4,14,0.20487756121939,0.23352173678419
"pan_cancer","B2M","pairwise_all_events","WGD_vs_Classic",NA,0.000499750124937531,NA,NA,NA,37,4,14,0.00276861569215392,0.00407372071539988
"pan_cancer","B2M","per_event_HM_vs_rest","HM_vs_rest","CNA_driver",0.521528785679729,1.76947912791415,0.030374311670888,25.5565912516198,37,4,14,1,1
"pan_cancer","B2M","per_event_HM_vs_rest","HM_vs_rest","CI_M",NA,NA,NA,NA,37,4,14,NA,NA
"pan_cancer","B2M","per_event_HM_vs_rest","HM_vs_rest","M",1,1.35829597626473,0.0236915749044685,19.1237752009008,37,4,14,1,1
"pan_cancer","B2M","per_event_HM_vs_rest","HM_vs_rest","WT",0.616190936945654,0.551814390067696,0.0370730406081027,8.20800410314136,37,4,14,1,1
"pan_cancer","B2M","per_event_pairwise","HM_vs_Classic","CNA_driver",1,1.20818630402062,0.0175198034128915,23.8468447250323,37,4,14,1,1
"pan_cancer","B2M","per_event_pairwise","HM_vs_Classic","CI_M",NA,NA,NA,NA,37,4,14,NA,NA
"pan_cancer","B2M","per_event_pairwise","HM_vs_Classic","M",0.274509803921569,0.204221804478213,0.00318966694887043,3.33434357012713,37,4,14,0.482227115445109,0.502668607472101
"pan_cancer","B2M","per_event_pairwise","HM_vs_Classic","WT",0.197058823529412,5.25538069947312,0.249983308436599,122.369417001999,37,4,14,0.408415290406384,0.424486301369863
"pan_cancer","B2M","per_event_pairwise","HM_vs_WGD","CNA_driver",0.482966327638985,2.08537883344323,0.0339256997805159,32.9759532451699,37,4,14,0.717893387463378,0.735558886404168
"pan_cancer","B2M","per_event_pairwise","HM_vs_WGD","CI_M",NA,NA,NA,NA,37,4,14,NA,NA
"pan_cancer","B2M","per_event_pairwise","HM_vs_WGD","M",0.18780487804878,10.5357761074134,0.114849839476846,956.903722580332,37,4,14,0.398025177025964,0.413039399624765
"pan_cancer","B2M","per_event_pairwise","HM_vs_WGD","WT",0.164925446825319,0.204727349494939,0.0124932712381394,3.32802535390326,37,4,14,0.371082255356967,0.386838868388684
"pan_cancer","B2M","per_event_pairwise","WGD_vs_Classic","CNA_driver",0.667764415664508,0.579777061868387,0.0935197060486705,4.34690313904394,37,4,14,0.880860479585171,0.91158178049811
"pan_cancer","B2M","per_event_pairwise","WGD_vs_Classic","CI_M",NA,NA,NA,NA,37,4,14,NA,NA
"pan_cancer","B2M","per_event_pairwise","WGD_vs_Classic","M",5.87546508825763e-06,0.0178058341848826,0.000350596330037037,0.167776462316836,37,4,14,9.89789887944939e-05,0.000175984168595907
"pan_cancer","B2M","per_event_pairwise","WGD_vs_Classic","WT",7.80347165958294e-06,27.9920072596095,4.64648980138209,318.390784433269,37,4,14,0.000116520020007863,0.000206969265178819
"pan_cancer","BAP1","global","Classic_vs_HM_vs_WGD",NA,0.000499750124937531,NA,NA,NA,70,9,17,0.00165301964402414,0.00281677343146609
"pan_cancer","BAP1","pairwise_all_events","HM_vs_Classic",NA,0.24687656171914,NA,NA,NA,70,9,17,0.427405047476262,0.435474066245566
"pan_cancer","BAP1","pairwise_all_events","HM_vs_WGD",NA,0.389754149914043,NA,NA,NA,70,9,17,0.584530476422368,0.601805243639054
"pan_cancer","BAP1","pairwise_all_events","WGD_vs_Classic",NA,0.000499750124937531,NA,NA,NA,70,9,17,0.00276861569215392,0.00407372071539988
"pan_cancer","BAP1","per_event_HM_vs_rest","HM_vs_rest","CNA_driver",1,0,0,374.798061389338,70,9,17,1,1
"pan_cancer","BAP1","per_event_HM_vs_rest","HM_vs_rest","CI_M",NA,NA,NA,NA,70,9,17,NA,NA
"pan_cancer","BAP1","per_event_HM_vs_rest","HM_vs_rest","M",1,0.962872013367164,0.019742034802214,8.62121383407361,70,9,17,1,1
"pan_cancer","BAP1","per_event_HM_vs_rest","HM_vs_rest","WT",1,1.15620585939981,0.131196229317216,55.9899221254915,70,9,17,1,1
"pan_cancer","BAP1","per_event_pairwise","HM_vs_Classic","CNA_driver",1,0,0,73.5831191667793,70,9,17,1,1
"pan_cancer","BAP1","per_event_pairwise","HM_vs_Classic","CI_M",NA,NA,NA,NA,70,9,17,NA,NA
"pan_cancer","BAP1","per_event_pairwise","HM_vs_Classic","M",0.190150261637676,0.189466865041153,0.00353528012129758,2.01510207501371,70,9,17,0.401700070404994,0.416728778467909
"pan_cancer","BAP1","per_event_pairwise","HM_vs_Classic","WT",0.0977004688675169,6.6367344458347,0.636607433132613,353.434620254053,70,9,17,0.244996977274651,0.272521485222475
"pan_cancer","BAP1","per_event_pairwise","HM_vs_WGD","CNA_driver",NA,NA,NA,NA,70,9,17,NA,NA
"pan_cancer","BAP1","per_event_pairwise","HM_vs_WGD","CI_M",NA,NA,NA,NA,70,9,17,NA,NA
"pan_cancer","BAP1","per_event_pairwise","HM_vs_WGD","M",0.389754149914043,2.74125184359102,0.0473242765665131,39.3260207855786,70,9,17,0.62103265493096,0.647903840515978
"pan_cancer","BAP1","per_event_pairwise","HM_vs_WGD","WT",0.389754149914043,0.364796836284114,0.0254284562745976,21.1308037344116,70,9,17,0.62103265493096,0.647903840515978
"pan_cancer","BAP1","per_event_pairwise","WGD_vs_Classic","CNA_driver",0.195402298850575,0,0,9.47143520930468,70,9,17,0.406263640331733,0.42201957970152
"pan_cancer","BAP1","per_event_pairwise","WGD_vs_Classic","CI_M",NA,NA,NA,NA,70,9,17,NA,NA
"pan_cancer","BAP1","per_event_pairwise","WGD_vs_Classic","M",0.000281200530920926,0.0674217882233386,0.00963182896115225,0.351730167801423,70,9,17,0.00214824126529126,0.00333726667828798
"pan_cancer","BAP1","per_event_pairwise","WGD_vs_Classic","WT",4.96625247994595e-05,18.6962530891406,3.68883892603958,129.45490020529,70,9,17,0.000572425943741139,0.000892506517110287
"pan_cancer","BARD1","per_event_HM_vs_rest","HM_vs_rest","CNA_driver",NA,NA,NA,NA,11,4,0,NA,NA
"pan_cancer","BARD1","per_event_HM_vs_rest","HM_vs_rest","CI_M",NA,NA,NA,NA,11,4,0,NA,NA
"pan_cancer","BARD1","per_event_HM_vs_rest","HM_vs_rest","M",NA,NA,NA,NA,11,4,0,NA,NA
"pan_cancer","BARD1","per_event_HM_vs_rest","HM_vs_rest","WT",NA,NA,NA,NA,11,4,0,NA,NA
"pan_cancer","BARD1","per_event_pairwise","HM_vs_WGD","CNA_driver",NA,NA,NA,NA,11,4,0,NA,NA
"pan_cancer","BARD1","per_event_pairwise","HM_vs_WGD","CI_M",NA,NA,NA,NA,11,4,0,NA,NA
"pan_cancer","BARD1","per_event_pairwise","HM_vs_WGD","M",NA,NA,NA,NA,11,4,0,NA,NA
"pan_cancer","BARD1","per_event_pairwise","HM_vs_WGD","WT",NA,NA,NA,NA,11,4,0,NA,NA
"pan_cancer","BCL11A","per_event_pairwise","WGD_vs_Classic","CNA_driver",NA,NA,NA,NA,5,2,7,NA,NA
"pan_cancer","BCL11A","per_event_pairwise","WGD_vs_Classic","CI_M",NA,NA,NA,NA,5,2,7,NA,NA
"pan_cancer","BCL11A","per_event_pairwise","WGD_vs_Classic","M",NA,NA,NA,NA,5,2,7,NA,NA
"pan_cancer","BCL11A","per_event_pairwise","WGD_vs_Classic","WT",NA,NA,NA,NA,5,2,7,NA,NA
"pan_cancer","BCL2","per_event_HM_vs_rest","HM_vs_rest","CNA_driver",NA,NA,NA,NA,3,3,13,NA,NA
"pan_cancer","BCL2","per_event_HM_vs_rest","HM_vs_rest","CI_M",NA,NA,NA,NA,3,3,13,NA,NA
"pan_cancer","BCL2","per_event_HM_vs_rest","HM_vs_rest","M",NA,NA,NA,NA,3,3,13,NA,NA
"pan_cancer","BCL2","per_event_HM_vs_rest","HM_vs_rest","WT",NA,NA,NA,NA,3,3,13,NA,NA
"pan_cancer","BCL2","per_event_pairwise","HM_vs_Classic","CNA_driver",NA,NA,NA,NA,3,3,13,NA,NA
"pan_cancer","BCL2","per_event_pairwise","HM_vs_Classic","CI_M",NA,NA,NA,NA,3,3,13,NA,NA
"pan_cancer","BCL2","per_event_pairwise","HM_vs_Classic","M",NA,NA,NA,NA,3,3,13,NA,NA
"pan_cancer","BCL2","per_event_pairwise","HM_vs_Classic","WT",NA,NA,NA,NA,3,3,13,NA,NA
"pan_cancer","BCL2","per_event_pairwise","HM_vs_WGD","CNA_driver",NA,NA,NA,NA,3,3,13,NA,NA
"pan_cancer","BCL2","per_event_pairwise","HM_vs_WGD","CI_M",NA,NA,NA,NA,3,3,13,NA,NA
"pan_cancer","BCL2","per_event_pairwise","HM_vs_WGD","M",NA,NA,NA,NA,3,3,13,NA,NA
"pan_cancer","BCL2","per_event_pairwise","HM_vs_WGD","WT",NA,NA,NA,NA,3,3,13,NA,NA
"pan_cancer","BCL2","per_event_pairwise","WGD_vs_Classic","CNA_driver",NA,NA,NA,NA,3,3,13,NA,NA
"pan_cancer","BCL2","per_event_pairwise","WGD_vs_Classic","CI_M",NA,NA,NA,NA,3,3,13,NA,NA
"pan_cancer","BCL2","per_event_pairwise","WGD_vs_Classic","M",NA,NA,NA,NA,3,3,13,NA,NA
"pan_cancer","BCL2","per_event_pairwise","WGD_vs_Classic","WT",NA,NA,NA,NA,3,3,13,NA,NA
"pan_cancer","BCLAF1","per_event_HM_vs_rest","HM_vs_rest","CNA_driver",NA,NA,NA,NA,41,4,1,NA,NA
"pan_cancer","BCLAF1","per_event_HM_vs_rest","HM_vs_rest","CI_M",NA,NA,NA,NA,41,4,1,NA,NA
"pan_cancer","BCLAF1","per_event_HM_vs_rest","HM_vs_rest","M",NA,NA,NA,NA,41,4,1,NA,NA
"pan_cancer","BCLAF1","per_event_HM_vs_rest","HM_vs_rest","WT",NA,NA,NA,NA,41,4,1,NA,NA
"pan_cancer","BCLAF1","per_event_pairwise","HM_vs_WGD","CNA_driver",NA,NA,NA,NA,41,4,1,NA,NA
"pan_cancer","BCLAF1","per_event_pairwise","HM_vs_WGD","CI_M",NA,NA,NA,NA,41,4,1,NA,NA
"pan_cancer","BCLAF1","per_event_pairwise","HM_vs_WGD","M",NA,NA,NA,NA,41,4,1,NA,NA
"pan_cancer","BCLAF1","per_event_pairwise","HM_vs_WGD","WT",NA,NA,NA,NA,41,4,1,NA,NA
"pan_cancer","BIRC6","per_event_HM_vs_rest","HM_vs_rest","CNA_driver",NA,NA,NA,NA,69,7,12,NA,NA
"pan_cancer","BIRC6","per_event_HM_vs_rest","HM_vs_rest","CI_M",NA,NA,NA,NA,69,7,12,NA,NA
"pan_cancer","BIRC6","per_event_HM_vs_rest","HM_vs_rest","M",NA,NA,NA,NA,69,7,12,NA,NA
"pan_cancer","BIRC6","per_event_HM_vs_rest","HM_vs_rest","WT",NA,NA,NA,NA,69,7,12,NA,NA
"pan_cancer","BIRC6","per_event_pairwise","HM_vs_Classic","CNA_driver",NA,NA,NA,NA,69,7,12,NA,NA
"pan_cancer","BIRC6","per_event_pairwise","HM_vs_Classic","CI_M",NA,NA,NA,NA,69,7,12,NA,NA
"pan_cancer","BIRC6","per_event_pairwise","HM_vs_Classic","M",NA,NA,NA,NA,69,7,12,NA,NA
"pan_cancer","BIRC6","per_event_pairwise","HM_vs_Classic","WT",NA,NA,NA,NA,69,7,12,NA,NA
"pan_cancer","BIRC6","per_event_pairwise","HM_vs_WGD","CNA_driver",NA,NA,NA,NA,69,7,12,NA,NA
"pan_cancer","BIRC6","per_event_pairwise","HM_vs_WGD","CI_M",NA,NA,NA,NA,69,7,12,NA,NA
"pan_cancer","BIRC6","per_event_pairwise","HM_vs_WGD","M",NA,NA,NA,NA,69,7,12,NA,NA
"pan_cancer","BIRC6","per_event_pairwise","HM_vs_WGD","WT",NA,NA,NA,NA,69,7,12,NA,NA
"pan_cancer","BIRC6","per_event_pairwise","WGD_vs_Classic","CNA_driver",NA,NA,NA,NA,69,7,12,NA,NA
"pan_cancer","BIRC6","per_event_pairwise","WGD_vs_Classic","CI_M",NA,NA,NA,NA,69,7,12,NA,NA
"pan_cancer","BIRC6","per_event_pairwise","WGD_vs_Classic","M",NA,NA,NA,NA,69,7,12,NA,NA
"pan_cancer","BIRC6","per_event_pairwise","WGD_vs_Classic","WT",NA,NA,NA,NA,69,7,12,NA,NA
"pan_cancer","BMP6","per_event_HM_vs_rest","HM_vs_rest","CNA_driver",NA,NA,NA,NA,12,10,0,NA,NA
"pan_cancer","BMP6","per_event_HM_vs_rest","HM_vs_rest","CI_M",NA,NA,NA,NA,12,10,0,NA,NA
"pan_cancer","BMP6","per_event_HM_vs_rest","HM_vs_rest","M",NA,NA,NA,NA,12,10,0,NA,NA
"pan_cancer","BMP6","per_event_HM_vs_rest","HM_vs_rest","WT",NA,NA,NA,NA,12,10,0,NA,NA
"pan_cancer","BMP6","per_event_pairwise","HM_vs_WGD","CNA_driver",NA,NA,NA,NA,12,10,0,NA,NA
"pan_cancer","BMP6","per_event_pairwise","HM_vs_WGD","CI_M",NA,NA,NA,NA,12,10,0,NA,NA
"pan_cancer","BMP6","per_event_pairwise","HM_vs_WGD","M",NA,NA,NA,NA,12,10,0,NA,NA
"pan_cancer","BMP6","per_event_pairwise","HM_vs_WGD","WT",NA,NA,NA,NA,12,10,0,NA,NA
"pan_cancer","BRAF","global","Classic_vs_HM_vs_WGD",NA,0.00899550224887556,NA,NA,NA,71,15,32,0.0203582419316657,0.0265581494966802
"pan_cancer","BRAF","pairwise_all_events","HM_vs_Classic",NA,0.0521854241873261,NA,NA,NA,71,15,32,0.142930856553148,0.157728978723491
"pan_cancer","BRAF","pairwise_all_events","HM_vs_WGD",NA,1,NA,NA,NA,71,15,32,1,1
"pan_cancer","BRAF","pairwise_all_events","WGD_vs_Classic",NA,0.00637061346573823,NA,NA,NA,71,15,32,0.0281187531234383,0.0329556735054535
"pan_cancer","BRAF","per_event_HM_vs_rest","HM_vs_rest","CNA_driver",NA,NA,NA,NA,71,15,32,NA,NA
"pan_cancer","BRAF","per_event_HM_vs_rest","HM_vs_rest","CI_M",NA,NA,NA,NA,71,15,32,NA,NA
"pan_cancer","BRAF","per_event_HM_vs_rest","HM_vs_rest","M",0.516471473926293,0.458187460408202,0.0471655940756951,2.23818299776091,71,15,32,1,1
"pan_cancer","BRAF","per_event_HM_vs_rest","HM_vs_rest","WT",0.516471473926293,2.18251280624112,0.446790991174719,21.201895568094,71,15,32,1,1
"pan_cancer","BRAF","per_event_pairwise","HM_vs_Classic","CNA_driver",NA,NA,NA,NA,71,15,32,NA,NA
"pan_cancer","BRAF","per_event_pairwise","HM_vs_Classic","CI_M",NA,NA,NA,NA,71,15,32,NA,NA
"pan_cancer","BRAF","per_event_pairwise","HM_vs_Classic","M",0.0521854241873261,0.204122175237638,0.0193025754276955,1.13888097829241,71,15,32,0.164661654135338,0.186503589851296
"pan_cancer","BRAF","per_event_pairwise","HM_vs_Classic","WT",0.0521854241873261,4.8990267658857,0.878054879360055,51.8065583396292,71,15,32,0.164661654135338,0.186503589851296
"pan_cancer","BRAF","per_event_pairwise","HM_vs_WGD","CNA_driver",NA,NA,NA,NA,71,15,32,NA,NA
"pan_cancer","BRAF","per_event_pairwise","HM_vs_WGD","CI_M",NA,NA,NA,NA,71,15,32,NA,NA
"pan_cancer","BRAF","per_event_pairwise","HM_vs_WGD","M",1,0.758733832684235,0.0738557892429093,4.09320797996636,71,15,32,1,1
"pan_cancer","BRAF","per_event_pairwise","HM_vs_WGD","WT",1,1.31798524979731,0.244307155877337,13.5398999895734,71,15,32,1,1
"pan_cancer","BRAF","per_event_pairwise","WGD_vs_Classic","CNA_driver",NA,NA,NA,NA,71,15,32,NA,NA
"pan_cancer","BRAF","per_event_pairwise","WGD_vs_Classic","CI_M",NA,NA,NA,NA,71,15,32,NA,NA
"pan_cancer","BRAF","per_event_pairwise","WGD_vs_Classic","M",0.00637061346573823,0.265466297135017,0.0927213209772858,0.739910741398585,71,15,32,0.0332181987856351,0.0413104728860757
"pan_cancer","BRAF","per_event_pairwise","WGD_vs_Classic","WT",0.00637061346573823,3.766956524396,1.35151437065205,10.7850059669121,71,15,32,0.0332181987856351,0.0413104728860757
"pan_cancer","BRCA1","global","Classic_vs_HM_vs_WGD",NA,0.000499750124937531,NA,NA,NA,46,12,9,0.00165301964402414,0.00281677343146609
"pan_cancer","BRCA1","pairwise_all_events","HM_vs_Classic",NA,0.0804953560371517,NA,NA,NA,46,12,9,0.185810113519092,0.211251227063354
"pan_cancer","BRCA1","pairwise_all_events","HM_vs_WGD",NA,0.000499750124937531,NA,NA,NA,46,12,9,0.00276861569215392,0.00407372071539988
"pan_cancer","BRCA1","pairwise_all_events","WGD_vs_Classic",NA,0.374812593703148,NA,NA,NA,46,12,9,0.567622950819672,0.584782608695652
"pan_cancer","BRCA1","per_event_HM_vs_rest","HM_vs_rest","CNA_driver",0.000154686830611276,15.2345186723364,3.05318874180858,93.158758692946,46,12,9,0.0310920529528666,0.0539857038833355
"pan_cancer","BRCA1","per_event_HM_vs_rest","HM_vs_rest","CI_M",NA,NA,NA,NA,46,12,9,NA,NA
"pan_cancer","BRCA1","per_event_HM_vs_rest","HM_vs_rest","M",1,0,0,178.254924798703,46,12,9,1,1
"pan_cancer","BRCA1","per_event_HM_vs_rest","HM_vs_rest","WT",0.000309619971259476,0.077522589846724,0.0131895780021438,0.375547449850533,46,12,9,0.0311168071115774,0.0540286849847786
"pan_cancer","BRCA1","per_event_pairwise","HM_vs_Classic","CNA_driver",0.0804953560371517,6.30262212657074,0.730687224714433,91.0288230946737,46,12,9,0.211572018052157,0.243455829518658
"pan_cancer","BRCA1","per_event_pairwise","HM_vs_Classic","CI_M",NA,NA,NA,NA,46,12,9,NA,NA
"pan_cancer","BRCA1","per_event_pairwise","HM_vs_Classic","M",NA,NA,NA,NA,46,12,9,NA,NA
"pan_cancer","BRCA1","per_event_pairwise","HM_vs_Classic","WT",0.0804953560371517,0.15866412104641,0.0109855314613917,1.36857463245073,46,12,9,0.211572018052157,0.243455829518658
"pan_cancer","BRCA1","per_event_pairwise","HM_vs_WGD","CNA_driver",9.43995625521696e-05,19.1555506092713,3.46045273677471,136.989807120889,46,12,9,0.000907837310958609,0.00141108593904251
"pan_cancer","BRCA1","per_event_pairwise","HM_vs_WGD","CI_M",NA,NA,NA,NA,46,12,9,NA,NA
"pan_cancer","BRCA1","per_event_pairwise","HM_vs_WGD","M",1,0,0,149.153916303577,46,12,9,1,1
"pan_cancer","BRCA1","per_event_pairwise","HM_vs_WGD","WT",0.000226721528783136,0.0659510384751192,0.0101246374558997,0.34513540128695,46,12,9,0.00190969287705796,0.00291036411437944
"pan_cancer","BRCA1","per_event_pairwise","WGD_vs_Classic","CNA_driver",0.251333276416517,0.342136063573894,0.0392555818044784,4.45167844821528,46,12,9,0.463836973611382,0.480512555823676
"pan_cancer","BRCA1","per_event_pairwise","WGD_vs_Classic","CI_M",NA,NA,NA,NA,46,12,9,NA,NA
"pan_cancer","BRCA1","per_event_pairwise","WGD_vs_Classic","M",1,Inf,0.00503226902173914,Inf,46,12,9,1,1
"pan_cancer","BRCA1","per_event_pairwise","WGD_vs_Classic","WT",0.320812121655629,2.29893342256503,0.184672410496903,18.0389269955866,46,12,9,0.53768766308099,0.56130966487174
"pan_cancer","BRCA2","global","Classic_vs_HM_vs_WGD",NA,0.000499750124937531,NA,NA,NA,112,15,32,0.00165301964402414,0.00281677343146609
"pan_cancer","BRCA2","pairwise_all_events","HM_vs_Classic",NA,0.0444777611194403,NA,NA,NA,112,15,32,0.124447877071565,0.140759032248582
"pan_cancer","BRCA2","pairwise_all_events","HM_vs_WGD",NA,0.504247876061969,NA,NA,NA,112,15,32,0.686721109198948,0.693394706559264
"pan_cancer","BRCA2","pairwise_all_events","WGD_vs_Classic",NA,0.000499750124937531,NA,NA,NA,112,15,32,0.00276861569215392,0.00407372071539988
"pan_cancer","BRCA2","per_event_HM_vs_rest","HM_vs_rest","CNA_driver",1,0.786812346075076,0.0171696115638828,6.1255060767634,112,15,32,1,1
"pan_cancer","BRCA2","per_event_HM_vs_rest","HM_vs_rest","CI_M",NA,NA,NA,NA,112,15,32,NA,NA
"pan_cancer","BRCA2","per_event_HM_vs_rest","HM_vs_rest","M",1,0,0,8.59176261482094,112,15,32,1,1
"pan_cancer","BRCA2","per_event_HM_vs_rest","HM_vs_rest","WT",1,1.99300228592768,0.269941163971146,89.1735176298051,112,15,32,1,1
"pan_cancer","BRCA2","per_event_pairwise","HM_vs_Classic","CNA_driver",0.0782337812273556,0.162124219545834,0.00338873986447124,1.37282759119962,112,15,32,0.211520964059147,0.242409105379343
"pan_cancer","BRCA2","per_event_pairwise","HM_vs_Classic","CI_M",NA,NA,NA,NA,112,15,32,NA,NA
"pan_cancer","BRCA2","per_event_pairwise","HM_vs_Classic","M",0.290892271465814,0,0,3.21048604712824,112,15,32,0.501617381504042,0.521285580490021
"pan_cancer","BRCA2","per_event_pairwise","HM_vs_Classic","WT",0.0170683824863244,10.44501529619,1.28505152116056,491.372461148978,112,15,32,0.0709350927744725,0.0835487360614632
"pan_cancer","BRCA2","per_event_pairwise","HM_vs_WGD","CNA_driver",0.316325459317585,3.86237594996785,0.0621890709119195,78.6472016853166,112,15,32,0.534256624091654,0.555953290095829
"pan_cancer","BRCA2","per_event_pairwise","HM_vs_WGD","CI_M",NA,NA,NA,NA,112,15,32,NA,NA
"pan_cancer","BRCA2","per_event_pairwise","HM_vs_WGD","M",1,0,0,40.7063371849937,112,15,32,1,1
"pan_cancer","BRCA2","per_event_pairwise","HM_vs_WGD","WT",0.472317290000433,0.521863416497185,0.0469919028824724,27.3389407495069,112,15,32,0.70847593500065,0.727831912302071
"pan_cancer","BRCA2","per_event_pairwise","WGD_vs_Classic","CNA_driver",4.01165268645058e-06,0.0413539436095096,0.00415034568830842,0.212560133555811,112,15,32,7.12339409458928e-05,0.000126166476988871
"pan_cancer","BRCA2","per_event_pairwise","WGD_vs_Classic","CI_M",NA,NA,NA,NA,112,15,32,NA,NA
"pan_cancer","BRCA2","per_event_pairwise","WGD_vs_Classic","M",0.0221645509253601,0.12978642558889,0.0111899040109262,0.957092638391317,112,15,32,0.0856594703409504,0.0999390862512652
"pan_cancer","BRCA2","per_event_pairwise","WGD_vs_Classic","WT",8.37525569732794e-08,20.2949458203176,5.59361959089203,94.382882663329,112,15,32,2.50115590597475e-06,4.58090072488632e-06
"pan_cancer","BRD7","global","Classic_vs_WGD",NA,0.00149925037481259,NA,NA,NA,54,1,5,0.00386806596701649,0.00595855918194749
"pan_cancer","BRD7","pairwise_all_events","WGD_vs_Classic",NA,0.0064967516241879,NA,NA,NA,54,1,5,0.0281187531234383,0.0329740789982367
"pan_cancer","BRD7","per_event_pairwise","WGD_vs_Classic","CNA_driver",0.0847457627118644,0,0,3.61111135154275,54,1,5,0.220071012259664,0.250258613829872
"pan_cancer","BRD7","per_event_pairwise","WGD_vs_Classic","CI_M",NA,NA,NA,NA,54,1,5,NA,NA
"pan_cancer","BRD7","per_event_pairwise","WGD_vs_Classic","M",0.0326393130693478,0.0648770207223507,0.00346058317783183,1.16793851583556,54,1,5,0.11286330887664,0.131603384106537
"pan_cancer","BRD7","per_event_pairwise","WGD_vs_Classic","WT",0.0029124801803137,32.4945969101194,2.4416796546437,625.946402439358,54,1,5,0.0172387340402351,0.0220692462071772
"pan_cancer","BTG1","global","Classic_vs_HM_vs_WGD",NA,0.382308845577211,NA,NA,NA,6,3,23,0.474210010379426,0.50432230693164
"pan_cancer","BTG1","pairwise_all_events","HM_vs_Classic",NA,0.555769230769231,NA,NA,NA,6,3,23,0.729611738971929,0.740108530083778
"pan_cancer","BTG1","pairwise_all_events","HM_vs_WGD",NA,0.226190476190476,NA,NA,NA,6,3,23,0.415603900975244,0.419986558444915
"pan_cancer","BTG1","pairwise_all_events","WGD_vs_Classic",NA,0.632815460401667,NA,NA,NA,6,3,23,0.804082029959917,0.818202409586574
"pan_cancer","BTG1","per_event_HM_vs_rest","HM_vs_rest","CNA_driver",NA,NA,NA,NA,6,3,23,NA,NA
"pan_cancer","BTG1","per_event_HM_vs_rest","HM_vs_rest","CI_M",NA,NA,NA,NA,6,3,23,NA,NA
"pan_cancer","BTG1","per_event_HM_vs_rest","HM_vs_rest","M",0.540322580645161,3.6347930254038,0.169852287476312,235.325604427986,6,3,23,1,1
"pan_cancer","BTG1","per_event_HM_vs_rest","HM_vs_rest","WT",0.540322580645161,0.275118828778127,0.00424943134611609,5.88746854610045,6,3,23,1,1
"pan_cancer","BTG1","per_event_pairwise","HM_vs_Classic","CNA_driver",NA,NA,NA,NA,6,3,23,NA,NA
"pan_cancer","BTG1","per_event_pairwise","HM_vs_Classic","CI_M",NA,NA,NA,NA,6,3,23,NA,NA
"pan_cancer","BTG1","per_event_pairwise","HM_vs_Classic","M",0.555769230769231,2.97549093372562,0.136095786637123,196.118881729955,6,3,23,0.767888849245492,0.782751668520579
"pan_cancer","BTG1","per_event_pairwise","HM_vs_Classic","WT",0.555769230769231,0.336078994113384,0.00509894810320684,7.34776604558915,6,3,23,0.767888849245492,0.782751668520579
"pan_cancer","BTG1","per_event_pairwise","HM_vs_WGD","CNA_driver",NA,NA,NA,NA,6,3,23,NA,NA
"pan_cancer","BTG1","per_event_pairwise","HM_vs_WGD","CI_M",NA,NA,NA,NA,6,3,23,NA,NA
"pan_cancer","BTG1","per_event_pairwise","HM_vs_WGD","M",0.226190476190476,7.11489377494096,0.202509032120268,698.990446896075,6,3,23,0.442871587462083,0.458208726324669
"pan_cancer","BTG1","per_event_pairwise","HM_vs_WGD","WT",0.226190476190476,0.140549747205489,0.00143063471674124,4.93805135272243,6,3,23,0.442871587462083,0.458208726324669
"pan_cancer","BTG1","per_event_pairwise","WGD_vs_Classic","CNA_driver",NA,NA,NA,NA,6,3,23,NA,NA
"pan_cancer","BTG1","per_event_pairwise","WGD_vs_Classic","CI_M",NA,NA,NA,NA,6,3,23,NA,NA
"pan_cancer","BTG1","per_event_pairwise","WGD_vs_Classic","M",0.632815460401667,0.322314899603397,0.00593549417716211,3.6243883664962,6,3,23,0.846761216871478,0.870034807852784
"pan_cancer","BTG1","per_event_pairwise","WGD_vs_Classic","WT",0.632815460401667,3.10255592040728,0.275908622057169,168.477968329525,6,3,23,0.846761216871478,0.870034807852784
"pan_cancer","BTG2","per_event_pairwise","WGD_vs_Classic","CNA_driver",NA,NA,NA,NA,4,0,13,NA,NA
"pan_cancer","BTG2","per_event_pairwise","WGD_vs_Classic","CI_M",NA,NA,NA,NA,4,0,13,NA,NA
"pan_cancer","BTG2","per_event_pairwise","WGD_vs_Classic","M",NA,NA,NA,NA,4,0,13,NA,NA
"pan_cancer","BTG2","per_event_pairwise","WGD_vs_Classic","WT",NA,NA,NA,NA,4,0,13,NA,NA
"pan_cancer","CACNA1D","per_event_HM_vs_rest","HM_vs_rest","CNA_driver",NA,NA,NA,NA,58,4,9,NA,NA
"pan_cancer","CACNA1D","per_event_HM_vs_rest","HM_vs_rest","CI_M",NA,NA,NA,NA,58,4,9,NA,NA
"pan_cancer","CACNA1D","per_event_HM_vs_rest","HM_vs_rest","M",NA,NA,NA,NA,58,4,9,NA,NA
"pan_cancer","CACNA1D","per_event_HM_vs_rest","HM_vs_rest","WT",NA,NA,NA,NA,58,4,9,NA,NA
"pan_cancer","CACNA1D","per_event_pairwise","HM_vs_Classic","CNA_driver",NA,NA,NA,NA,58,4,9,NA,NA
"pan_cancer","CACNA1D","per_event_pairwise","HM_vs_Classic","CI_M",NA,NA,NA,NA,58,4,9,NA,NA
"pan_cancer","CACNA1D","per_event_pairwise","HM_vs_Classic","M",NA,NA,NA,NA,58,4,9,NA,NA
"pan_cancer","CACNA1D","per_event_pairwise","HM_vs_Classic","WT",NA,NA,NA,NA,58,4,9,NA,NA
"pan_cancer","CACNA1D","per_event_pairwise","HM_vs_WGD","CNA_driver",NA,NA,NA,NA,58,4,9,NA,NA
"pan_cancer","CACNA1D","per_event_pairwise","HM_vs_WGD","CI_M",NA,NA,NA,NA,58,4,9,NA,NA
"pan_cancer","CACNA1D","per_event_pairwise","HM_vs_WGD","M",NA,NA,NA,NA,58,4,9,NA,NA
"pan_cancer","CACNA1D","per_event_pairwise","HM_vs_WGD","WT",NA,NA,NA,NA,58,4,9,NA,NA
"pan_cancer","CACNA1D","per_event_pairwise","WGD_vs_Classic","CNA_driver",NA,NA,NA,NA,58,4,9,NA,NA
"pan_cancer","CACNA1D","per_event_pairwise","WGD_vs_Classic","CI_M",NA,NA,NA,NA,58,4,9,NA,NA
"pan_cancer","CACNA1D","per_event_pairwise","WGD_vs_Classic","M",NA,NA,NA,NA,58,4,9,NA,NA
"pan_cancer","CACNA1D","per_event_pairwise","WGD_vs_Classic","WT",NA,NA,NA,NA,58,4,9,NA,NA
"pan_cancer","CAMTA1","per_event_HM_vs_rest","HM_vs_rest","CNA_driver",NA,NA,NA,NA,21,4,0,NA,NA
"pan_cancer","CAMTA1","per_event_HM_vs_rest","HM_vs_rest","CI_M",NA,NA,NA,NA,21,4,0,NA,NA
"pan_cancer","CAMTA1","per_event_HM_vs_rest","HM_vs_rest","M",NA,NA,NA,NA,21,4,0,NA,NA
"pan_cancer","CAMTA1","per_event_HM_vs_rest","HM_vs_rest","WT",NA,NA,NA,NA,21,4,0,NA,NA
"pan_cancer","CAMTA1","per_event_pairwise","HM_vs_WGD","CNA_driver",NA,NA,NA,NA,21,4,0,NA,NA
"pan_cancer","CAMTA1","per_event_pairwise","HM_vs_WGD","CI_M",NA,NA,NA,NA,21,4,0,NA,NA
"pan_cancer","CAMTA1","per_event_pairwise","HM_vs_WGD","M",NA,NA,NA,NA,21,4,0,NA,NA
"pan_cancer","CAMTA1","per_event_pairwise","HM_vs_WGD","WT",NA,NA,NA,NA,21,4,0,NA,NA
"pan_cancer","CANT1","per_event_HM_vs_rest","HM_vs_rest","CNA_driver",NA,NA,NA,NA,13,6,1,NA,NA
"pan_cancer","CANT1","per_event_HM_vs_rest","HM_vs_rest","CI_M",NA,NA,NA,NA,13,6,1,NA,NA
"pan_cancer","CANT1","per_event_HM_vs_rest","HM_vs_rest","M",NA,NA,NA,NA,13,6,1,NA,NA
"pan_cancer","CANT1","per_event_HM_vs_rest","HM_vs_rest","WT",NA,NA,NA,NA,13,6,1,NA,NA
"pan_cancer","CANT1","per_event_pairwise","HM_vs_WGD","CNA_driver",NA,NA,NA,NA,13,6,1,NA,NA
"pan_cancer","CANT1","per_event_pairwise","HM_vs_WGD","CI_M",NA,NA,NA,NA,13,6,1,NA,NA
"pan_cancer","CANT1","per_event_pairwise","HM_vs_WGD","M",NA,NA,NA,NA,13,6,1,NA,NA
"pan_cancer","CANT1","per_event_pairwise","HM_vs_WGD","WT",NA,NA,NA,NA,13,6,1,NA,NA
"pan_cancer","CARD11","global","Classic_vs_HM_vs_WGD",NA,0.000999500249875062,NA,NA,NA,40,9,36,0.0027433091964656,0.0044905083690039
"pan_cancer","CARD11","pairwise_all_events","HM_vs_Classic",NA,0.173131028521063,NA,NA,NA,40,9,36,0.347516629712569,0.362429935191954
"pan_cancer","CARD11","pairwise_all_events","WGD_vs_Classic",NA,0.000266296216127395,NA,NA,NA,40,9,36,0.00276861569215392,0.00407372071539988
"pan_cancer","CARD11","per_event_HM_vs_rest","HM_vs_rest","CNA_driver",NA,NA,NA,NA,40,9,36,NA,NA
"pan_cancer","CARD11","per_event_HM_vs_rest","HM_vs_rest","CI_M",NA,NA,NA,NA,40,9,36,NA,NA
"pan_cancer","CARD11","per_event_HM_vs_rest","HM_vs_rest","M",0.590241793974911,0,0,3.9833436459944,40,9,36,1,1
"pan_cancer","CARD11","per_event_HM_vs_rest","HM_vs_rest","WT",0.590241793974911,Inf,0.251045375160034,Inf,40,9,36,1,1
"pan_cancer","CARD11","per_event_pairwise","HM_vs_Classic","CNA_driver",NA,NA,NA,NA,40,9,36,NA,NA
"pan_cancer","CARD11","per_event_pairwise","HM_vs_Classic","CI_M",NA,NA,NA,NA,40,9,36,NA,NA
"pan_cancer","CARD11","per_event_pairwise","HM_vs_Classic","M",0.173131028521064,0,0,1.64344381070065,40,9,36,0.384280695061955,0.40036550345496
"pan_cancer","CARD11","per_event_pairwise","HM_vs_Classic","WT",0.173131028521063,Inf,0.608478363232676,Inf,40,9,36,0.384280695061955,0.40036550345496
"pan_cancer","CARD11","per_event_pairwise","HM_vs_WGD","CNA_driver",NA,NA,NA,NA,40,9,36,NA,NA
"pan_cancer","CARD11","per_event_pairwise","HM_vs_WGD","CI_M",NA,NA,NA,NA,40,9,36,NA,NA
"pan_cancer","CARD11","per_event_pairwise","HM_vs_WGD","M",NA,NA,NA,NA,40,9,36,NA,NA
"pan_cancer","CARD11","per_event_pairwise","HM_vs_WGD","WT",NA,NA,NA,NA,40,9,36,NA,NA
"pan_cancer","CARD11","per_event_pairwise","WGD_vs_Classic","CNA_driver",NA,NA,NA,NA,40,9,36,NA,NA
"pan_cancer","CARD11","per_event_pairwise","WGD_vs_Classic","CI_M",NA,NA,NA,NA,40,9,36,NA,NA
"pan_cancer","CARD11","per_event_pairwise","WGD_vs_Classic","M",0.000266296216127395,0,0,0.326725547366088,40,9,36,0.00208281683328213,0.00322115999892561
"pan_cancer","CARD11","per_event_pairwise","WGD_vs_Classic","WT",0.000266296216127395,Inf,3.06067281258396,Inf,40,9,36,0.00208281683328213,0.00322115999892561
"pan_cancer","CASP8","global","Classic_vs_WGD",NA,0.0140374331550802,NA,NA,NA,25,2,9,0.0282942012032086,0.038171967351534
"pan_cancer","CASP8","pairwise_all_events","WGD_vs_Classic",NA,0.0140374331550802,NA,NA,NA,25,2,9,0.0492198605564206,0.0576499163162837
"pan_cancer","CASP8","per_event_pairwise","WGD_vs_Classic","CNA_driver",NA,NA,NA,NA,25,2,9,NA,NA
"pan_cancer","CASP8","per_event_pairwise","WGD_vs_Classic","CI_M",NA,NA,NA,NA,25,2,9,NA,NA
"pan_cancer","CASP8","per_event_pairwise","WGD_vs_Classic","M",0.0140374331550802,0,0,0.76254860416218,25,2,9,0.0610767786946206,0.0723733233979136
"pan_cancer","CASP8","per_event_pairwise","WGD_vs_Classic","WT",0.0140374331550802,Inf,1.31139181757301,Inf,25,2,9,0.0610767786946206,0.0723733233979136
"pan_cancer","CASZ1","per_event_HM_vs_rest","HM_vs_rest","CNA_driver",NA,NA,NA,NA,18,4,0,NA,NA
"pan_cancer","CASZ1","per_event_HM_vs_rest","HM_vs_rest","CI_M",NA,NA,NA,NA,18,4,0,NA,NA
"pan_cancer","CASZ1","per_event_HM_vs_rest","HM_vs_rest","M",NA,NA,NA,NA,18,4,0,NA,NA
"pan_cancer","CASZ1","per_event_HM_vs_rest","HM_vs_rest","WT",NA,NA,NA,NA,18,4,0,NA,NA
"pan_cancer","CASZ1","per_event_pairwise","HM_vs_WGD","CNA_driver",NA,NA,NA,NA,18,4,0,NA,NA
"pan_cancer","CASZ1","per_event_pairwise","HM_vs_WGD","CI_M",NA,NA,NA,NA,18,4,0,NA,NA
"pan_cancer","CASZ1","per_event_pairwise","HM_vs_WGD","M",NA,NA,NA,NA,18,4,0,NA,NA
"pan_cancer","CASZ1","per_event_pairwise","HM_vs_WGD","WT",NA,NA,NA,NA,18,4,0,NA,NA
"pan_cancer","CBFB","global","Classic_vs_WGD",NA,0.00020639834881321,NA,NA,NA,16,1,4,0.00165301964402414,0.00281677343146609
"pan_cancer","CBFB","pairwise_all_events","WGD_vs_Classic",NA,0.00020639834881321,NA,NA,NA,16,1,4,0.00276861569215392,0.00407372071539988
"pan_cancer","CBFB","per_event_pairwise","WGD_vs_Classic","CNA_driver",NA,NA,NA,NA,16,1,4,NA,NA
"pan_cancer","CBFB","per_event_pairwise","WGD_vs_Classic","CI_M",NA,NA,NA,NA,16,1,4,NA,NA
"pan_cancer","CBFB","per_event_pairwise","WGD_vs_Classic","M",0.00020639834881321,0,0,0.159918184229086,16,1,4,0.00176108721000362,0.0027046783625731
"pan_cancer","CBFB","per_event_pairwise","WGD_vs_Classic","WT",0.00020639834881321,Inf,6.25319756362092,Inf,16,1,4,0.00176108721000362,0.0027046783625731
"pan_cancer","CBL","per_event_HM_vs_rest","HM_vs_rest","CNA_driver",NA,NA,NA,NA,14,3,1,NA,NA
"pan_cancer","CBL","per_event_HM_vs_rest","HM_vs_rest","CI_M",NA,NA,NA,NA,14,3,1,NA,NA
"pan_cancer","CBL","per_event_HM_vs_rest","HM_vs_rest","M",NA,NA,NA,NA,14,3,1,NA,NA
"pan_cancer","CBL","per_event_HM_vs_rest","HM_vs_rest","WT",NA,NA,NA,NA,14,3,1,NA,NA
"pan_cancer","CBL","per_event_pairwise","HM_vs_WGD","CNA_driver",NA,NA,NA,NA,14,3,1,NA,NA
"pan_cancer","CBL","per_event_pairwise","HM_vs_WGD","CI_M",NA,NA,NA,NA,14,3,1,NA,NA
"pan_cancer","CBL","per_event_pairwise","HM_vs_WGD","M",NA,NA,NA,NA,14,3,1,NA,NA
"pan_cancer","CBL","per_event_pairwise","HM_vs_WGD","WT",NA,NA,NA,NA,14,3,1,NA,NA
"pan_cancer","CCND1","global","Classic_vs_WGD",NA,1,NA,NA,NA,18,1,12,1,1
"pan_cancer","CCND1","pairwise_all_events","WGD_vs_Classic",NA,1,NA,NA,NA,18,1,12,1,1
"pan_cancer","CCND1","per_event_pairwise","WGD_vs_Classic","CNA_driver",1,1.52251370081691,0.018070630470381,128.202522375776,18,1,12,1,1
"pan_cancer","CCND1","per_event_pairwise","WGD_vs_Classic","CI_M",NA,NA,NA,NA,18,1,12,NA,NA
"pan_cancer","CCND1","per_event_pairwise","WGD_vs_Classic","M",NA,NA,NA,NA,18,1,12,NA,NA
"pan_cancer","CCND1","per_event_pairwise","WGD_vs_Classic","WT",1,0.656808539367132,0.00780015854188026,55.3384123281734,18,1,12,1,1
"pan_cancer","CCND3","global","Classic_vs_WGD",NA,1,NA,NA,NA,6,0,13,1,1
"pan_cancer","CCND3","pairwise_all_events","WGD_vs_Classic",NA,1,NA,NA,NA,6,0,13,1,1
"pan_cancer","CCND3","per_event_pairwise","WGD_vs_Classic","CNA_driver",NA,NA,NA,NA,6,0,13,NA,NA
"pan_cancer","CCND3","per_event_pairwise","WGD_vs_Classic","CI_M",NA,NA,NA,NA,6,0,13,NA,NA
"pan_cancer","CCND3","per_event_pairwise","WGD_vs_Classic","M",1,0,0,11.8779907952195,6,0,13,1,1
"pan_cancer","CCND3","per_event_pairwise","WGD_vs_Classic","WT",1,Inf,0.0841893226927292,Inf,6,0,13,1,1
"pan_cancer","CD58","per_event_pairwise","WGD_vs_Classic","CNA_driver",NA,NA,NA,NA,5,0,3,NA,NA
"pan_cancer","CD58","per_event_pairwise","WGD_vs_Classic","CI_M",NA,NA,NA,NA,5,0,3,NA,NA
"pan_cancer","CD58","per_event_pairwise","WGD_vs_Classic","M",NA,NA,NA,NA,5,0,3,NA,NA
"pan_cancer","CD58","per_event_pairwise","WGD_vs_Classic","WT",NA,NA,NA,NA,5,0,3,NA,NA
"pan_cancer","CD79B","per_event_pairwise","WGD_vs_Classic","CNA_driver",NA,NA,NA,NA,5,1,9,NA,NA
"pan_cancer","CD79B","per_event_pairwise","WGD_vs_Classic","CI_M",NA,NA,NA,NA,5,1,9,NA,NA
"pan_cancer","CD79B","per_event_pairwise","WGD_vs_Classic","M",NA,NA,NA,NA,5,1,9,NA,NA
"pan_cancer","CD79B","per_event_pairwise","WGD_vs_Classic","WT",NA,NA,NA,NA,5,1,9,NA,NA
"pan_cancer","CDH1","global","Classic_vs_HM_vs_WGD",NA,0.000499750124937531,NA,NA,NA,35,3,7,0.00165301964402414,0.00281677343146609
"pan_cancer","CDH1","pairwise_all_events","HM_vs_Classic",NA,0.0749625187406297,NA,NA,NA,35,3,7,0.178069983198188,0.202324786324786
"pan_cancer","CDH1","pairwise_all_events","HM_vs_WGD",NA,0.153627311522048,NA,NA,NA,35,3,7,0.317572875310503,0.331933709232378
"pan_cancer","CDH1","pairwise_all_events","WGD_vs_Classic",NA,0.000499750124937531,NA,NA,NA,35,3,7,0.00276861569215392,0.00407372071539988
"pan_cancer","CDH1","per_event_HM_vs_rest","HM_vs_rest","CNA_driver",1,0,0,44.2270633398732,35,3,7,1,1
"pan_cancer","CDH1","per_event_HM_vs_rest","HM_vs_rest","CI_M",NA,NA,NA,NA,35,3,7,NA,NA
"pan_cancer","CDH1","per_event_HM_vs_rest","HM_vs_rest","M",0.355954897815363,3.54565360631582,0.052345334684178,80.6651390415661,35,3,7,1,1
"pan_cancer","CDH1","per_event_HM_vs_rest","HM_vs_rest","WT",0.496828752642706,0.480116057283666,0.0222848516717489,31.1980301723001,35,3,7,1,1
"pan_cancer","CDH1","per_event_pairwise","HM_vs_Classic","CNA_driver",0.475,0,0,6.03539149282479,35,3,7,0.709426627793975,0.727831912302071
"pan_cancer","CDH1","per_event_pairwise","HM_vs_Classic","CI_M",NA,NA,NA,NA,35,3,7,NA,NA
"pan_cancer","CDH1","per_event_pairwise","HM_vs_Classic","M",1,0.414211845799713,0.00511109002908967,11.7998552807741,35,3,7,1,1
"pan_cancer","CDH1","per_event_pairwise","HM_vs_Classic","WT",0.0666666666666667,Inf,0.522802905437242,Inf,35,3,7,0.191266375545852,0.217835497835498
"pan_cancer","CDH1","per_event_pairwise","HM_vs_WGD","CNA_driver",NA,NA,NA,NA,35,3,7,NA,NA
"pan_cancer","CDH1","per_event_pairwise","HM_vs_WGD","CI_M",NA,NA,NA,NA,35,3,7,NA,NA
"pan_cancer","CDH1","per_event_pairwise","HM_vs_WGD","M",0.153627311522048,14.0890704446751,0.144700885093414,1350.30257339016,35,3,7,0.350462304409673,0.371474974162114
"pan_cancer","CDH1","per_event_pairwise","HM_vs_WGD","WT",0.153627311522048,0.0709770033393469,0.000740574756877896,6.91080776288574,35,3,7,0.350462304409673,0.371474974162114
"pan_cancer","CDH1","per_event_pairwise","WGD_vs_Classic","CNA_driver",0.00304878048780488,0,0,0.398020322046484,35,3,7,0.0178843641114983,0.0226944725068553
"pan_cancer","CDH1","per_event_pairwise","WGD_vs_Classic","CI_M",NA,NA,NA,NA,35,3,7,NA,NA
"pan_cancer","CDH1","per_event_pairwise","WGD_vs_Classic","M",0.00146473124650275,0.0268965355480968,0.00044476703153216,0.366538195912793,35,3,7,0.00925315797069524,0.0122842127206697
"pan_cancer","CDH1","per_event_pairwise","WGD_vs_Classic","WT",2.96534314506072e-07,Inf,16.4102515440522,Inf,35,3,7,7.21566831964776e-06,1.33228631303085e-05
"pan_cancer","CDH10","per_event_pairwise","WGD_vs_Classic","CNA_driver",NA,NA,NA,NA,40,1,5,NA,NA
"pan_cancer","CDH10","per_event_pairwise","WGD_vs_Classic","CI_M",NA,NA,NA,NA,40,1,5,NA,NA
"pan_cancer","CDH10","per_event_pairwise","WGD_vs_Classic","M",NA,NA,NA,NA,40,1,5,NA,NA
"pan_cancer","CDH10","per_event_pairwise","WGD_vs_Classic","WT",NA,NA,NA,NA,40,1,5,NA,NA
"pan_cancer","CDH11","per_event_pairwise","WGD_vs_Classic","CNA_driver",NA,NA,NA,NA,45,2,3,NA,NA
"pan_cancer","CDH11","per_event_pairwise","WGD_vs_Classic","CI_M",NA,NA,NA,NA,45,2,3,NA,NA
"pan_cancer","CDH11","per_event_pairwise","WGD_vs_Classic","M",NA,NA,NA,NA,45,2,3,NA,NA
"pan_cancer","CDH11","per_event_pairwise","WGD_vs_Classic","WT",NA,NA,NA,NA,45,2,3,NA,NA
"pan_cancer","CDK12","global","Classic_vs_HM_vs_WGD",NA,0.0514742628685657,NA,NA,NA,62,3,3,0.0851305116672433,0.108551166593574
"pan_cancer","CDK12","pairwise_all_events","HM_vs_Classic",NA,0.4,NA,NA,NA,62,3,3,0.592513368983957,0.606651603775577
"pan_cancer","CDK12","pairwise_all_events","HM_vs_WGD",NA,1,NA,NA,NA,62,3,3,1,1
"pan_cancer","CDK12","pairwise_all_events","WGD_vs_Classic",NA,0.0286858974358974,NA,NA,NA,62,3,3,0.0882888176638176,0.101532979082321
"pan_cancer","CDK12","per_event_HM_vs_rest","HM_vs_rest","CNA_driver",NA,NA,NA,NA,62,3,3,NA,NA
"pan_cancer","CDK12","per_event_HM_vs_rest","HM_vs_rest","CI_M",NA,NA,NA,NA,62,3,3,NA,NA
"pan_cancer","CDK12","per_event_HM_vs_rest","HM_vs_rest","M",1,0,0,23.0361178154174,62,3,3,1,1
"pan_cancer","CDK12","per_event_HM_vs_rest","HM_vs_rest","WT",1,Inf,0.043410092273913,Inf,62,3,3,1,1
"pan_cancer","CDK12","per_event_pairwise","HM_vs_Classic","CNA_driver",NA,NA,NA,NA,62,3,3,NA,NA
"pan_cancer","CDK12","per_event_pairwise","HM_vs_Classic","CI_M",NA,NA,NA,NA,62,3,3,NA,NA
"pan_cancer","CDK12","per_event_pairwise","HM_vs_Classic","M",0.4,0,0,4.92298386744475,62,3,3,0.625714285714286,0.6526588845655
"pan_cancer","CDK12","per_event_pairwise","HM_vs_Classic","WT",0.4,Inf,0.203128839526148,Inf,62,3,3,0.625714285714286,0.6526588845655
"pan_cancer","CDK12","per_event_pairwise","HM_vs_WGD","CNA_driver",NA,NA,NA,NA,62,3,3,NA,NA
"pan_cancer","CDK12","per_event_pairwise","HM_vs_WGD","CI_M",NA,NA,NA,NA,62,3,3,NA,NA
"pan_cancer","CDK12","per_event_pairwise","HM_vs_WGD","M",1,0,0,33.3423647099003,62,3,3,1,1
"pan_cancer","CDK12","per_event_pairwise","HM_vs_WGD","WT",1,Inf,0.0299918739627688,Inf,62,3,3,1,1
"pan_cancer","CDK12","per_event_pairwise","WGD_vs_Classic","CNA_driver",NA,NA,NA,NA,62,3,3,NA,NA
"pan_cancer","CDK12","per_event_pairwise","WGD_vs_Classic","CI_M",NA,NA,NA,NA,62,3,3,NA,NA
"pan_cancer","CDK12","per_event_pairwise","WGD_vs_Classic","M",0.0286858974358974,0.0490029626158498,0.00074024199619369,1.0835049774212,62,3,3,0.104125053123672,0.121096842195836
"pan_cancer","CDK12","per_event_pairwise","WGD_vs_Classic","WT",0.0286858974358974,20.4069294307637,0.922930693295063,1350.90957435813,62,3,3,0.104125053123672,0.121096842195836
"pan_cancer","CDKN1A","global","Classic_vs_HM_vs_WGD",NA,1,NA,NA,NA,19,7,15,1,1
"pan_cancer","CDKN1A","pairwise_all_events","HM_vs_Classic",NA,1,NA,NA,NA,19,7,15,1,1
"pan_cancer","CDKN1A","pairwise_all_events","HM_vs_WGD",NA,1,NA,NA,NA,19,7,15,1,1
"pan_cancer","CDKN1A","pairwise_all_events","WGD_vs_Classic",NA,1,NA,NA,NA,19,7,15,1,1
"pan_cancer","CDKN1A","per_event_HM_vs_rest","HM_vs_rest","CNA_driver",NA,NA,NA,NA,19,7,15,NA,NA
"pan_cancer","CDKN1A","per_event_HM_vs_rest","HM_vs_rest","CI_M",NA,NA,NA,NA,19,7,15,NA,NA
"pan_cancer","CDKN1A","per_event_HM_vs_rest","HM_vs_rest","M",1,0,0,7.93552817628659,19,7,15,1,1
"pan_cancer","CDKN1A","per_event_HM_vs_rest","HM_vs_rest","WT",1,Inf,0.126015556593732,Inf,19,7,15,1,1
"pan_cancer","CDKN1A","per_event_pairwise","HM_vs_Classic","CNA_driver",NA,NA,NA,NA,19,7,15,NA,NA
"pan_cancer","CDKN1A","per_event_pairwise","HM_vs_Classic","CI_M",NA,NA,NA,NA,19,7,15,NA,NA
"pan_cancer","CDKN1A","per_event_pairwise","HM_vs_Classic","M",1,0,0,11.6883836518978,19,7,15,1,1
"pan_cancer","CDKN1A","per_event_pairwise","HM_vs_Classic","WT",1,Inf,0.0855550288031167,Inf,19,7,15,1,1
"pan_cancer","CDKN1A","per_event_pairwise","HM_vs_WGD","CNA_driver",NA,NA,NA,NA,19,7,15,NA,NA
"pan_cancer","CDKN1A","per_event_pairwise","HM_vs_WGD","CI_M",NA,NA,NA,NA,19,7,15,NA,NA
"pan_cancer","CDKN1A","per_event_pairwise","HM_vs_WGD","M",1,0,0,14.9338434208856,19,7,15,1,1
"pan_cancer","CDKN1A","per_event_pairwise","HM_vs_WGD","WT",1,Inf,0.0669619984498741,Inf,19,7,15,1,1
"pan_cancer","CDKN1A","per_event_pairwise","WGD_vs_Classic","CNA_driver",NA,NA,NA,NA,19,7,15,NA,NA
"pan_cancer","CDKN1A","per_event_pairwise","WGD_vs_Classic","CI_M",NA,NA,NA,NA,19,7,15,NA,NA
"pan_cancer","CDKN1A","per_event_pairwise","WGD_vs_Classic","M",1,0.770830838881373,0.0495871699537664,11.9658547821293,19,7,15,1,1
"pan_cancer","CDKN1A","per_event_pairwise","WGD_vs_Classic","WT",1,1.29730149542433,0.0835711295354746,20.1665067986814,19,7,15,1,1
"pan_cancer","CDKN1B","global","Classic_vs_HM_vs_WGD",NA,0.000499750124937531,NA,NA,NA,59,5,12,0.00165301964402414,0.00281677343146609
"pan_cancer","CDKN1B","pairwise_all_events","HM_vs_Classic",NA,1,NA,NA,NA,59,5,12,1,1
"pan_cancer","CDKN1B","pairwise_all_events","HM_vs_WGD",NA,0.0164917541229385,NA,NA,NA,59,5,12,0.0550387456873973,0.0647632388185469
"pan_cancer","CDKN1B","pairwise_all_events","WGD_vs_Classic",NA,0.000499750124937531,NA,NA,NA,59,5,12,0.00276861569215392,0.00407372071539988
"pan_cancer","CDKN1B","per_event_HM_vs_rest","HM_vs_rest","CNA_driver",0.149798969842229,4.45590617759314,0.330394831855193,44.8635149003634,59,5,12,1,1
"pan_cancer","CDKN1B","per_event_HM_vs_rest","HM_vs_rest","CI_M",NA,NA,NA,NA,59,5,12,NA,NA
"pan_cancer","CDKN1B","per_event_HM_vs_rest","HM_vs_rest","M",0.242670356008496,5.42580555105465,0.0865268229229009,89.8091169384175,59,5,12,1,1
"pan_cancer","CDKN1B","per_event_HM_vs_rest","HM_vs_rest","WT",0.0497388881311015,0.140933521101917,0.0106739803507563,1.36568862083118,59,5,12,1,1
"pan_cancer","CDKN1B","per_event_pairwise","HM_vs_Classic","CNA_driver",1,0.937095227331722,0.0574759660142404,11.8727307095028,59,5,12,1,1
"pan_cancer","CDKN1B","per_event_pairwise","HM_vs_Classic","CI_M",NA,NA,NA,NA,59,5,12,NA,NA
"pan_cancer","CDKN1B","per_event_pairwise","HM_vs_Classic","M",1,1.23315831124949,0.0169961333210833,30.7697612152134,59,5,12,1,1
"pan_cancer","CDKN1B","per_event_pairwise","HM_vs_Classic","WT",1,0.937095227331722,0.0574759660142404,11.8727307095028,59,5,12,1,1
"pan_cancer","CDKN1B","per_event_pairwise","HM_vs_WGD","CNA_driver",0.0651551207473999,8.56533699328567,0.566157113997348,102.825052659738,59,5,12,0.189062872112408,0.21494391025641
"pan_cancer","CDKN1B","per_event_pairwise","HM_vs_WGD","CI_M",NA,NA,NA,NA,59,5,12,NA,NA
"pan_cancer","CDKN1B","per_event_pairwise","HM_vs_WGD","M",0.151289682539683,13.0805567985102,0.147975666742645,1142.88041373472,59,5,12,0.347543081918082,0.367417800453515
"pan_cancer","CDKN1B","per_event_pairwise","HM_vs_WGD","WT",0.0118323638286621,0.067489390472625,0.00460145362482565,0.726361671332676,59,5,12,0.0547455143340211,0.0638846081393
"pan_cancer","CDKN1B","per_event_pairwise","WGD_vs_Classic","CNA_driver",0.00526201465179802,0.107338349953621,0.0166872207534034,0.623707897591637,59,5,12,0.0288095302185942,0.0352107150636272
"pan_cancer","CDKN1B","per_event_pairwise","WGD_vs_Classic","CI_M",NA,NA,NA,NA,59,5,12,NA,NA
"pan_cancer","CDKN1B","per_event_pairwise","WGD_vs_Classic","M",0.0719797043128335,0.0911821059719932,0.00144533102449725,1.9001079708142,59,5,12,0.200384176836998,0.228662798044305
"pan_cancer","CDKN1B","per_event_pairwise","WGD_vs_Classic","WT",0.00032786823035766,14.144691663397,2.7761503428058,83.8922614910901,59,5,12,0.00237266466422743,0.00369880143827569
"pan_cancer","CDKN2A","global","Classic_vs_HM_vs_WGD",NA,0.000499750124937531,NA,NA,NA,156,17,103,0.00165301964402414,0.00281677343146609
"pan_cancer","CDKN2A","pairwise_all_events","HM_vs_Classic",NA,0.107446276861569,NA,NA,NA,156,17,103,0.234351328272871,0.253535512945282
"pan_cancer","CDKN2A","pairwise_all_events","HM_vs_WGD",NA,0.0834582708645677,NA,NA,NA,156,17,103,0.191057363880043,0.215868027524699
"pan_cancer","CDKN2A","pairwise_all_events","WGD_vs_Classic",NA,0.000499750124937531,NA,NA,NA,156,17,103,0.00276861569215392,0.00407372071539988
"pan_cancer","CDKN2A","per_event_HM_vs_rest","HM_vs_rest","CNA_driver",0.455080693451153,1.57693882171418,0.523303211020668,5.041059972477,156,17,103,1,1
"pan_cancer","CDKN2A","per_event_HM_vs_rest","HM_vs_rest","CI_M",NA,NA,NA,NA,156,17,103,NA,NA
"pan_cancer","CDKN2A","per_event_HM_vs_rest","HM_vs_rest","M",1,0.68972329654356,0.073876130725734,3.14262969450598,156,17,103,1,1
"pan_cancer","CDKN2A","per_event_HM_vs_rest","HM_vs_rest","WT",0.794749768873674,0.732179029751677,0.195909367654565,2.31830445708909,156,17,103,1,1
"pan_cancer","CDKN2A","per_event_pairwise","HM_vs_Classic","CNA_driver",0.396165131654587,0.589905310152254,0.182348298207933,2.00761132029013,156,17,103,0.625714285714286,0.6526588845655
"pan_cancer","CDKN2A","per_event_pairwise","HM_vs_Classic","CI_M",NA,NA,NA,NA,156,17,103,NA,NA
"pan_cancer","CDKN2A","per_event_pairwise","HM_vs_Classic","M",0.735434049733847,0.555696757616107,0.0571611184779035,2.71120480506605,156,17,103,0.958690814831622,0.995883783170269
"pan_cancer","CDKN2A","per_event_pairwise","HM_vs_Classic","WT",0.038512689644622,3.81480562429746,0.873487895665727,15.0517255125998,156,17,103,0.129820123979184,0.1512124668158
"pan_cancer","CDKN2A","per_event_pairwise","HM_vs_WGD","CNA_driver",0.0341104054551216,3.00736759186509,0.96851046075864,9.89827166529877,156,17,103,0.117332651225209,0.136169231635713
"pan_cancer","CDKN2A","per_event_pairwise","HM_vs_WGD","CI_M",NA,NA,NA,NA,156,17,103,NA,NA
"pan_cancer","CDKN2A","per_event_pairwise","HM_vs_WGD","M",1,0.813041902704684,0.0845583794936576,3.89685725029923,156,17,103,1,1
"pan_cancer","CDKN2A","per_event_pairwise","HM_vs_WGD","WT",0.0736248836306728,0.359209363755173,0.0945314702779197,1.15983913305892,156,17,103,0.204099360950853,0.232130585482172
"pan_cancer","CDKN2A","per_event_pairwise","WGD_vs_Classic","CNA_driver",7.91457178984872e-10,0.195215646728422,0.108472019352831,0.344539054083667,156,17,103,3.0587492152533e-08,5.53140628423872e-08
"pan_cancer","CDKN2A","per_event_pairwise","WGD_vs_Classic","CI_M",NA,NA,NA,NA,156,17,103,NA,NA
"pan_cancer","CDKN2A","per_event_pairwise","WGD_vs_Classic","M",0.302034045600562,0.682399968020877,0.332501519028608,1.40596895089898,156,17,103,0.517943238922529,0.539714246257823
"pan_cancer","CDKN2A","per_event_pairwise","WGD_vs_Classic","WT",7.63135407015617e-14,10.7502970698249,5.10326539125686,24.9444842380779,156,17,103,4.1781663534105e-12,8.00020285021372e-12
"pan_cancer","CDX2","per_event_HM_vs_rest","HM_vs_rest","CNA_driver",NA,NA,NA,NA,8,5,2,NA,NA
"pan_cancer","CDX2","per_event_HM_vs_rest","HM_vs_rest","CI_M",NA,NA,NA,NA,8,5,2,NA,NA
"pan_cancer","CDX2","per_event_HM_vs_rest","HM_vs_rest","M",NA,NA,NA,NA,8,5,2,NA,NA
"pan_cancer","CDX2","per_event_HM_vs_rest","HM_vs_rest","WT",NA,NA,NA,NA,8,5,2,NA,NA
"pan_cancer","CDX2","per_event_pairwise","HM_vs_WGD","CNA_driver",NA,NA,NA,NA,8,5,2,NA,NA
"pan_cancer","CDX2","per_event_pairwise","HM_vs_WGD","CI_M",NA,NA,NA,NA,8,5,2,NA,NA
"pan_cancer","CDX2","per_event_pairwise","HM_vs_WGD","M",NA,NA,NA,NA,8,5,2,NA,NA
"pan_cancer","CDX2","per_event_pairwise","HM_vs_WGD","WT",NA,NA,NA,NA,8,5,2,NA,NA
"pan_cancer","CHD4","per_event_HM_vs_rest","HM_vs_rest","CNA_driver",NA,NA,NA,NA,5,3,3,NA,NA
"pan_cancer","CHD4","per_event_HM_vs_rest","HM_vs_rest","CI_M",NA,NA,NA,NA,5,3,3,NA,NA
"pan_cancer","CHD4","per_event_HM_vs_rest","HM_vs_rest","M",NA,NA,NA,NA,5,3,3,NA,NA
"pan_cancer","CHD4","per_event_HM_vs_rest","HM_vs_rest","WT",NA,NA,NA,NA,5,3,3,NA,NA
"pan_cancer","CHD4","per_event_pairwise","HM_vs_Classic","CNA_driver",NA,NA,NA,NA,5,3,3,NA,NA
"pan_cancer","CHD4","per_event_pairwise","HM_vs_Classic","CI_M",NA,NA,NA,NA,5,3,3,NA,NA
"pan_cancer","CHD4","per_event_pairwise","HM_vs_Classic","M",NA,NA,NA,NA,5,3,3,NA,NA
"pan_cancer","CHD4","per_event_pairwise","HM_vs_Classic","WT",NA,NA,NA,NA,5,3,3,NA,NA
"pan_cancer","CHD4","per_event_pairwise","HM_vs_WGD","CNA_driver",NA,NA,NA,NA,5,3,3,NA,NA
"pan_cancer","CHD4","per_event_pairwise","HM_vs_WGD","CI_M",NA,NA,NA,NA,5,3,3,NA,NA
"pan_cancer","CHD4","per_event_pairwise","HM_vs_WGD","M",NA,NA,NA,NA,5,3,3,NA,NA
"pan_cancer","CHD4","per_event_pairwise","HM_vs_WGD","WT",NA,NA,NA,NA,5,3,3,NA,NA
"pan_cancer","CHD4","per_event_pairwise","WGD_vs_Classic","CNA_driver",NA,NA,NA,NA,5,3,3,NA,NA
"pan_cancer","CHD4","per_event_pairwise","WGD_vs_Classic","CI_M",NA,NA,NA,NA,5,3,3,NA,NA
"pan_cancer","CHD4","per_event_pairwise","WGD_vs_Classic","M",NA,NA,NA,NA,5,3,3,NA,NA
"pan_cancer","CHD4","per_event_pairwise","WGD_vs_Classic","WT",NA,NA,NA,NA,5,3,3,NA,NA
"pan_cancer","CIC","per_event_pairwise","WGD_vs_Classic","CNA_driver",NA,NA,NA,NA,18,2,8,NA,NA
"pan_cancer","CIC","per_event_pairwise","WGD_vs_Classic","CI_M",NA,NA,NA,NA,18,2,8,NA,NA
"pan_cancer","CIC","per_event_pairwise","WGD_vs_Classic","M",NA,NA,NA,NA,18,2,8,NA,NA
"pan_cancer","CIC","per_event_pairwise","WGD_vs_Classic","WT",NA,NA,NA,NA,18,2,8,NA,NA
"pan_cancer","CLTC","per_event_HM_vs_rest","HM_vs_rest","CNA_driver",NA,NA,NA,NA,33,6,28,NA,NA
"pan_cancer","CLTC","per_event_HM_vs_rest","HM_vs_rest","CI_M",NA,NA,NA,NA,33,6,28,NA,NA
"pan_cancer","CLTC","per_event_HM_vs_rest","HM_vs_rest","M",NA,NA,NA,NA,33,6,28,NA,NA
"pan_cancer","CLTC","per_event_HM_vs_rest","HM_vs_rest","WT",NA,NA,NA,NA,33,6,28,NA,NA
"pan_cancer","CLTC","per_event_pairwise","HM_vs_Classic","CNA_driver",NA,NA,NA,NA,33,6,28,NA,NA
"pan_cancer","CLTC","per_event_pairwise","HM_vs_Classic","CI_M",NA,NA,NA,NA,33,6,28,NA,NA
"pan_cancer","CLTC","per_event_pairwise","HM_vs_Classic","M",NA,NA,NA,NA,33,6,28,NA,NA
"pan_cancer","CLTC","per_event_pairwise","HM_vs_Classic","WT",NA,NA,NA,NA,33,6,28,NA,NA
"pan_cancer","CLTC","per_event_pairwise","HM_vs_WGD","CNA_driver",NA,NA,NA,NA,33,6,28,NA,NA
"pan_cancer","CLTC","per_event_pairwise","HM_vs_WGD","CI_M",NA,NA,NA,NA,33,6,28,NA,NA
"pan_cancer","CLTC","per_event_pairwise","HM_vs_WGD","M",NA,NA,NA,NA,33,6,28,NA,NA
"pan_cancer","CLTC","per_event_pairwise","HM_vs_WGD","WT",NA,NA,NA,NA,33,6,28,NA,NA
"pan_cancer","CLTC","per_event_pairwise","WGD_vs_Classic","CNA_driver",NA,NA,NA,NA,33,6,28,NA,NA
"pan_cancer","CLTC","per_event_pairwise","WGD_vs_Classic","CI_M",NA,NA,NA,NA,33,6,28,NA,NA
"pan_cancer","CLTC","per_event_pairwise","WGD_vs_Classic","M",NA,NA,NA,NA,33,6,28,NA,NA
"pan_cancer","CLTC","per_event_pairwise","WGD_vs_Classic","WT",NA,NA,NA,NA,33,6,28,NA,NA
"pan_cancer","CLTCL1","per_event_HM_vs_rest","HM_vs_rest","CNA_driver",NA,NA,NA,NA,31,3,5,NA,NA
"pan_cancer","CLTCL1","per_event_HM_vs_rest","HM_vs_rest","CI_M",NA,NA,NA,NA,31,3,5,NA,NA
"pan_cancer","CLTCL1","per_event_HM_vs_rest","HM_vs_rest","M",NA,NA,NA,NA,31,3,5,NA,NA
"pan_cancer","CLTCL1","per_event_HM_vs_rest","HM_vs_rest","WT",NA,NA,NA,NA,31,3,5,NA,NA
"pan_cancer","CLTCL1","per_event_pairwise","HM_vs_Classic","CNA_driver",NA,NA,NA,NA,31,3,5,NA,NA
"pan_cancer","CLTCL1","per_event_pairwise","HM_vs_Classic","CI_M",NA,NA,NA,NA,31,3,5,NA,NA
"pan_cancer","CLTCL1","per_event_pairwise","HM_vs_Classic","M",NA,NA,NA,NA,31,3,5,NA,NA
"pan_cancer","CLTCL1","per_event_pairwise","HM_vs_Classic","WT",NA,NA,NA,NA,31,3,5,NA,NA
"pan_cancer","CLTCL1","per_event_pairwise","HM_vs_WGD","CNA_driver",NA,NA,NA,NA,31,3,5,NA,NA
"pan_cancer","CLTCL1","per_event_pairwise","HM_vs_WGD","CI_M",NA,NA,NA,NA,31,3,5,NA,NA
"pan_cancer","CLTCL1","per_event_pairwise","HM_vs_WGD","M",NA,NA,NA,NA,31,3,5,NA,NA
"pan_cancer","CLTCL1","per_event_pairwise","HM_vs_WGD","WT",NA,NA,NA,NA,31,3,5,NA,NA
"pan_cancer","CLTCL1","per_event_pairwise","WGD_vs_Classic","CNA_driver",NA,NA,NA,NA,31,3,5,NA,NA
"pan_cancer","CLTCL1","per_event_pairwise","WGD_vs_Classic","CI_M",NA,NA,NA,NA,31,3,5,NA,NA
"pan_cancer","CLTCL1","per_event_pairwise","WGD_vs_Classic","M",NA,NA,NA,NA,31,3,5,NA,NA
"pan_cancer","CLTCL1","per_event_pairwise","WGD_vs_Classic","WT",NA,NA,NA,NA,31,3,5,NA,NA
"pan_cancer","COL1A1","per_event_pairwise","WGD_vs_Classic","CNA_driver",NA,NA,NA,NA,62,0,12,NA,NA
"pan_cancer","COL1A1","per_event_pairwise","WGD_vs_Classic","CI_M",NA,NA,NA,NA,62,0,12,NA,NA
"pan_cancer","COL1A1","per_event_pairwise","WGD_vs_Classic","M",NA,NA,NA,NA,62,0,12,NA,NA
"pan_cancer","COL1A1","per_event_pairwise","WGD_vs_Classic","WT",NA,NA,NA,NA,62,0,12,NA,NA
"pan_cancer","COL6A6","per_event_pairwise","WGD_vs_Classic","CNA_driver",NA,NA,NA,NA,43,1,6,NA,NA
"pan_cancer","COL6A6","per_event_pairwise","WGD_vs_Classic","CI_M",NA,NA,NA,NA,43,1,6,NA,NA
"pan_cancer","COL6A6","per_event_pairwise","WGD_vs_Classic","M",NA,NA,NA,NA,43,1,6,NA,NA
"pan_cancer","COL6A6","per_event_pairwise","WGD_vs_Classic","WT",NA,NA,NA,NA,43,1,6,NA,NA
"pan_cancer","CREBBP","global","Classic_vs_HM_vs_WGD",NA,0.000499750124937531,NA,NA,NA,86,10,36,0.00165301964402414,0.00281677343146609
"pan_cancer","CREBBP","pairwise_all_events","HM_vs_Classic",NA,0.015992003998001,NA,NA,NA,86,10,36,0.0540217696030034,0.0632624864038569
"pan_cancer","CREBBP","pairwise_all_events","HM_vs_WGD",NA,0.331834082958521,NA,NA,NA,86,10,36,0.52165725047081,0.535323383084577
"pan_cancer","CREBBP","pairwise_all_events","WGD_vs_Classic",NA,0.000499750124937531,NA,NA,NA,86,10,36,0.00276861569215392,0.00407372071539988
"pan_cancer","CREBBP","per_event_HM_vs_rest","HM_vs_rest","CNA_driver",1,0,0,11.3346357622036,86,10,36,1,1
"pan_cancer","CREBBP","per_event_HM_vs_rest","HM_vs_rest","CI_M",NA,NA,NA,NA,86,10,36,NA,NA
"pan_cancer","CREBBP","per_event_HM_vs_rest","HM_vs_rest","M",1,0.507211044660793,0.0110320948916733,4.00493024900298,86,10,36,1,1
"pan_cancer","CREBBP","per_event_HM_vs_rest","HM_vs_rest","WT",0.690662753048924,2.66526583430772,0.342796937880717,121.581367532091,86,10,36,1,1
"pan_cancer","CREBBP","per_event_pairwise","HM_vs_Classic","CNA_driver",1,0,0,140.09485589201,86,10,36,1,1
"pan_cancer","CREBBP","per_event_pairwise","HM_vs_Classic","CI_M",NA,NA,NA,NA,86,10,36,NA,NA
"pan_cancer","CREBBP","per_event_pairwise","HM_vs_Classic","M",0.0132157924211982,0.0930808295032707,0.00193909756091655,0.79309107742087,86,10,36,0.0586674028427516,0.0695626228697379
"pan_cancer","CREBBP","per_event_pairwise","HM_vs_Classic","WT",0.0106249624116896,11.9956828119349,1.40589073718451,576.053582591957,86,10,36,0.0502201460753961,0.0581139248430674
"pan_cancer","CREBBP","per_event_pairwise","HM_vs_WGD","CNA_driver",1,0,0,10.122807787819,86,10,36,1,1
"pan_cancer","CREBBP","per_event_pairwise","HM_vs_WGD","CI_M",NA,NA,NA,NA,86,10,36,NA,NA
"pan_cancer","CREBBP","per_event_pairwise","HM_vs_WGD","M",0.283734602463606,4.5424326500497,0.0712560491054258,95.7922233501061,86,10,36,0.491856553611053,0.509911614141737
"pan_cancer","CREBBP","per_event_pairwise","HM_vs_WGD","WT",1,0.799497122008128,0.0847229725746287,39.8855658438673,86,10,36,1,1
"pan_cancer","CREBBP","per_event_pairwise","WGD_vs_Classic","CNA_driver",0.669024930461188,2.14899723129797,0.228249162194409,105.014295646688,86,10,36,0.880860479585171,0.911845463185454
"pan_cancer","CREBBP","per_event_pairwise","WGD_vs_Classic","CI_M",NA,NA,NA,NA,86,10,36,NA,NA
"pan_cancer","CREBBP","per_event_pairwise","WGD_vs_Classic","M",2.88859636212574e-11,0.0200136391353279,0.00207286188631274,0.0943792883715779,86,10,36,1.3555770070833e-09,2.59561015968156e-09
"pan_cancer","CREBBP","per_event_pairwise","WGD_vs_Classic","WT",1.06710385387202e-08,15.2866558897471,5.18411658458182,50.8224291699888,86,10,36,3.68993279996798e-07,6.712083240855e-07
"pan_cancer","CSMD3","per_event_HM_vs_rest","HM_vs_rest","CNA_driver",NA,NA,NA,NA,93,24,82,NA,NA
"pan_cancer","CSMD3","per_event_HM_vs_rest","HM_vs_rest","CI_M",NA,NA,NA,NA,93,24,82,NA,NA
"pan_cancer","CSMD3","per_event_HM_vs_rest","HM_vs_rest","M",NA,NA,NA,NA,93,24,82,NA,NA
"pan_cancer","CSMD3","per_event_HM_vs_rest","HM_vs_rest","WT",NA,NA,NA,NA,93,24,82,NA,NA
"pan_cancer","CSMD3","per_event_pairwise","HM_vs_Classic","CNA_driver",NA,NA,NA,NA,93,24,82,NA,NA
"pan_cancer","CSMD3","per_event_pairwise","HM_vs_Classic","CI_M",NA,NA,NA,NA,93,24,82,NA,NA
"pan_cancer","CSMD3","per_event_pairwise","HM_vs_Classic","M",NA,NA,NA,NA,93,24,82,NA,NA
"pan_cancer","CSMD3","per_event_pairwise","HM_vs_Classic","WT",NA,NA,NA,NA,93,24,82,NA,NA
"pan_cancer","CSMD3","per_event_pairwise","HM_vs_WGD","CNA_driver",NA,NA,NA,NA,93,24,82,NA,NA
"pan_cancer","CSMD3","per_event_pairwise","HM_vs_WGD","CI_M",NA,NA,NA,NA,93,24,82,NA,NA
"pan_cancer","CSMD3","per_event_pairwise","HM_vs_WGD","M",NA,NA,NA,NA,93,24,82,NA,NA
"pan_cancer","CSMD3","per_event_pairwise","HM_vs_WGD","WT",NA,NA,NA,NA,93,24,82,NA,NA
"pan_cancer","CSMD3","per_event_pairwise","WGD_vs_Classic","CNA_driver",NA,NA,NA,NA,93,24,82,NA,NA
"pan_cancer","CSMD3","per_event_pairwise","WGD_vs_Classic","CI_M",NA,NA,NA,NA,93,24,82,NA,NA
"pan_cancer","CSMD3","per_event_pairwise","WGD_vs_Classic","M",NA,NA,NA,NA,93,24,82,NA,NA
"pan_cancer","CSMD3","per_event_pairwise","WGD_vs_Classic","WT",NA,NA,NA,NA,93,24,82,NA,NA
"pan_cancer","CTNNA2","per_event_HM_vs_rest","HM_vs_rest","CNA_driver",NA,NA,NA,NA,105,4,5,NA,NA
"pan_cancer","CTNNA2","per_event_HM_vs_rest","HM_vs_rest","CI_M",NA,NA,NA,NA,105,4,5,NA,NA
"pan_cancer","CTNNA2","per_event_HM_vs_rest","HM_vs_rest","M",NA,NA,NA,NA,105,4,5,NA,NA
"pan_cancer","CTNNA2","per_event_HM_vs_rest","HM_vs_rest","WT",NA,NA,NA,NA,105,4,5,NA,NA
"pan_cancer","CTNNA2","per_event_pairwise","HM_vs_Classic","CNA_driver",NA,NA,NA,NA,105,4,5,NA,NA
"pan_cancer","CTNNA2","per_event_pairwise","HM_vs_Classic","CI_M",NA,NA,NA,NA,105,4,5,NA,NA
"pan_cancer","CTNNA2","per_event_pairwise","HM_vs_Classic","M",NA,NA,NA,NA,105,4,5,NA,NA
"pan_cancer","CTNNA2","per_event_pairwise","HM_vs_Classic","WT",NA,NA,NA,NA,105,4,5,NA,NA
"pan_cancer","CTNNA2","per_event_pairwise","HM_vs_WGD","CNA_driver",NA,NA,NA,NA,105,4,5,NA,NA
"pan_cancer","CTNNA2","per_event_pairwise","HM_vs_WGD","CI_M",NA,NA,NA,NA,105,4,5,NA,NA
"pan_cancer","CTNNA2","per_event_pairwise","HM_vs_WGD","M",NA,NA,NA,NA,105,4,5,NA,NA
"pan_cancer","CTNNA2","per_event_pairwise","HM_vs_WGD","WT",NA,NA,NA,NA,105,4,5,NA,NA
"pan_cancer","CTNNA2","per_event_pairwise","WGD_vs_Classic","CNA_driver",NA,NA,NA,NA,105,4,5,NA,NA
"pan_cancer","CTNNA2","per_event_pairwise","WGD_vs_Classic","CI_M",NA,NA,NA,NA,105,4,5,NA,NA
"pan_cancer","CTNNA2","per_event_pairwise","WGD_vs_Classic","M",NA,NA,NA,NA,105,4,5,NA,NA
"pan_cancer","CTNNA2","per_event_pairwise","WGD_vs_Classic","WT",NA,NA,NA,NA,105,4,5,NA,NA
"pan_cancer","CTNNB1","global","Classic_vs_HM_vs_WGD",NA,0.000499750124937531,NA,NA,NA,121,21,56,0.00165301964402414,0.00281677343146609
"pan_cancer","CTNNB1","pairwise_all_events","HM_vs_Classic",NA,6.46643751961579e-05,NA,NA,NA,121,21,56,0.00199022576992619,0.00267611029657946
"pan_cancer","CTNNB1","pairwise_all_events","HM_vs_WGD",NA,0.323303358245577,NA,NA,NA,121,21,56,0.511743029908713,0.52708244465491
"pan_cancer","CTNNB1","pairwise_all_events","WGD_vs_Classic",NA,2.51001663123914e-15,NA,NA,NA,121,21,56,3.47637303426621e-13,6.75194473803329e-13
"pan_cancer","CTNNB1","per_event_HM_vs_rest","HM_vs_rest","CNA_driver",NA,NA,NA,NA,121,21,56,NA,NA
"pan_cancer","CTNNB1","per_event_HM_vs_rest","HM_vs_rest","CI_M",NA,NA,NA,NA,121,21,56,NA,NA
"pan_cancer","CTNNB1","per_event_HM_vs_rest","HM_vs_rest","M",0.465081210210629,0.626381014445342,0.171044798763915,1.90299978345582,121,21,56,1,1
"pan_cancer","CTNNB1","per_event_HM_vs_rest","HM_vs_rest","WT",0.465081210210629,1.59647239769152,0.525486134414591,5.84642156456481,121,21,56,1,1
"pan_cancer","CTNNB1","per_event_pairwise","HM_vs_Classic","CNA_driver",NA,NA,NA,NA,121,21,56,NA,NA
"pan_cancer","CTNNB1","per_event_pairwise","HM_vs_Classic","CI_M",NA,NA,NA,NA,121,21,56,NA,NA
"pan_cancer","CTNNB1","per_event_pairwise","HM_vs_Classic","M",6.4664375196158e-05,0.107960550822577,0.025922635173827,0.377545398006984,121,21,56,0.000696467123014358,0.00107036557890483
"pan_cancer","CTNNB1","per_event_pairwise","HM_vs_Classic","WT",6.4664375196158e-05,9.26264262622563,2.64868809229003,38.5763250261554,121,21,56,0.000696467123014358,0.00107036557890483
"pan_cancer","CTNNB1","per_event_pairwise","HM_vs_WGD","CNA_driver",NA,NA,NA,NA,121,21,56,NA,NA
"pan_cancer","CTNNB1","per_event_pairwise","HM_vs_WGD","CI_M",NA,NA,NA,NA,121,21,56,NA,NA
"pan_cancer","CTNNB1","per_event_pairwise","HM_vs_WGD","M",0.323303358245577,1.90169735737857,0.481447516335541,6.42812317805528,121,21,56,0.539112452708995,0.564099340739162
"pan_cancer","CTNNB1","per_event_pairwise","HM_vs_WGD","WT",0.323303358245577,0.525846027034749,0.155566402867615,2.07706959963432,121,21,56,0.539112452708995,0.564099340739162
"pan_cancer","CTNNB1","per_event_pairwise","WGD_vs_Classic","CNA_driver",NA,NA,NA,NA,121,21,56,NA,NA
"pan_cancer","CTNNB1","per_event_pairwise","WGD_vs_Classic","CI_M",NA,NA,NA,NA,121,21,56,NA,NA
"pan_cancer","CTNNB1","per_event_pairwise","WGD_vs_Classic","M",2.51001663123918e-15,0.0558264719093374,0.0227622470935386,0.128565369941556,121,21,56,1.49916447884013e-13,2.87054629281718e-13
"pan_cancer","CTNNB1","per_event_pairwise","WGD_vs_Classic","WT",2.51001663123919e-15,17.9126490677042,7.77814430475785,43.9323936644137,121,21,56,1.49916447884013e-13,2.87054629281718e-13
"pan_cancer","CTNND2","per_event_HM_vs_rest","HM_vs_rest","CNA_driver",NA,NA,NA,NA,75,9,10,NA,NA
"pan_cancer","CTNND2","per_event_HM_vs_rest","HM_vs_rest","CI_M",NA,NA,NA,NA,75,9,10,NA,NA
"pan_cancer","CTNND2","per_event_HM_vs_rest","HM_vs_rest","M",NA,NA,NA,NA,75,9,10,NA,NA
"pan_cancer","CTNND2","per_event_HM_vs_rest","HM_vs_rest","WT",NA,NA,NA,NA,75,9,10,NA,NA
"pan_cancer","CTNND2","per_event_pairwise","HM_vs_Classic","CNA_driver",NA,NA,NA,NA,75,9,10,NA,NA
"pan_cancer","CTNND2","per_event_pairwise","HM_vs_Classic","CI_M",NA,NA,NA,NA,75,9,10,NA,NA
"pan_cancer","CTNND2","per_event_pairwise","HM_vs_Classic","M",NA,NA,NA,NA,75,9,10,NA,NA
"pan_cancer","CTNND2","per_event_pairwise","HM_vs_Classic","WT",NA,NA,NA,NA,75,9,10,NA,NA
"pan_cancer","CTNND2","per_event_pairwise","HM_vs_WGD","CNA_driver",NA,NA,NA,NA,75,9,10,NA,NA
"pan_cancer","CTNND2","per_event_pairwise","HM_vs_WGD","CI_M",NA,NA,NA,NA,75,9,10,NA,NA
"pan_cancer","CTNND2","per_event_pairwise","HM_vs_WGD","M",NA,NA,NA,NA,75,9,10,NA,NA
"pan_cancer","CTNND2","per_event_pairwise","HM_vs_WGD","WT",NA,NA,NA,NA,75,9,10,NA,NA
"pan_cancer","CTNND2","per_event_pairwise","WGD_vs_Classic","CNA_driver",NA,NA,NA,NA,75,9,10,NA,NA
"pan_cancer","CTNND2","per_event_pairwise","WGD_vs_Classic","CI_M",NA,NA,NA,NA,75,9,10,NA,NA
"pan_cancer","CTNND2","per_event_pairwise","WGD_vs_Classic","M",NA,NA,NA,NA,75,9,10,NA,NA
"pan_cancer","CTNND2","per_event_pairwise","WGD_vs_Classic","WT",NA,NA,NA,NA,75,9,10,NA,NA
"pan_cancer","CUX1","global","Classic_vs_HM_vs_WGD",NA,0.249375312343828,NA,NA,NA,66,3,20,0.331643456622204,0.359564403844589
"pan_cancer","CUX1","pairwise_all_events","HM_vs_Classic",NA,1,NA,NA,NA,66,3,20,1,1
"pan_cancer","CUX1","pairwise_all_events","WGD_vs_Classic",NA,0.232558139534884,NA,NA,NA,66,3,20,0.415603900975244,0.422690131992458
"pan_cancer","CUX1","per_event_HM_vs_rest","HM_vs_rest","CNA_driver",NA,NA,NA,NA,66,3,20,NA,NA
"pan_cancer","CUX1","per_event_HM_vs_rest","HM_vs_rest","CI_M",NA,NA,NA,NA,66,3,20,NA,NA
"pan_cancer","CUX1","per_event_HM_vs_rest","HM_vs_rest","M",1,0,0,1098.82212018368,66,3,20,1,1
"pan_cancer","CUX1","per_event_HM_vs_rest","HM_vs_rest","WT",1,Inf,0.000910065406976747,Inf,66,3,20,1,1
"pan_cancer","CUX1","per_event_pairwise","HM_vs_Classic","CNA_driver",NA,NA,NA,NA,66,3,20,NA,NA
"pan_cancer","CUX1","per_event_pairwise","HM_vs_Classic","CI_M",NA,NA,NA,NA,66,3,20,NA,NA
"pan_cancer","CUX1","per_event_pairwise","HM_vs_Classic","M",1,0,0,258.952053408861,66,3,20,1,1
"pan_cancer","CUX1","per_event_pairwise","HM_vs_Classic","WT",1,Inf,0.00386171875,Inf,66,3,20,1,1
"pan_cancer","CUX1","per_event_pairwise","HM_vs_WGD","CNA_driver",NA,NA,NA,NA,66,3,20,NA,NA
"pan_cancer","CUX1","per_event_pairwise","HM_vs_WGD","CI_M",NA,NA,NA,NA,66,3,20,NA,NA
"pan_cancer","CUX1","per_event_pairwise","HM_vs_WGD","M",NA,NA,NA,NA,66,3,20,NA,NA
"pan_cancer","CUX1","per_event_pairwise","HM_vs_WGD","WT",NA,NA,NA,NA,66,3,20,NA,NA
"pan_cancer","CUX1","per_event_pairwise","WGD_vs_Classic","CNA_driver",NA,NA,NA,NA,66,3,20,NA,NA
"pan_cancer","CUX1","per_event_pairwise","WGD_vs_Classic","CI_M",NA,NA,NA,NA,66,3,20,NA,NA
"pan_cancer","CUX1","per_event_pairwise","WGD_vs_Classic","M",0.232558139534884,0,0,11.8181953252085,66,3,20,0.442871587462083,0.461036054703688
"pan_cancer","CUX1","per_event_pairwise","WGD_vs_Classic","WT",0.232558139534884,Inf,0.0846152879083825,Inf,66,3,20,0.442871587462083,0.461036054703688
"pan_cancer","DAXX","global","Classic_vs_WGD",NA,0.06993006993007,NA,NA,NA,9,2,4,0.107392607392607,0.138078482027527
"pan_cancer","DAXX","pairwise_all_events","WGD_vs_Classic",NA,0.06993006993007,NA,NA,NA,9,2,4,0.172022977798479,0.194610236932538
"pan_cancer","DAXX","per_event_pairwise","WGD_vs_Classic","CNA_driver",NA,NA,NA,NA,9,2,4,NA,NA
"pan_cancer","DAXX","per_event_pairwise","WGD_vs_Classic","CI_M",NA,NA,NA,NA,9,2,4,NA,NA
"pan_cancer","DAXX","per_event_pairwise","WGD_vs_Classic","M",0.0699300699300699,0,0,1.40570846753173,9,2,4,0.197031039136302,0.224062694808086
"pan_cancer","DAXX","per_event_pairwise","WGD_vs_Classic","WT",0.0699300699300699,Inf,0.71138505820904,Inf,9,2,4,0.197031039136302,0.224062694808086
"pan_cancer","DCC","global","Classic_vs_HM_vs_WGD",NA,0.000499750124937531,NA,NA,NA,75,7,10,0.00165301964402414,0.00281677343146609
"pan_cancer","DCC","pairwise_all_events","HM_vs_Classic",NA,0.0119940029985007,NA,NA,NA,75,7,10,0.0431329803799439,0.0512124889935984
"pan_cancer","DCC","pairwise_all_events","HM_vs_WGD",NA,1,NA,NA,NA,75,7,10,1,1
"pan_cancer","DCC","pairwise_all_events","WGD_vs_Classic",NA,0.000499750124937531,NA,NA,NA,75,7,10,0.00276861569215392,0.00407372071539988
"pan_cancer","DCC","per_event_HM_vs_rest","HM_vs_rest","CNA_driver",1,0,0,9.61904595413741,75,7,10,1,1
"pan_cancer","DCC","per_event_HM_vs_rest","HM_vs_rest","CI_M",NA,NA,NA,NA,75,7,10,NA,NA
"pan_cancer","DCC","per_event_HM_vs_rest","HM_vs_rest","M",1,0,0,68.4295275841872,75,7,10,1,1
"pan_cancer","DCC","per_event_HM_vs_rest","HM_vs_rest","WT",1,Inf,0.143471393517988,Inf,75,7,10,1,1
"pan_cancer","DCC","per_event_pairwise","HM_vs_Classic","CNA_driver",0.0441176470588235,0,0,1.25321539915857,75,7,10,0.142784700086931,0.166167664670659
"pan_cancer","DCC","per_event_pairwise","HM_vs_Classic","CI_M",NA,NA,NA,NA,75,7,10,NA,NA
"pan_cancer","DCC","per_event_pairwise","HM_vs_Classic","M",0.485294117647059,0,0,7.62518914351141,75,7,10,0.719725136104103,0.738210399032648
"pan_cancer","DCC","per_event_pairwise","HM_vs_Classic","WT",0.00982106129164953,Inf,1.71276289041119,Inf,75,7,10,0.0480895915678525,0.0569405971068021
"pan_cancer","DCC","per_event_pairwise","HM_vs_WGD","CNA_driver",1,0,0,60.3466145161236,75,7,10,1,1
"pan_cancer","DCC","per_event_pairwise","HM_vs_WGD","CI_M",NA,NA,NA,NA,75,7,10,NA,NA
"pan_cancer","DCC","per_event_pairwise","HM_vs_WGD","M",NA,NA,NA,NA,75,7,10,NA,NA
"pan_cancer","DCC","per_event_pairwise","HM_vs_WGD","WT",1,Inf,0.0165709378731232,Inf,75,7,10,1,1
"pan_cancer","DCC","per_event_pairwise","WGD_vs_Classic","CNA_driver",0.000144893055565584,0.0304667921994579,0.00236579418463729,0.237595035799043,75,7,10,0.00128641537171066,0.00200302707584071
"pan_cancer","DCC","per_event_pairwise","WGD_vs_Classic","CI_M",NA,NA,NA,NA,75,7,10,NA,NA
"pan_cancer","DCC","per_event_pairwise","WGD_vs_Classic","M",0.0126050420168067,0,0,0.671520392445012,75,7,10,0.0567226890756302,0.0669077757685352
"pan_cancer","DCC","per_event_pairwise","WGD_vs_Classic","WT",8.17000030824984e-07,72.2431004597554,9.32534879553507,1001.32338383067,75,7,10,1.85092765604143e-05,3.21183137118072e-05
"pan_cancer","DDR2","per_event_HM_vs_rest","HM_vs_rest","CNA_driver",NA,NA,NA,NA,10,7,49,NA,NA
"pan_cancer","DDR2","per_event_HM_vs_rest","HM_vs_rest","CI_M",NA,NA,NA,NA,10,7,49,NA,NA
"pan_cancer","DDR2","per_event_HM_vs_rest","HM_vs_rest","M",NA,NA,NA,NA,10,7,49,NA,NA
"pan_cancer","DDR2","per_event_HM_vs_rest","HM_vs_rest","WT",NA,NA,NA,NA,10,7,49,NA,NA
"pan_cancer","DDR2","per_event_pairwise","HM_vs_Classic","CNA_driver",NA,NA,NA,NA,10,7,49,NA,NA
"pan_cancer","DDR2","per_event_pairwise","HM_vs_Classic","CI_M",NA,NA,NA,NA,10,7,49,NA,NA
"pan_cancer","DDR2","per_event_pairwise","HM_vs_Classic","M",NA,NA,NA,NA,10,7,49,NA,NA
"pan_cancer","DDR2","per_event_pairwise","HM_vs_Classic","WT",NA,NA,NA,NA,10,7,49,NA,NA
"pan_cancer","DDR2","per_event_pairwise","HM_vs_WGD","CNA_driver",NA,NA,NA,NA,10,7,49,NA,NA
"pan_cancer","DDR2","per_event_pairwise","HM_vs_WGD","CI_M",NA,NA,NA,NA,10,7,49,NA,NA
"pan_cancer","DDR2","per_event_pairwise","HM_vs_WGD","M",NA,NA,NA,NA,10,7,49,NA,NA
"pan_cancer","DDR2","per_event_pairwise","HM_vs_WGD","WT",NA,NA,NA,NA,10,7,49,NA,NA
"pan_cancer","DDR2","per_event_pairwise","WGD_vs_Classic","CNA_driver",NA,NA,NA,NA,10,7,49,NA,NA
"pan_cancer","DDR2","per_event_pairwise","WGD_vs_Classic","CI_M",NA,NA,NA,NA,10,7,49,NA,NA
"pan_cancer","DDR2","per_event_pairwise","WGD_vs_Classic","M",NA,NA,NA,NA,10,7,49,NA,NA
"pan_cancer","DDR2","per_event_pairwise","WGD_vs_Classic","WT",NA,NA,NA,NA,10,7,49,NA,NA
"pan_cancer","DHX9","per_event_HM_vs_rest","HM_vs_rest","CNA_driver",NA,NA,NA,NA,12,6,50,NA,NA
"pan_cancer","DHX9","per_event_HM_vs_rest","HM_vs_rest","CI_M",NA,NA,NA,NA,12,6,50,NA,NA
"pan_cancer","DHX9","per_event_HM_vs_rest","HM_vs_rest","M",NA,NA,NA,NA,12,6,50,NA,NA
"pan_cancer","DHX9","per_event_HM_vs_rest","HM_vs_rest","WT",NA,NA,NA,NA,12,6,50,NA,NA
"pan_cancer","DHX9","per_event_pairwise","HM_vs_Classic","CNA_driver",NA,NA,NA,NA,12,6,50,NA,NA
"pan_cancer","DHX9","per_event_pairwise","HM_vs_Classic","CI_M",NA,NA,NA,NA,12,6,50,NA,NA
"pan_cancer","DHX9","per_event_pairwise","HM_vs_Classic","M",NA,NA,NA,NA,12,6,50,NA,NA
"pan_cancer","DHX9","per_event_pairwise","HM_vs_Classic","WT",NA,NA,NA,NA,12,6,50,NA,NA
"pan_cancer","DHX9","per_event_pairwise","HM_vs_WGD","CNA_driver",NA,NA,NA,NA,12,6,50,NA,NA
"pan_cancer","DHX9","per_event_pairwise","HM_vs_WGD","CI_M",NA,NA,NA,NA,12,6,50,NA,NA
"pan_cancer","DHX9","per_event_pairwise","HM_vs_WGD","M",NA,NA,NA,NA,12,6,50,NA,NA
"pan_cancer","DHX9","per_event_pairwise","HM_vs_WGD","WT",NA,NA,NA,NA,12,6,50,NA,NA
"pan_cancer","DHX9","per_event_pairwise","WGD_vs_Classic","CNA_driver",NA,NA,NA,NA,12,6,50,NA,NA
"pan_cancer","DHX9","per_event_pairwise","WGD_vs_Classic","CI_M",NA,NA,NA,NA,12,6,50,NA,NA
"pan_cancer","DHX9","per_event_pairwise","WGD_vs_Classic","M",NA,NA,NA,NA,12,6,50,NA,NA
"pan_cancer","DHX9","per_event_pairwise","WGD_vs_Classic","WT",NA,NA,NA,NA,12,6,50,NA,NA
"pan_cancer","DNMT3A","global","Classic_vs_HM_vs_WGD",NA,0.0249875062468766,NA,NA,NA,52,5,9,0.0453998352936208,0.0600474956320289
"pan_cancer","DNMT3A","pairwise_all_events","HM_vs_Classic",NA,0.505494505494505,NA,NA,NA,52,5,9,0.686721109198948,0.693394706559264
"pan_cancer","DNMT3A","pairwise_all_events","WGD_vs_Classic",NA,0.019672131147541,NA,NA,NA,52,5,9,0.0633625619519634,0.0734972677595628
"pan_cancer","DNMT3A","per_event_HM_vs_rest","HM_vs_rest","CNA_driver",NA,NA,NA,NA,52,5,9,NA,NA
"pan_cancer","DNMT3A","per_event_HM_vs_rest","HM_vs_rest","CI_M",NA,NA,NA,NA,52,5,9,NA,NA
"pan_cancer","DNMT3A","per_event_HM_vs_rest","HM_vs_rest","M",1,0,0,70.5364105205319,52,5,9,1,1
"pan_cancer","DNMT3A","per_event_HM_vs_rest","HM_vs_rest","WT",1,Inf,0.0141770752526302,Inf,52,5,9,1,1
"pan_cancer","DNMT3A","per_event_pairwise","HM_vs_Classic","CNA_driver",NA,NA,NA,NA,52,5,9,NA,NA
"pan_cancer","DNMT3A","per_event_pairwise","HM_vs_Classic","CI_M",NA,NA,NA,NA,52,5,9,NA,NA
"pan_cancer","DNMT3A","per_event_pairwise","HM_vs_Classic","M",0.505494505494505,0,0,9.81290659466181,52,5,9,0.73475639404843,0.747252747252747
"pan_cancer","DNMT3A","per_event_pairwise","HM_vs_Classic","WT",0.505494505494505,Inf,0.101906605382751,Inf,52,5,9,0.73475639404843,0.747252747252747
"pan_cancer","DNMT3A","per_event_pairwise","HM_vs_WGD","CNA_driver",NA,NA,NA,NA,52,5,9,NA,NA
"pan_cancer","DNMT3A","per_event_pairwise","HM_vs_WGD","CI_M",NA,NA,NA,NA,52,5,9,NA,NA
"pan_cancer","DNMT3A","per_event_pairwise","HM_vs_WGD","M",NA,NA,NA,NA,52,5,9,NA,NA
"pan_cancer","DNMT3A","per_event_pairwise","HM_vs_WGD","WT",NA,NA,NA,NA,52,5,9,NA,NA
"pan_cancer","DNMT3A","per_event_pairwise","WGD_vs_Classic","CNA_driver",NA,NA,NA,NA,52,5,9,NA,NA
"pan_cancer","DNMT3A","per_event_pairwise","WGD_vs_Classic","CI_M",NA,NA,NA,NA,52,5,9,NA,NA
"pan_cancer","DNMT3A","per_event_pairwise","WGD_vs_Classic","M",0.019672131147541,0,0,0.867549646915703,52,5,9,0.0773927554726613,0.0903194926408999
"pan_cancer","DNMT3A","per_event_pairwise","WGD_vs_Classic","WT",0.019672131147541,Inf,1.15267178490036,Inf,52,5,9,0.0773927554726613,0.0903194926408999
"pan_cancer","DROSHA","per_event_pairwise","WGD_vs_Classic","CNA_driver",NA,NA,NA,NA,41,1,5,NA,NA
"pan_cancer","DROSHA","per_event_pairwise","WGD_vs_Classic","CI_M",NA,NA,NA,NA,41,1,5,NA,NA
"pan_cancer","DROSHA","per_event_pairwise","WGD_vs_Classic","M",NA,NA,NA,NA,41,1,5,NA,NA
"pan_cancer","DROSHA","per_event_pairwise","WGD_vs_Classic","WT",NA,NA,NA,NA,41,1,5,NA,NA
"pan_cancer","EBF1","global","Classic_vs_WGD",NA,1,NA,NA,NA,5,1,9,1,1
"pan_cancer","EBF1","pairwise_all_events","WGD_vs_Classic",NA,1,NA,NA,NA,5,1,9,1,1
"pan_cancer","EBF1","per_event_pairwise","WGD_vs_Classic","CNA_driver",NA,NA,NA,NA,5,1,9,NA,NA
"pan_cancer","EBF1","per_event_pairwise","WGD_vs_Classic","CI_M",NA,NA,NA,NA,5,1,9,NA,NA
"pan_cancer","EBF1","per_event_pairwise","WGD_vs_Classic","M",1,0.558110497348994,0.0311371897686658,7.71793302543833,5,1,9,1,1
"pan_cancer","EBF1","per_event_pairwise","WGD_vs_Classic","WT",1,1.79175988401932,0.129568369757032,32.1159361981448,5,1,9,1,1
"pan_cancer","EGFR","global","Classic_vs_WGD",NA,1,NA,NA,NA,19,1,7,1,1
"pan_cancer","EGFR","pairwise_all_events","WGD_vs_Classic",NA,1,NA,NA,NA,19,1,7,1,1
"pan_cancer","EGFR","per_event_pairwise","WGD_vs_Classic","CNA_driver",1,Inf,0.00946217105263158,Inf,19,1,7,1,1
"pan_cancer","EGFR","per_event_pairwise","WGD_vs_Classic","CI_M",NA,NA,NA,NA,19,1,7,NA,NA
"pan_cancer","EGFR","per_event_pairwise","WGD_vs_Classic","M",NA,NA,NA,NA,19,1,7,NA,NA
"pan_cancer","EGFR","per_event_pairwise","WGD_vs_Classic","WT",1,0,0,105.683990961238,19,1,7,1,1
"pan_cancer","EIF4A2","per_event_HM_vs_rest","HM_vs_rest","CNA_driver",NA,NA,NA,NA,15,3,5,NA,NA
"pan_cancer","EIF4A2","per_event_HM_vs_rest","HM_vs_rest","CI_M",NA,NA,NA,NA,15,3,5,NA,NA
"pan_cancer","EIF4A2","per_event_HM_vs_rest","HM_vs_rest","M",NA,NA,NA,NA,15,3,5,NA,NA
"pan_cancer","EIF4A2","per_event_HM_vs_rest","HM_vs_rest","WT",NA,NA,NA,NA,15,3,5,NA,NA
"pan_cancer","EIF4A2","per_event_pairwise","HM_vs_Classic","CNA_driver",NA,NA,NA,NA,15,3,5,NA,NA
"pan_cancer","EIF4A2","per_event_pairwise","HM_vs_Classic","CI_M",NA,NA,NA,NA,15,3,5,NA,NA
"pan_cancer","EIF4A2","per_event_pairwise","HM_vs_Classic","M",NA,NA,NA,NA,15,3,5,NA,NA
"pan_cancer","EIF4A2","per_event_pairwise","HM_vs_Classic","WT",NA,NA,NA,NA,15,3,5,NA,NA
"pan_cancer","EIF4A2","per_event_pairwise","HM_vs_WGD","CNA_driver",NA,NA,NA,NA,15,3,5,NA,NA
"pan_cancer","EIF4A2","per_event_pairwise","HM_vs_WGD","CI_M",NA,NA,NA,NA,15,3,5,NA,NA
"pan_cancer","EIF4A2","per_event_pairwise","HM_vs_WGD","M",NA,NA,NA,NA,15,3,5,NA,NA
"pan_cancer","EIF4A2","per_event_pairwise","HM_vs_WGD","WT",NA,NA,NA,NA,15,3,5,NA,NA
"pan_cancer","EIF4A2","per_event_pairwise","WGD_vs_Classic","CNA_driver",NA,NA,NA,NA,15,3,5,NA,NA
"pan_cancer","EIF4A2","per_event_pairwise","WGD_vs_Classic","CI_M",NA,NA,NA,NA,15,3,5,NA,NA
"pan_cancer","EIF4A2","per_event_pairwise","WGD_vs_Classic","M",NA,NA,NA,NA,15,3,5,NA,NA
"pan_cancer","EIF4A2","per_event_pairwise","WGD_vs_Classic","WT",NA,NA,NA,NA,15,3,5,NA,NA
"pan_cancer","ELF3","global","Classic_vs_WGD",NA,0.226190476190476,NA,NA,NA,6,0,3,0.310410334346505,0.337110805860806
"pan_cancer","ELF3","pairwise_all_events","WGD_vs_Classic",NA,0.226190476190476,NA,NA,NA,6,0,3,0.415603900975244,0.419986558444915
"pan_cancer","ELF3","per_event_pairwise","WGD_vs_Classic","CNA_driver",NA,NA,NA,NA,6,0,3,NA,NA
"pan_cancer","ELF3","per_event_pairwise","WGD_vs_Classic","CI_M",NA,NA,NA,NA,6,0,3,NA,NA
"pan_cancer","ELF3","per_event_pairwise","WGD_vs_Classic","M",0.226190476190476,0.140549747205489,0.00143063471674124,4.93805135272243,6,0,3,0.442871587462083,0.458208726324669
"pan_cancer","ELF3","per_event_pairwise","WGD_vs_Classic","WT",0.226190476190476,7.11489377494096,0.202509032120268,698.990446896076,6,0,3,0.442871587462083,0.458208726324669
"pan_cancer","ELN","per_event_pairwise","WGD_vs_Classic","CNA_driver",NA,NA,NA,NA,15,0,7,NA,NA
"pan_cancer","ELN","per_event_pairwise","WGD_vs_Classic","CI_M",NA,NA,NA,NA,15,0,7,NA,NA
"pan_cancer","ELN","per_event_pairwise","WGD_vs_Classic","M",NA,NA,NA,NA,15,0,7,NA,NA
"pan_cancer","ELN","per_event_pairwise","WGD_vs_Classic","WT",NA,NA,NA,NA,15,0,7,NA,NA
"pan_cancer","EP300","global","Classic_vs_HM_vs_WGD",NA,0.000999500249875062,NA,NA,NA,63,8,12,0.0027433091964656,0.0044905083690039
"pan_cancer","EP300","pairwise_all_events","HM_vs_Classic",NA,0.411794102948526,NA,NA,NA,63,8,12,0.603528923369003,0.62057486662831
"pan_cancer","EP300","pairwise_all_events","WGD_vs_Classic",NA,0.000499750124937531,NA,NA,NA,63,8,12,0.00276861569215392,0.00407372071539988
"pan_cancer","EP300","per_event_HM_vs_rest","HM_vs_rest","CNA_driver",1,0,0,52.3816205435003,63,8,12,1,1
"pan_cancer","EP300","per_event_HM_vs_rest","HM_vs_rest","CI_M",NA,NA,NA,NA,63,8,12,NA,NA
"pan_cancer","EP300","per_event_HM_vs_rest","HM_vs_rest","M",1,0,0,52.3816205435003,63,8,12,1,1
"pan_cancer","EP300","per_event_HM_vs_rest","HM_vs_rest","WT",1,Inf,0.0641150572917998,Inf,63,8,12,1,1
"pan_cancer","EP300","per_event_pairwise","HM_vs_Classic","CNA_driver",0.494736842105263,0,0,8.02508569829425,63,8,12,0.725228758169935,0.738639348568427
"pan_cancer","EP300","per_event_pairwise","HM_vs_Classic","CI_M",NA,NA,NA,NA,63,8,12,NA,NA
"pan_cancer","EP300","per_event_pairwise","HM_vs_Classic","M",0.494736842105263,0,0,8.02508569829425,63,8,12,0.725228758169935,0.738639348568427
"pan_cancer","EP300","per_event_pairwise","HM_vs_Classic","WT",0.116615067079463,Inf,0.477529539115139,Inf,63,8,12,0.283763329893361,0.308845798707294
"pan_cancer","EP300","per_event_pairwise","HM_vs_WGD","CNA_driver",NA,NA,NA,NA,63,8,12,NA,NA
"pan_cancer","EP300","per_event_pairwise","HM_vs_WGD","CI_M",NA,NA,NA,NA,63,8,12,NA,NA
"pan_cancer","EP300","per_event_pairwise","HM_vs_WGD","M",NA,NA,NA,NA,63,8,12,NA,NA
"pan_cancer","EP300","per_event_pairwise","HM_vs_WGD","WT",NA,NA,NA,NA,63,8,12,NA,NA
"pan_cancer","EP300","per_event_pairwise","WGD_vs_Classic","CNA_driver",0.0237837837837838,0,0,0.970654193625411,63,8,12,0.0892911196911197,0.104982456140351
"pan_cancer","EP300","per_event_pairwise","WGD_vs_Classic","CI_M",NA,NA,NA,NA,63,8,12,NA,NA
"pan_cancer","EP300","per_event_pairwise","WGD_vs_Classic","M",0.0237837837837838,0,0,0.970654193625411,63,8,12,0.0892911196911197,0.104982456140351
"pan_cancer","EP300","per_event_pairwise","WGD_vs_Classic","WT",0.000407256571640133,Inf,4.16755904135458,Inf,63,8,12,0.0028770706190061,0.00437887835148109
"pan_cancer","EPHA7","per_event_HM_vs_rest","HM_vs_rest","CNA_driver",NA,NA,NA,NA,23,4,4,NA,NA
"pan_cancer","EPHA7","per_event_HM_vs_rest","HM_vs_rest","CI_M",NA,NA,NA,NA,23,4,4,NA,NA
"pan_cancer","EPHA7","per_event_HM_vs_rest","HM_vs_rest","M",NA,NA,NA,NA,23,4,4,NA,NA
"pan_cancer","EPHA7","per_event_HM_vs_rest","HM_vs_rest","WT",NA,NA,NA,NA,23,4,4,NA,NA
"pan_cancer","EPHA7","per_event_pairwise","HM_vs_Classic","CNA_driver",NA,NA,NA,NA,23,4,4,NA,NA
"pan_cancer","EPHA7","per_event_pairwise","HM_vs_Classic","CI_M",NA,NA,NA,NA,23,4,4,NA,NA
"pan_cancer","EPHA7","per_event_pairwise","HM_vs_Classic","M",NA,NA,NA,NA,23,4,4,NA,NA
"pan_cancer","EPHA7","per_event_pairwise","HM_vs_Classic","WT",NA,NA,NA,NA,23,4,4,NA,NA
"pan_cancer","EPHA7","per_event_pairwise","HM_vs_WGD","CNA_driver",NA,NA,NA,NA,23,4,4,NA,NA
"pan_cancer","EPHA7","per_event_pairwise","HM_vs_WGD","CI_M",NA,NA,NA,NA,23,4,4,NA,NA
"pan_cancer","EPHA7","per_event_pairwise","HM_vs_WGD","M",NA,NA,NA,NA,23,4,4,NA,NA
"pan_cancer","EPHA7","per_event_pairwise","HM_vs_WGD","WT",NA,NA,NA,NA,23,4,4,NA,NA
"pan_cancer","EPHA7","per_event_pairwise","WGD_vs_Classic","CNA_driver",NA,NA,NA,NA,23,4,4,NA,NA
"pan_cancer","EPHA7","per_event_pairwise","WGD_vs_Classic","CI_M",NA,NA,NA,NA,23,4,4,NA,NA
"pan_cancer","EPHA7","per_event_pairwise","WGD_vs_Classic","M",NA,NA,NA,NA,23,4,4,NA,NA
"pan_cancer","EPHA7","per_event_pairwise","WGD_vs_Classic","WT",NA,NA,NA,NA,23,4,4,NA,NA
"pan_cancer","ERBB2","global","Classic_vs_HM_vs_WGD",NA,0.015992003998001,NA,NA,NA,57,10,11,0.0317379771652635,0.0420128918591552
"pan_cancer","ERBB2","pairwise_all_events","HM_vs_Classic",NA,0.48375812093953,NA,NA,NA,57,10,11,0.673371856785175,0.681313793365098
"pan_cancer","ERBB2","pairwise_all_events","HM_vs_WGD",NA,0.341301490958744,NA,NA,NA,57,10,11,0.528159290478056,0.543255035904746
"pan_cancer","ERBB2","pairwise_all_events","WGD_vs_Classic",NA,0.00399800099950025,NA,NA,NA,57,10,11,0.0184574379476928,0.0223720003465303
"pan_cancer","ERBB2","per_event_HM_vs_rest","HM_vs_rest","CNA_driver",0.647012682012247,1.44243149953448,0.130953908834007,8.89394591047093,57,10,11,1,1
"pan_cancer","ERBB2","per_event_HM_vs_rest","HM_vs_rest","CI_M",NA,NA,NA,NA,57,10,11,NA,NA
"pan_cancer","ERBB2","per_event_HM_vs_rest","HM_vs_rest","M",1,0,0,264.109722053647,57,10,11,1,1
"pan_cancer","ERBB2","per_event_HM_vs_rest","HM_vs_rest","WT",0.66974292597358,0.774664694795049,0.127762274944225,8.45543094853674,57,10,11,1,1
"pan_cancer","ERBB2","per_event_pairwise","HM_vs_Classic","CNA_driver",0.635117204776648,0.45507021697429,0.031735976040281,4.38752818861112,57,10,11,0.848113828329792,0.872246117477099
"pan_cancer","ERBB2","per_event_pairwise","HM_vs_Classic","CI_M",NA,NA,NA,NA,57,10,11,NA,NA
"pan_cancer","ERBB2","per_event_pairwise","HM_vs_Classic","M",1,0,0,42.9007355171902,57,10,11,1,1
"pan_cancer","ERBB2","per_event_pairwise","HM_vs_Classic","WT",0.361455108359133,3.14354325648509,0.353001698895759,44.1281064774229,57,10,11,0.586360509115927,0.607901773149451
"pan_cancer","ERBB2","per_event_pairwise","HM_vs_WGD","CNA_driver",0.341301490958744,2.0962413886245,0.177599417384924,14.802347716006,57,10,11,0.559189724588266,0.584159558674966
"pan_cancer","ERBB2","per_event_pairwise","HM_vs_WGD","CI_M",NA,NA,NA,NA,57,10,11,NA,NA
"pan_cancer","ERBB2","per_event_pairwise","HM_vs_WGD","M",NA,NA,NA,NA,57,10,11,NA,NA
"pan_cancer","ERBB2","per_event_pairwise","HM_vs_WGD","WT",0.341301490958744,0.477044297200989,0.0675568510607735,5.63064910192034,57,10,11,0.559189724588266,0.584159558674966
"pan_cancer","ERBB2","per_event_pairwise","WGD_vs_Classic","CNA_driver",0.0485016935507281,0.212731793881484,0.0376724333045942,1.28195593453654,57,10,11,0.155442012989407,0.177020686238078
"pan_cancer","ERBB2","per_event_pairwise","WGD_vs_Classic","CI_M",NA,NA,NA,NA,57,10,11,NA,NA
"pan_cancer","ERBB2","per_event_pairwise","WGD_vs_Classic","M",0.161764705882353,0,0,7.52631892001059,57,10,11,0.365537555228277,0.382135966405629
"pan_cancer","ERBB2","per_event_pairwise","WGD_vs_Classic","WT",0.0122858265549841,6.78333865173463,1.24799868213514,37.8153002124842,57,10,11,0.0556675037698246,0.065489702568517
"pan_cancer","ERBB3","per_event_pairwise","WGD_vs_Classic","CNA_driver",NA,NA,NA,NA,46,1,5,NA,NA
"pan_cancer","ERBB3","per_event_pairwise","WGD_vs_Classic","CI_M",NA,NA,NA,NA,46,1,5,NA,NA
"pan_cancer","ERBB3","per_event_pairwise","WGD_vs_Classic","M",NA,NA,NA,NA,46,1,5,NA,NA
"pan_cancer","ERBB3","per_event_pairwise","WGD_vs_Classic","WT",NA,NA,NA,NA,46,1,5,NA,NA
"pan_cancer","ERBB4","global","Classic_vs_HM_vs_WGD",NA,0.0669665167416292,NA,NA,NA,99,11,10,0.105349764142319,0.135683792090883
"pan_cancer","ERBB4","pairwise_all_events","HM_vs_Classic",NA,0.586466165413534,NA,NA,NA,99,11,10,0.761159677921416,0.775230459440986
"pan_cancer","ERBB4","pairwise_all_events","HM_vs_WGD",NA,0.415620111334182,NA,NA,NA,99,11,10,0.605930372839834,0.622685185185185
"pan_cancer","ERBB4","pairwise_all_events","WGD_vs_Classic",NA,0.0934619675825134,NA,NA,NA,99,11,10,0.205467976352034,0.23442265795207
"pan_cancer","ERBB4","per_event_HM_vs_rest","HM_vs_rest","CNA_driver",NA,NA,NA,NA,99,11,10,NA,NA
"pan_cancer","ERBB4","per_event_HM_vs_rest","HM_vs_rest","CI_M",NA,NA,NA,NA,99,11,10,NA,NA
"pan_cancer","ERBB4","per_event_HM_vs_rest","HM_vs_rest","M",0.499109261027774,1.70731485798194,0.0339646130605123,16.5057844396762,99,11,10,1,1
"pan_cancer","ERBB4","per_event_HM_vs_rest","HM_vs_rest","WT",0.499109261027774,0.58571504566065,0.0605848212579481,29.4424081386816,99,11,10,1,1
"pan_cancer","ERBB4","per_event_pairwise","HM_vs_Classic","CNA_driver",NA,NA,NA,NA,99,11,10,NA,NA
"pan_cancer","ERBB4","per_event_pairwise","HM_vs_Classic","CI_M",NA,NA,NA,NA,99,11,10,NA,NA
"pan_cancer","ERBB4","per_event_pairwise","HM_vs_Classic","M",0.586466165413534,0.417682351642327,0.00618078579312321,9.41464606752164,99,11,10,0.799394752441269,0.81702595358829
"pan_cancer","ERBB4","per_event_pairwise","HM_vs_Classic","WT",0.586466165413534,2.39416388092051,0.106217482083556,161.791725756394,99,11,10,0.799394752441269,0.81702595358829
"pan_cancer","ERBB4","per_event_pairwise","HM_vs_WGD","CNA_driver",NA,NA,NA,NA,99,11,10,NA,NA
"pan_cancer","ERBB4","per_event_pairwise","HM_vs_WGD","CI_M",NA,NA,NA,NA,99,11,10,NA,NA
"pan_cancer","ERBB4","per_event_pairwise","HM_vs_WGD","M",0.415620111334182,2.3497461073361,0.0438861289047855,27.0838083117641,99,11,10,0.645537619731815,0.672871202396235
"pan_cancer","ERBB4","per_event_pairwise","HM_vs_WGD","WT",0.415620111334182,0.42557789408733,0.0369224293898741,22.7862430557403,99,11,10,0.645537619731815,0.672871202396235
"pan_cancer","ERBB4","per_event_pairwise","WGD_vs_Classic","CNA_driver",NA,NA,NA,NA,99,11,10,NA,NA
"pan_cancer","ERBB4","per_event_pairwise","WGD_vs_Classic","CI_M",NA,NA,NA,NA,99,11,10,NA,NA
"pan_cancer","ERBB4","per_event_pairwise","WGD_vs_Classic","M",0.0934619675825133,0.173461727876153,0.0207256145206994,2.19177620189157,99,11,10,0.237083060624368,0.26884258338079
"pan_cancer","ERBB4","per_event_pairwise","WGD_vs_Classic","WT",0.0934619675825133,5.76496044541877,0.456250961725458,48.249474050638,99,11,10,0.237083060624368,0.26884258338079
"pan_cancer","ERCC3","global","Classic_vs_WGD",NA,0.00854700854700854,NA,NA,NA,24,1,3,0.0196886446886447,0.0254766600920447
"pan_cancer","ERCC3","pairwise_all_events","WGD_vs_Classic",NA,0.00854700854700854,NA,NA,NA,24,1,3,0.0338217338217338,0.0399851356373095
"pan_cancer","ERCC3","per_event_pairwise","WGD_vs_Classic","CNA_driver",NA,NA,NA,NA,24,1,3,NA,NA
"pan_cancer","ERCC3","per_event_pairwise","WGD_vs_Classic","CI_M",NA,NA,NA,NA,24,1,3,NA,NA
"pan_cancer","ERCC3","per_event_pairwise","WGD_vs_Classic","M",0.00854700854700854,0,0,0.533598387574217,24,1,3,0.0425407925407925,0.0509579940859562
"pan_cancer","ERCC3","per_event_pairwise","WGD_vs_Classic","WT",0.00854700854700854,Inf,1.87406863155282,Inf,24,1,3,0.0425407925407925,0.0509579940859562
"pan_cancer","ETV1","per_event_pairwise","WGD_vs_Classic","CNA_driver",NA,NA,NA,NA,17,0,9,NA,NA
"pan_cancer","ETV1","per_event_pairwise","WGD_vs_Classic","CI_M",NA,NA,NA,NA,17,0,9,NA,NA
"pan_cancer","ETV1","per_event_pairwise","WGD_vs_Classic","M",NA,NA,NA,NA,17,0,9,NA,NA
"pan_cancer","ETV1","per_event_pairwise","WGD_vs_Classic","WT",NA,NA,NA,NA,17,0,9,NA,NA
"pan_cancer","EZH2","global","Classic_vs_WGD",NA,0.0915032679738562,NA,NA,NA,4,0,14,0.134135472370766,0.170879596818647
"pan_cancer","EZH2","pairwise_all_events","WGD_vs_Classic",NA,0.0915032679738562,NA,NA,NA,4,0,14,0.204406493780308,0.232211123443088
"pan_cancer","EZH2","per_event_pairwise","WGD_vs_Classic","CNA_driver",NA,NA,NA,NA,4,0,14,NA,NA
"pan_cancer","EZH2","per_event_pairwise","WGD_vs_Classic","CI_M",NA,NA,NA,NA,4,0,14,NA,NA
"pan_cancer","EZH2","per_event_pairwise","WGD_vs_Classic","M",0.0915032679738562,0,0,1.66281514036148,4,0,14,0.233920805676356,0.265845522196562
"pan_cancer","EZH2","per_event_pairwise","WGD_vs_Classic","WT",0.0915032679738562,Inf,0.601389761090708,Inf,4,0,14,0.233920805676356,0.265845522196562
"pan_cancer","FAM135B","per_event_pairwise","WGD_vs_Classic","CNA_driver",NA,NA,NA,NA,37,1,20,NA,NA
"pan_cancer","FAM135B","per_event_pairwise","WGD_vs_Classic","CI_M",NA,NA,NA,NA,37,1,20,NA,NA
"pan_cancer","FAM135B","per_event_pairwise","WGD_vs_Classic","M",NA,NA,NA,NA,37,1,20,NA,NA
"pan_cancer","FAM135B","per_event_pairwise","WGD_vs_Classic","WT",NA,NA,NA,NA,37,1,20,NA,NA
"pan_cancer","FAM174B","per_event_HM_vs_rest","HM_vs_rest","CNA_driver",NA,NA,NA,NA,27,4,2,NA,NA
"pan_cancer","FAM174B","per_event_HM_vs_rest","HM_vs_rest","CI_M",NA,NA,NA,NA,27,4,2,NA,NA
"pan_cancer","FAM174B","per_event_HM_vs_rest","HM_vs_rest","M",NA,NA,NA,NA,27,4,2,NA,NA
"pan_cancer","FAM174B","per_event_HM_vs_rest","HM_vs_rest","WT",NA,NA,NA,NA,27,4,2,NA,NA
"pan_cancer","FAM174B","per_event_pairwise","HM_vs_WGD","CNA_driver",NA,NA,NA,NA,27,4,2,NA,NA
"pan_cancer","FAM174B","per_event_pairwise","HM_vs_WGD","CI_M",NA,NA,NA,NA,27,4,2,NA,NA
"pan_cancer","FAM174B","per_event_pairwise","HM_vs_WGD","M",NA,NA,NA,NA,27,4,2,NA,NA
"pan_cancer","FAM174B","per_event_pairwise","HM_vs_WGD","WT",NA,NA,NA,NA,27,4,2,NA,NA
"pan_cancer","FANCD2","per_event_HM_vs_rest","HM_vs_rest","CNA_driver",NA,NA,NA,NA,38,3,5,NA,NA
"pan_cancer","FANCD2","per_event_HM_vs_rest","HM_vs_rest","CI_M",NA,NA,NA,NA,38,3,5,NA,NA
"pan_cancer","FANCD2","per_event_HM_vs_rest","HM_vs_rest","M",NA,NA,NA,NA,38,3,5,NA,NA
"pan_cancer","FANCD2","per_event_HM_vs_rest","HM_vs_rest","WT",NA,NA,NA,NA,38,3,5,NA,NA
"pan_cancer","FANCD2","per_event_pairwise","HM_vs_Classic","CNA_driver",NA,NA,NA,NA,38,3,5,NA,NA
"pan_cancer","FANCD2","per_event_pairwise","HM_vs_Classic","CI_M",NA,NA,NA,NA,38,3,5,NA,NA
"pan_cancer","FANCD2","per_event_pairwise","HM_vs_Classic","M",NA,NA,NA,NA,38,3,5,NA,NA
"pan_cancer","FANCD2","per_event_pairwise","HM_vs_Classic","WT",NA,NA,NA,NA,38,3,5,NA,NA
"pan_cancer","FANCD2","per_event_pairwise","HM_vs_WGD","CNA_driver",NA,NA,NA,NA,38,3,5,NA,NA
"pan_cancer","FANCD2","per_event_pairwise","HM_vs_WGD","CI_M",NA,NA,NA,NA,38,3,5,NA,NA
"pan_cancer","FANCD2","per_event_pairwise","HM_vs_WGD","M",NA,NA,NA,NA,38,3,5,NA,NA
"pan_cancer","FANCD2","per_event_pairwise","HM_vs_WGD","WT",NA,NA,NA,NA,38,3,5,NA,NA
"pan_cancer","FANCD2","per_event_pairwise","WGD_vs_Classic","CNA_driver",NA,NA,NA,NA,38,3,5,NA,NA
"pan_cancer","FANCD2","per_event_pairwise","WGD_vs_Classic","CI_M",NA,NA,NA,NA,38,3,5,NA,NA
"pan_cancer","FANCD2","per_event_pairwise","WGD_vs_Classic","M",NA,NA,NA,NA,38,3,5,NA,NA
"pan_cancer","FANCD2","per_event_pairwise","WGD_vs_Classic","WT",NA,NA,NA,NA,38,3,5,NA,NA
"pan_cancer","FAT1","global","Classic_vs_HM_vs_WGD",NA,0.0139930034982509,NA,NA,NA,110,10,11,0.0282942012032086,0.038171967351534
"pan_cancer","FAT1","pairwise_all_events","HM_vs_Classic",NA,0.476190476190476,NA,NA,NA,110,10,11,0.666185666185666,0.674185463659148
"pan_cancer","FAT1","pairwise_all_events","WGD_vs_Classic",NA,0.00757575757575758,NA,NA,NA,110,10,11,0.0317952249770432,0.0373922713372255
"pan_cancer","FAT1","per_event_HM_vs_rest","HM_vs_rest","CNA_driver",1,0,0,66.9625990727017,110,10,11,1,1
"pan_cancer","FAT1","per_event_HM_vs_rest","HM_vs_rest","CI_M",NA,NA,NA,NA,110,10,11,NA,NA
"pan_cancer","FAT1","per_event_HM_vs_rest","HM_vs_rest","M",NA,NA,NA,NA,110,10,11,NA,NA
"pan_cancer","FAT1","per_event_HM_vs_rest","HM_vs_rest","WT",1,Inf,0.0149337094713766,Inf,110,10,11,1,1
"pan_cancer","FAT1","per_event_pairwise","HM_vs_Classic","CNA_driver",0.476190476190476,0,0,5.78924129016215,110,10,11,0.709426627793975,0.727882890701846
"pan_cancer","FAT1","per_event_pairwise","HM_vs_Classic","CI_M",NA,NA,NA,NA,110,10,11,NA,NA
"pan_cancer","FAT1","per_event_pairwise","HM_vs_Classic","M",NA,NA,NA,NA,110,10,11,NA,NA
"pan_cancer","FAT1","per_event_pairwise","HM_vs_Classic","WT",0.476190476190476,Inf,0.172734206414808,Inf,110,10,11,0.709426627793975,0.727882890701846
"pan_cancer","FAT1","per_event_pairwise","HM_vs_WGD","CNA_driver",NA,NA,NA,NA,110,10,11,NA,NA
"pan_cancer","FAT1","per_event_pairwise","HM_vs_WGD","CI_M",NA,NA,NA,NA,110,10,11,NA,NA
"pan_cancer","FAT1","per_event_pairwise","HM_vs_WGD","M",NA,NA,NA,NA,110,10,11,NA,NA
"pan_cancer","FAT1","per_event_pairwise","HM_vs_WGD","WT",NA,NA,NA,NA,110,10,11,NA,NA
"pan_cancer","FAT1","per_event_pairwise","WGD_vs_Classic","CNA_driver",0.00757575757575757,0,0,0.505722140687996,110,10,11,0.0382867132867133,0.0471797179717972
"pan_cancer","FAT1","per_event_pairwise","WGD_vs_Classic","CI_M",NA,NA,NA,NA,110,10,11,NA,NA
"pan_cancer","FAT1","per_event_pairwise","WGD_vs_Classic","M",NA,NA,NA,NA,110,10,11,NA,NA
"pan_cancer","FAT1","per_event_pairwise","WGD_vs_Classic","WT",0.00757575757575757,Inf,1.97737041656822,Inf,110,10,11,0.0382867132867133,0.0471797179717972
"pan_cancer","FAT3","per_event_HM_vs_rest","HM_vs_rest","CNA_driver",NA,NA,NA,NA,106,10,10,NA,NA
"pan_cancer","FAT3","per_event_HM_vs_rest","HM_vs_rest","CI_M",NA,NA,NA,NA,106,10,10,NA,NA
"pan_cancer","FAT3","per_event_HM_vs_rest","HM_vs_rest","M",NA,NA,NA,NA,106,10,10,NA,NA
"pan_cancer","FAT3","per_event_HM_vs_rest","HM_vs_rest","WT",NA,NA,NA,NA,106,10,10,NA,NA
"pan_cancer","FAT3","per_event_pairwise","HM_vs_Classic","CNA_driver",NA,NA,NA,NA,106,10,10,NA,NA
"pan_cancer","FAT3","per_event_pairwise","HM_vs_Classic","CI_M",NA,NA,NA,NA,106,10,10,NA,NA
"pan_cancer","FAT3","per_event_pairwise","HM_vs_Classic","M",NA,NA,NA,NA,106,10,10,NA,NA
"pan_cancer","FAT3","per_event_pairwise","HM_vs_Classic","WT",NA,NA,NA,NA,106,10,10,NA,NA
"pan_cancer","FAT3","per_event_pairwise","HM_vs_WGD","CNA_driver",NA,NA,NA,NA,106,10,10,NA,NA
"pan_cancer","FAT3","per_event_pairwise","HM_vs_WGD","CI_M",NA,NA,NA,NA,106,10,10,NA,NA
"pan_cancer","FAT3","per_event_pairwise","HM_vs_WGD","M",NA,NA,NA,NA,106,10,10,NA,NA
"pan_cancer","FAT3","per_event_pairwise","HM_vs_WGD","WT",NA,NA,NA,NA,106,10,10,NA,NA
"pan_cancer","FAT3","per_event_pairwise","WGD_vs_Classic","CNA_driver",NA,NA,NA,NA,106,10,10,NA,NA
"pan_cancer","FAT3","per_event_pairwise","WGD_vs_Classic","CI_M",NA,NA,NA,NA,106,10,10,NA,NA
"pan_cancer","FAT3","per_event_pairwise","WGD_vs_Classic","M",NA,NA,NA,NA,106,10,10,NA,NA
"pan_cancer","FAT3","per_event_pairwise","WGD_vs_Classic","WT",NA,NA,NA,NA,106,10,10,NA,NA
"pan_cancer","FAT4","per_event_HM_vs_rest","HM_vs_rest","CNA_driver",NA,NA,NA,NA,95,12,4,NA,NA
"pan_cancer","FAT4","per_event_HM_vs_rest","HM_vs_rest","CI_M",NA,NA,NA,NA,95,12,4,NA,NA
"pan_cancer","FAT4","per_event_HM_vs_rest","HM_vs_rest","M",NA,NA,NA,NA,95,12,4,NA,NA
"pan_cancer","FAT4","per_event_HM_vs_rest","HM_vs_rest","WT",NA,NA,NA,NA,95,12,4,NA,NA
"pan_cancer","FAT4","per_event_pairwise","HM_vs_Classic","CNA_driver",NA,NA,NA,NA,95,12,4,NA,NA
"pan_cancer","FAT4","per_event_pairwise","HM_vs_Classic","CI_M",NA,NA,NA,NA,95,12,4,NA,NA
"pan_cancer","FAT4","per_event_pairwise","HM_vs_Classic","M",NA,NA,NA,NA,95,12,4,NA,NA
"pan_cancer","FAT4","per_event_pairwise","HM_vs_Classic","WT",NA,NA,NA,NA,95,12,4,NA,NA
"pan_cancer","FAT4","per_event_pairwise","HM_vs_WGD","CNA_driver",NA,NA,NA,NA,95,12,4,NA,NA
"pan_cancer","FAT4","per_event_pairwise","HM_vs_WGD","CI_M",NA,NA,NA,NA,95,12,4,NA,NA
"pan_cancer","FAT4","per_event_pairwise","HM_vs_WGD","M",NA,NA,NA,NA,95,12,4,NA,NA
"pan_cancer","FAT4","per_event_pairwise","HM_vs_WGD","WT",NA,NA,NA,NA,95,12,4,NA,NA
"pan_cancer","FAT4","per_event_pairwise","WGD_vs_Classic","CNA_driver",NA,NA,NA,NA,95,12,4,NA,NA
"pan_cancer","FAT4","per_event_pairwise","WGD_vs_Classic","CI_M",NA,NA,NA,NA,95,12,4,NA,NA
"pan_cancer","FAT4","per_event_pairwise","WGD_vs_Classic","M",NA,NA,NA,NA,95,12,4,NA,NA
"pan_cancer","FAT4","per_event_pairwise","WGD_vs_Classic","WT",NA,NA,NA,NA,95,12,4,NA,NA
"pan_cancer","FBLN2","per_event_HM_vs_rest","HM_vs_rest","CNA_driver",NA,NA,NA,NA,100,12,16,NA,NA
"pan_cancer","FBLN2","per_event_HM_vs_rest","HM_vs_rest","CI_M",NA,NA,NA,NA,100,12,16,NA,NA
"pan_cancer","FBLN2","per_event_HM_vs_rest","HM_vs_rest","M",NA,NA,NA,NA,100,12,16,NA,NA
"pan_cancer","FBLN2","per_event_HM_vs_rest","HM_vs_rest","WT",NA,NA,NA,NA,100,12,16,NA,NA
"pan_cancer","FBLN2","per_event_pairwise","HM_vs_Classic","CNA_driver",NA,NA,NA,NA,100,12,16,NA,NA
"pan_cancer","FBLN2","per_event_pairwise","HM_vs_Classic","CI_M",NA,NA,NA,NA,100,12,16,NA,NA
"pan_cancer","FBLN2","per_event_pairwise","HM_vs_Classic","M",NA,NA,NA,NA,100,12,16,NA,NA
"pan_cancer","FBLN2","per_event_pairwise","HM_vs_Classic","WT",NA,NA,NA,NA,100,12,16,NA,NA
"pan_cancer","FBLN2","per_event_pairwise","HM_vs_WGD","CNA_driver",NA,NA,NA,NA,100,12,16,NA,NA
"pan_cancer","FBLN2","per_event_pairwise","HM_vs_WGD","CI_M",NA,NA,NA,NA,100,12,16,NA,NA
"pan_cancer","FBLN2","per_event_pairwise","HM_vs_WGD","M",NA,NA,NA,NA,100,12,16,NA,NA
"pan_cancer","FBLN2","per_event_pairwise","HM_vs_WGD","WT",NA,NA,NA,NA,100,12,16,NA,NA
"pan_cancer","FBLN2","per_event_pairwise","WGD_vs_Classic","CNA_driver",NA,NA,NA,NA,100,12,16,NA,NA
"pan_cancer","FBLN2","per_event_pairwise","WGD_vs_Classic","CI_M",NA,NA,NA,NA,100,12,16,NA,NA
"pan_cancer","FBLN2","per_event_pairwise","WGD_vs_Classic","M",NA,NA,NA,NA,100,12,16,NA,NA
"pan_cancer","FBLN2","per_event_pairwise","WGD_vs_Classic","WT",NA,NA,NA,NA,100,12,16,NA,NA
"pan_cancer","FBXO11","global","Classic_vs_WGD",NA,0.0439560439560439,NA,NA,NA,5,1,10,0.0746096009253904,0.0966409477047774
"pan_cancer","FBXO11","pairwise_all_events","WGD_vs_Classic",NA,0.0439560439560439,NA,NA,NA,5,1,10,0.124305194341605,0.140759032248582
"pan_cancer","FBXO11","per_event_pairwise","WGD_vs_Classic","CNA_driver",NA,NA,NA,NA,5,1,10,NA,NA
"pan_cancer","FBXO11","per_event_pairwise","WGD_vs_Classic","CI_M",NA,NA,NA,NA,5,1,10,NA,NA
"pan_cancer","FBXO11","per_event_pairwise","WGD_vs_Classic","M",0.043956043956044,0,0,1.27875130893895,5,1,10,0.142784700086931,0.166056166056166
"pan_cancer","FBXO11","per_event_pairwise","WGD_vs_Classic","WT",0.043956043956044,Inf,0.782012884764711,Inf,5,1,10,0.142784700086931,0.166056166056166
"pan_cancer","FBXW7","global","Classic_vs_HM_vs_WGD",NA,0.00149925037481259,NA,NA,NA,87,7,15,0.00386806596701649,0.00595855918194749
"pan_cancer","FBXW7","pairwise_all_events","HM_vs_Classic",NA,0.508245877061469,NA,NA,NA,87,7,15,0.686721109198948,0.693394706559264
"pan_cancer","FBXW7","pairwise_all_events","HM_vs_WGD",NA,0.0259870064967516,NA,NA,NA,87,7,15,0.0808809078606764,0.0944662803733268
"pan_cancer","FBXW7","pairwise_all_events","WGD_vs_Classic",NA,0.00399000135654213,NA,NA,NA,87,7,15,0.0184574379476928,0.0223720003465303
"pan_cancer","FBXW7","per_event_HM_vs_rest","HM_vs_rest","CNA_driver",0.0642201834862385,Inf,0.373626363371521,Inf,87,7,15,1,1
"pan_cancer","FBXW7","per_event_HM_vs_rest","HM_vs_rest","CI_M",NA,NA,NA,NA,87,7,15,NA,NA
"pan_cancer","FBXW7","per_event_HM_vs_rest","HM_vs_rest","M",0.380236459863364,2.63226959039728,0.0497737747928127,28.4420579044755,87,7,15,1,1
"pan_cancer","FBXW7","per_event_HM_vs_rest","HM_vs_rest","WT",0.0825069160722356,0.16136868292858,0.0201059946334513,2.02446874512344,87,7,15,1,1
"pan_cancer","FBXW7","per_event_pairwise","HM_vs_Classic","CNA_driver",0.318181818181818,Inf,0.0549448962053572,Inf,87,7,15,0.536013986013986,0.558260428553316
"pan_cancer","FBXW7","per_event_pairwise","HM_vs_Classic","CI_M",NA,NA,NA,NA,87,7,15,NA,NA
"pan_cancer","FBXW7","per_event_pairwise","HM_vs_Classic","M",1,0.473458897226261,0.00800052985216864,6.44369363280158,87,7,15,1,1
"pan_cancer","FBXW7","per_event_pairwise","HM_vs_Classic","WT",1,0.913072999582078,0.0892579625295688,13.300810188969,87,7,15,1,1
"pan_cancer","FBXW7","per_event_pairwise","HM_vs_WGD","CNA_driver",0.074468085106383,Inf,0.318681304456589,Inf,87,7,15,0.205569461827284,0.234202127659574
"pan_cancer","FBXW7","per_event_pairwise","HM_vs_WGD","CI_M",NA,NA,NA,NA,87,7,15,NA,NA
"pan_cancer","FBXW7","per_event_pairwise","HM_vs_WGD","M",0.209252185849423,6.78564696439145,0.103042845470443,149.076539833975,87,7,15,0.426495555777489,0.440199414378886
"pan_cancer","FBXW7","per_event_pairwise","HM_vs_WGD","WT",0.0267719210454432,0.0635655754000699,0.00384018575572772,1.04002848522494,87,7,15,0.0982634197031073,0.115339303682081
"pan_cancer","FBXW7","per_event_pairwise","WGD_vs_Classic","CNA_driver",NA,NA,NA,NA,87,7,15,NA,NA
"pan_cancer","FBXW7","per_event_pairwise","WGD_vs_Classic","CI_M",NA,NA,NA,NA,87,7,15,NA,NA
"pan_cancer","FBXW7","per_event_pairwise","WGD_vs_Classic","M",0.00399000135654213,0.0679996163725512,0.00555096527918113,0.53493764364307,87,7,15,0.0224053922328904,0.0281904761904762
"pan_cancer","FBXW7","per_event_pairwise","WGD_vs_Classic","WT",0.00399000135654213,14.705965317823,1.86937676172821,180.148847940108,87,7,15,0.0224053922328904,0.0281904761904762
"pan_cancer","FCRL4","per_event_pairwise","WGD_vs_Classic","CNA_driver",NA,NA,NA,NA,31,1,30,NA,NA
"pan_cancer","FCRL4","per_event_pairwise","WGD_vs_Classic","CI_M",NA,NA,NA,NA,31,1,30,NA,NA
"pan_cancer","FCRL4","per_event_pairwise","WGD_vs_Classic","M",NA,NA,NA,NA,31,1,30,NA,NA
"pan_cancer","FCRL4","per_event_pairwise","WGD_vs_Classic","WT",NA,NA,NA,NA,31,1,30,NA,NA
"pan_cancer","FGFR2","global","Classic_vs_WGD",NA,1,NA,NA,NA,21,0,6,1,1
"pan_cancer","FGFR2","pairwise_all_events","WGD_vs_Classic",NA,1,NA,NA,NA,21,0,6,1,1
"pan_cancer","FGFR2","per_event_pairwise","WGD_vs_Classic","CNA_driver",NA,NA,NA,NA,21,0,6,NA,NA
"pan_cancer","FGFR2","per_event_pairwise","WGD_vs_Classic","CI_M",NA,NA,NA,NA,21,0,6,NA,NA
"pan_cancer","FGFR2","per_event_pairwise","WGD_vs_Classic","M",1,Inf,0.0511630536199522,Inf,21,0,6,1,1
"pan_cancer","FGFR2","per_event_pairwise","WGD_vs_Classic","WT",1,0,0,19.5453541031419,21,0,6,1,1
"pan_cancer","FLT4","global","Classic_vs_HM_vs_WGD",NA,0.505247376311844,NA,NA,NA,28,11,38,0.597953316919522,0.614222300614399
"pan_cancer","FLT4","pairwise_all_events","HM_vs_WGD",NA,1,NA,NA,NA,28,11,38,1,1
"pan_cancer","FLT4","pairwise_all_events","WGD_vs_Classic",NA,0.424242424242424,NA,NA,NA,28,11,38,0.615262573377757,0.628260023355391
"pan_cancer","FLT4","per_event_HM_vs_rest","HM_vs_rest","CNA_driver",NA,NA,NA,NA,28,11,38,NA,NA
"pan_cancer","FLT4","per_event_HM_vs_rest","HM_vs_rest","CI_M",NA,NA,NA,NA,28,11,38,NA,NA
"pan_cancer","FLT4","per_event_HM_vs_rest","HM_vs_rest","M",1,0,0,233.151183970856,28,11,38,1,1
"pan_cancer","FLT4","per_event_HM_vs_rest","HM_vs_rest","WT",1,Inf,0.0042890625,Inf,28,11,38,1,1
"pan_cancer","FLT4","per_event_pairwise","HM_vs_Classic","CNA_driver",NA,NA,NA,NA,28,11,38,NA,NA
"pan_cancer","FLT4","per_event_pairwise","HM_vs_Classic","CI_M",NA,NA,NA,NA,28,11,38,NA,NA
"pan_cancer","FLT4","per_event_pairwise","HM_vs_Classic","M",NA,NA,NA,NA,28,11,38,NA,NA
"pan_cancer","FLT4","per_event_pairwise","HM_vs_Classic","WT",NA,NA,NA,NA,28,11,38,NA,NA
"pan_cancer","FLT4","per_event_pairwise","HM_vs_WGD","CNA_driver",NA,NA,NA,NA,28,11,38,NA,NA
"pan_cancer","FLT4","per_event_pairwise","HM_vs_WGD","CI_M",NA,NA,NA,NA,28,11,38,NA,NA
"pan_cancer","FLT4","per_event_pairwise","HM_vs_WGD","M",1,0,0,99.1205265777973,28,11,38,1,1
"pan_cancer","FLT4","per_event_pairwise","HM_vs_WGD","WT",1,Inf,0.0100887276785714,Inf,28,11,38,1,1
"pan_cancer","FLT4","per_event_pairwise","WGD_vs_Classic","CNA_driver",NA,NA,NA,NA,28,11,38,NA,NA
"pan_cancer","FLT4","per_event_pairwise","WGD_vs_Classic","CI_M",NA,NA,NA,NA,28,11,38,NA,NA
"pan_cancer","FLT4","per_event_pairwise","WGD_vs_Classic","M",0.424242424242424,Inf,0.0347982733567317,Inf,28,11,38,0.655828877005348,0.67902123065851
"pan_cancer","FLT4","per_event_pairwise","WGD_vs_Classic","WT",0.424242424242424,0,0,28.7370580071196,28,11,38,0.655828877005348,0.67902123065851
"pan_cancer","FMN2","per_event_pairwise","WGD_vs_Classic","CNA_driver",NA,NA,NA,NA,29,0,27,NA,NA
"pan_cancer","FMN2","per_event_pairwise","WGD_vs_Classic","CI_M",NA,NA,NA,NA,29,0,27,NA,NA
"pan_cancer","FMN2","per_event_pairwise","WGD_vs_Classic","M",NA,NA,NA,NA,29,0,27,NA,NA
"pan_cancer","FMN2","per_event_pairwise","WGD_vs_Classic","WT",NA,NA,NA,NA,29,0,27,NA,NA
"pan_cancer","FOXA1","global","Classic_vs_HM_vs_WGD",NA,0.000499750124937531,NA,NA,NA,40,6,5,0.00165301964402414,0.00281677343146609
"pan_cancer","FOXA1","pairwise_all_events","HM_vs_Classic",NA,0.0800865800865801,NA,NA,NA,40,6,5,0.185810113519092,0.211251227063354
"pan_cancer","FOXA1","pairwise_all_events","HM_vs_WGD",NA,0.439960780709011,NA,NA,NA,40,6,5,0.628191424002042,0.641460433662461
"pan_cancer","FOXA1","pairwise_all_events","WGD_vs_Classic",NA,0.00110578272801756,NA,NA,NA,40,6,5,0.00589041953193967,0.00814946722840336
"pan_cancer","FOXA1","per_event_HM_vs_rest","HM_vs_rest","CNA_driver",NA,NA,NA,NA,40,6,5,NA,NA
"pan_cancer","FOXA1","per_event_HM_vs_rest","HM_vs_rest","CI_M",NA,NA,NA,NA,40,6,5,NA,NA
"pan_cancer","FOXA1","per_event_HM_vs_rest","HM_vs_rest","M",1,1.0839411048115,0.0201167453535404,12.1843410244734,40,6,5,1,1
"pan_cancer","FOXA1","per_event_HM_vs_rest","HM_vs_rest","WT",1,0.922559348991479,0.0820725550927543,49.7098304136961,40,6,5,1,1
"pan_cancer","FOXA1","per_event_pairwise","HM_vs_Classic","CNA_driver",NA,NA,NA,NA,40,6,5,NA,NA
"pan_cancer","FOXA1","per_event_pairwise","HM_vs_Classic","CI_M",NA,NA,NA,NA,40,6,5,NA,NA
"pan_cancer","FOXA1","per_event_pairwise","HM_vs_Classic","M",0.0800865800865801,0.0743347526548088,0.000861781393863978,1.6630360702084,40,6,5,0.211572018052157,0.243455829518658
"pan_cancer","FOXA1","per_event_pairwise","HM_vs_Classic","WT",0.0800865800865801,13.4526579330093,0.601309868086437,1160.38708554184,40,6,5,0.211572018052157,0.243455829518658
"pan_cancer","FOXA1","per_event_pairwise","HM_vs_WGD","CNA_driver",NA,NA,NA,NA,40,6,5,NA,NA
"pan_cancer","FOXA1","per_event_pairwise","HM_vs_WGD","CI_M",NA,NA,NA,NA,40,6,5,NA,NA
"pan_cancer","FOXA1","per_event_pairwise","HM_vs_WGD","M",0.439960780709011,2.40445711060664,0.039225374185953,37.8890401094358,40,6,5,0.669107020661621,0.694442486991137
"pan_cancer","FOXA1","per_event_pairwise","HM_vs_WGD","WT",0.439960780709011,0.415894297132087,0.026392856538769,25.4937019914551,40,6,5,0.669107020661621,0.694442486991137
"pan_cancer","FOXA1","per_event_pairwise","WGD_vs_Classic","CNA_driver",NA,NA,NA,NA,40,6,5,NA,NA
"pan_cancer","FOXA1","per_event_pairwise","WGD_vs_Classic","CI_M",NA,NA,NA,NA,40,6,5,NA,NA
"pan_cancer","FOXA1","per_event_pairwise","WGD_vs_Classic","M",0.00110578272801756,0.0247327730659249,0.000410362442273144,0.336104764217664,40,6,5,0.007193061904035,0.0101538297215043
"pan_cancer","FOXA1","per_event_pairwise","WGD_vs_Classic","WT",0.00110578272801756,40.432182729147,2.97526279440773,2436.87018349106,40,6,5,0.007193061904035,0.0101538297215043
"pan_cancer","FOXL2","per_event_HM_vs_rest","HM_vs_rest","CNA_driver",NA,NA,NA,NA,9,4,2,NA,NA
"pan_cancer","FOXL2","per_event_HM_vs_rest","HM_vs_rest","CI_M",NA,NA,NA,NA,9,4,2,NA,NA
"pan_cancer","FOXL2","per_event_HM_vs_rest","HM_vs_rest","M",NA,NA,NA,NA,9,4,2,NA,NA
"pan_cancer","FOXL2","per_event_HM_vs_rest","HM_vs_rest","WT",NA,NA,NA,NA,9,4,2,NA,NA
"pan_cancer","FOXL2","per_event_pairwise","HM_vs_WGD","CNA_driver",NA,NA,NA,NA,9,4,2,NA,NA
"pan_cancer","FOXL2","per_event_pairwise","HM_vs_WGD","CI_M",NA,NA,NA,NA,9,4,2,NA,NA
"pan_cancer","FOXL2","per_event_pairwise","HM_vs_WGD","M",NA,NA,NA,NA,9,4,2,NA,NA
"pan_cancer","FOXL2","per_event_pairwise","HM_vs_WGD","WT",NA,NA,NA,NA,9,4,2,NA,NA
"pan_cancer","FOXO1","global","Classic_vs_WGD",NA,0.00216450216450217,NA,NA,NA,6,1,5,0.00526831658907131,0.00798804370232943
"pan_cancer","FOXO1","pairwise_all_events","WGD_vs_Classic",NA,0.00216450216450217,NA,NA,NA,6,1,5,0.0109012199921291,0.0133850823505996
"pan_cancer","FOXO1","per_event_pairwise","WGD_vs_Classic","CNA_driver",NA,NA,NA,NA,6,1,5,NA,NA
"pan_cancer","FOXO1","per_event_pairwise","WGD_vs_Classic","CI_M",NA,NA,NA,NA,6,1,5,NA,NA
"pan_cancer","FOXO1","per_event_pairwise","WGD_vs_Classic","M",0.00216450216450217,0,0,0.351764748838083,6,1,5,0.0131673881673882,0.0170183982683983
"pan_cancer","FOXO1","per_event_pairwise","WGD_vs_Classic","WT",0.00216450216450217,Inf,2.842809017399,Inf,6,1,5,0.0131673881673882,0.0170183982683983
"pan_cancer","FOXO3","per_event_pairwise","WGD_vs_Classic","CNA_driver",NA,NA,NA,NA,6,1,3,NA,NA
"pan_cancer","FOXO3","per_event_pairwise","WGD_vs_Classic","CI_M",NA,NA,NA,NA,6,1,3,NA,NA
"pan_cancer","FOXO3","per_event_pairwise","WGD_vs_Classic","M",NA,NA,NA,NA,6,1,3,NA,NA
"pan_cancer","FOXO3","per_event_pairwise","WGD_vs_Classic","WT",NA,NA,NA,NA,6,1,3,NA,NA
"pan_cancer","GATA3","global","Classic_vs_WGD",NA,0.000257997936016511,NA,NA,NA,13,1,6,0.00165301964402414,0.00281677343146609
"pan_cancer","GATA3","pairwise_all_events","WGD_vs_Classic",NA,0.000257997936016511,NA,NA,NA,13,1,6,0.00276861569215392,0.00407372071539988
"pan_cancer","GATA3","per_event_pairwise","WGD_vs_Classic","CNA_driver",NA,NA,NA,NA,13,1,6,NA,NA
"pan_cancer","GATA3","per_event_pairwise","WGD_vs_Classic","CI_M",NA,NA,NA,NA,13,1,6,NA,NA
"pan_cancer","GATA3","per_event_pairwise","WGD_vs_Classic","M",0.000257997936016512,0,0,0.218758809639828,13,1,6,0.00208281683328213,0.00321347924266111
"pan_cancer","GATA3","per_event_pairwise","WGD_vs_Classic","WT",0.000257997936016512,Inf,4.57124447534906,Inf,13,1,6,0.00208281683328213,0.00321347924266111
"pan_cancer","GMPS","per_event_HM_vs_rest","HM_vs_rest","CNA_driver",NA,NA,NA,NA,31,5,4,NA,NA
"pan_cancer","GMPS","per_event_HM_vs_rest","HM_vs_rest","CI_M",NA,NA,NA,NA,31,5,4,NA,NA
"pan_cancer","GMPS","per_event_HM_vs_rest","HM_vs_rest","M",NA,NA,NA,NA,31,5,4,NA,NA
"pan_cancer","GMPS","per_event_HM_vs_rest","HM_vs_rest","WT",NA,NA,NA,NA,31,5,4,NA,NA
"pan_cancer","GMPS","per_event_pairwise","HM_vs_Classic","CNA_driver",NA,NA,NA,NA,31,5,4,NA,NA
"pan_cancer","GMPS","per_event_pairwise","HM_vs_Classic","CI_M",NA,NA,NA,NA,31,5,4,NA,NA
"pan_cancer","GMPS","per_event_pairwise","HM_vs_Classic","M",NA,NA,NA,NA,31,5,4,NA,NA
"pan_cancer","GMPS","per_event_pairwise","HM_vs_Classic","WT",NA,NA,NA,NA,31,5,4,NA,NA
"pan_cancer","GMPS","per_event_pairwise","HM_vs_WGD","CNA_driver",NA,NA,NA,NA,31,5,4,NA,NA
"pan_cancer","GMPS","per_event_pairwise","HM_vs_WGD","CI_M",NA,NA,NA,NA,31,5,4,NA,NA
"pan_cancer","GMPS","per_event_pairwise","HM_vs_WGD","M",NA,NA,NA,NA,31,5,4,NA,NA
"pan_cancer","GMPS","per_event_pairwise","HM_vs_WGD","WT",NA,NA,NA,NA,31,5,4,NA,NA
"pan_cancer","GMPS","per_event_pairwise","WGD_vs_Classic","CNA_driver",NA,NA,NA,NA,31,5,4,NA,NA
"pan_cancer","GMPS","per_event_pairwise","WGD_vs_Classic","CI_M",NA,NA,NA,NA,31,5,4,NA,NA
"pan_cancer","GMPS","per_event_pairwise","WGD_vs_Classic","M",NA,NA,NA,NA,31,5,4,NA,NA
"pan_cancer","GMPS","per_event_pairwise","WGD_vs_Classic","WT",NA,NA,NA,NA,31,5,4,NA,NA
"pan_cancer","GNA13","global","Classic_vs_WGD",NA,0.428571428571429,NA,NA,NA,4,1,3,0.521563342318059,0.54673721340388
"pan_cancer","GNA13","pairwise_all_events","WGD_vs_Classic",NA,0.428571428571429,NA,NA,NA,4,1,3,0.618303571428572,0.628260023355391
"pan_cancer","GNA13","per_event_pairwise","WGD_vs_Classic","CNA_driver",NA,NA,NA,NA,4,1,3,NA,NA
"pan_cancer","GNA13","per_event_pairwise","WGD_vs_Classic","CI_M",NA,NA,NA,NA,4,1,3,NA,NA
"pan_cancer","GNA13","per_event_pairwise","WGD_vs_Classic","M",0.428571428571429,0,0,7.05623784817769,4,1,3,0.656343656343657,0.67902123065851
"pan_cancer","GNA13","per_event_pairwise","WGD_vs_Classic","WT",0.428571428571429,Inf,0.141718578868236,Inf,4,1,3,0.656343656343657,0.67902123065851
"pan_cancer","GNAI2","global","Classic_vs_WGD",NA,0.0101010101010101,NA,NA,NA,8,0,8,0.022085259373395,0.0287276434065425
"pan_cancer","GNAI2","pairwise_all_events","WGD_vs_Classic",NA,0.0101010101010101,NA,NA,NA,8,0,8,0.0388608305274972,0.0456667515491045
"pan_cancer","GNAI2","per_event_pairwise","WGD_vs_Classic","CNA_driver",NA,NA,NA,NA,8,0,8,NA,NA
"pan_cancer","GNAI2","per_event_pairwise","WGD_vs_Classic","CI_M",NA,NA,NA,NA,8,0,8,NA,NA
"pan_cancer","GNAI2","per_event_pairwise","WGD_vs_Classic","M",0.0101010101010101,0.031638956060821,0.0004091943743899,0.553869961721607,8,0,8,0.0480895915678525,0.0569405971068021
"pan_cancer","GNAI2","per_event_pairwise","WGD_vs_Classic","WT",0.0101010101010101,31.6066054163625,1.80547794448299,2443.82636367136,8,0,8,0.0480895915678525,0.0569405971068021
"pan_cancer","GNAS","global","Classic_vs_HM_vs_WGD",NA,0.512743628185907,NA,NA,NA,87,15,39,0.6002376002376,0.61818490389919
"pan_cancer","GNAS","pairwise_all_events","HM_vs_Classic",NA,0.566531014921692,NA,NA,NA,87,15,39,0.740231561949569,0.750723364600666
"pan_cancer","GNAS","pairwise_all_events","HM_vs_WGD",NA,1,NA,NA,NA,87,15,39,1,1
"pan_cancer","GNAS","pairwise_all_events","WGD_vs_Classic",NA,0.456776866001559,NA,NA,NA,87,15,39,0.645546897359347,0.657074743071762
"pan_cancer","GNAS","per_event_HM_vs_rest","HM_vs_rest","CNA_driver",NA,NA,NA,NA,87,15,39,NA,NA
"pan_cancer","GNAS","per_event_HM_vs_rest","HM_vs_rest","CI_M",NA,NA,NA,NA,87,15,39,NA,NA
"pan_cancer","GNAS","per_event_HM_vs_rest","HM_vs_rest","M",0.597260883218132,0,0,4.42089746386198,87,15,39,1,1
"pan_cancer","GNAS","per_event_HM_vs_rest","HM_vs_rest","WT",0.597260883218132,Inf,0.226198415180258,Inf,87,15,39,1,1
"pan_cancer","GNAS","per_event_pairwise","HM_vs_Classic","CNA_driver",NA,NA,NA,NA,87,15,39,NA,NA
"pan_cancer","GNAS","per_event_pairwise","HM_vs_Classic","CI_M",NA,NA,NA,NA,87,15,39,NA,NA
"pan_cancer","GNAS","per_event_pairwise","HM_vs_Classic","M",0.566531014921692,0,0,3.9640179144146,87,15,39,0.777058197919732,0.791884463079431
"pan_cancer","GNAS","per_event_pairwise","HM_vs_Classic","WT",0.566531014921692,Inf,0.252269293830292,Inf,87,15,39,0.777058197919732,0.791884463079431
"pan_cancer","GNAS","per_event_pairwise","HM_vs_WGD","CNA_driver",NA,NA,NA,NA,87,15,39,NA,NA
"pan_cancer","GNAS","per_event_pairwise","HM_vs_WGD","CI_M",NA,NA,NA,NA,87,15,39,NA,NA
"pan_cancer","GNAS","per_event_pairwise","HM_vs_WGD","M",1,0,0,6.57098862733772,87,15,39,1,1
"pan_cancer","GNAS","per_event_pairwise","HM_vs_WGD","WT",1,Inf,0.152184101466807,Inf,87,15,39,1,1
"pan_cancer","GNAS","per_event_pairwise","WGD_vs_Classic","CNA_driver",NA,NA,NA,NA,87,15,39,NA,NA
"pan_cancer","GNAS","per_event_pairwise","WGD_vs_Classic","CI_M",NA,NA,NA,NA,87,15,39,NA,NA
"pan_cancer","GNAS","per_event_pairwise","WGD_vs_Classic","M",0.456776866001559,0.536418907502089,0.108208077356783,2.87063487041372,87,15,39,0.691480186550748,0.712051174014822
"pan_cancer","GNAS","per_event_pairwise","WGD_vs_Classic","WT",0.456776866001559,1.86421467628097,0.348354996417877,9.24145428351723,87,15,39,0.691480186550748,0.712051174014822
"pan_cancer","GPC5","per_event_HM_vs_rest","HM_vs_rest","CNA_driver",NA,NA,NA,NA,22,6,0,NA,NA
"pan_cancer","GPC5","per_event_HM_vs_rest","HM_vs_rest","CI_M",NA,NA,NA,NA,22,6,0,NA,NA
"pan_cancer","GPC5","per_event_HM_vs_rest","HM_vs_rest","M",NA,NA,NA,NA,22,6,0,NA,NA
"pan_cancer","GPC5","per_event_HM_vs_rest","HM_vs_rest","WT",NA,NA,NA,NA,22,6,0,NA,NA
"pan_cancer","GPC5","per_event_pairwise","HM_vs_WGD","CNA_driver",NA,NA,NA,NA,22,6,0,NA,NA
"pan_cancer","GPC5","per_event_pairwise","HM_vs_WGD","CI_M",NA,NA,NA,NA,22,6,0,NA,NA
"pan_cancer","GPC5","per_event_pairwise","HM_vs_WGD","M",NA,NA,NA,NA,22,6,0,NA,NA
"pan_cancer","GPC5","per_event_pairwise","HM_vs_WGD","WT",NA,NA,NA,NA,22,6,0,NA,NA
"pan_cancer","GRM3","per_event_pairwise","WGD_vs_Classic","CNA_driver",NA,NA,NA,NA,18,2,6,NA,NA
"pan_cancer","GRM3","per_event_pairwise","WGD_vs_Classic","CI_M",NA,NA,NA,NA,18,2,6,NA,NA
"pan_cancer","GRM3","per_event_pairwise","WGD_vs_Classic","M",NA,NA,NA,NA,18,2,6,NA,NA
"pan_cancer","GRM3","per_event_pairwise","WGD_vs_Classic","WT",NA,NA,NA,NA,18,2,6,NA,NA
"pan_cancer","HIP1","per_event_pairwise","WGD_vs_Classic","CNA_driver",NA,NA,NA,NA,3,0,4,NA,NA
"pan_cancer","HIP1","per_event_pairwise","WGD_vs_Classic","CI_M",NA,NA,NA,NA,3,0,4,NA,NA
"pan_cancer","HIP1","per_event_pairwise","WGD_vs_Classic","M",NA,NA,NA,NA,3,0,4,NA,NA
"pan_cancer","HIP1","per_event_pairwise","WGD_vs_Classic","WT",NA,NA,NA,NA,3,0,4,NA,NA
"pan_cancer","HLA-A","global","Classic_vs_HM_vs_WGD",NA,0.830584707646177,NA,NA,NA,35,7,15,0.939872169178569,0.953634293964129
"pan_cancer","HLA-A","pairwise_all_events","HM_vs_Classic",NA,1,NA,NA,NA,35,7,15,1,1
"pan_cancer","HLA-A","pairwise_all_events","HM_vs_WGD",NA,1,NA,NA,NA,35,7,15,1,1
"pan_cancer","HLA-A","pairwise_all_events","WGD_vs_Classic",NA,0.629311484075591,NA,NA,NA,35,7,15,0.803314659396031,0.815830309476309
"pan_cancer","HLA-A","per_event_HM_vs_rest","HM_vs_rest","CNA_driver",NA,NA,NA,NA,35,7,15,NA,NA
"pan_cancer","HLA-A","per_event_HM_vs_rest","HM_vs_rest","CI_M",NA,NA,NA,NA,35,7,15,NA,NA
"pan_cancer","HLA-A","per_event_HM_vs_rest","HM_vs_rest","M",1,0,0,8.62149440178119,35,7,15,1,1
"pan_cancer","HLA-A","per_event_HM_vs_rest","HM_vs_rest","WT",1,Inf,0.115989172340401,Inf,35,7,15,1,1
"pan_cancer","HLA-A","per_event_pairwise","HM_vs_Classic","CNA_driver",NA,NA,NA,NA,35,7,15,NA,NA
"pan_cancer","HLA-A","per_event_pairwise","HM_vs_Classic","CI_M",NA,NA,NA,NA,35,7,15,NA,NA
"pan_cancer","HLA-A","per_event_pairwise","HM_vs_Classic","M",1,0,0,11.6883836518978,35,7,15,1,1
"pan_cancer","HLA-A","per_event_pairwise","HM_vs_Classic","WT",1,Inf,0.0855550288031167,Inf,35,7,15,1,1
"pan_cancer","HLA-A","per_event_pairwise","HM_vs_WGD","CNA_driver",NA,NA,NA,NA,35,7,15,NA,NA
"pan_cancer","HLA-A","per_event_pairwise","HM_vs_WGD","CI_M",NA,NA,NA,NA,35,7,15,NA,NA
"pan_cancer","HLA-A","per_event_pairwise","HM_vs_WGD","M",1,0,0,13.0002790893041,35,7,15,1,1
"pan_cancer","HLA-A","per_event_pairwise","HM_vs_WGD","WT",1,Inf,0.0769214255425286,Inf,35,7,15,1,1
"pan_cancer","HLA-A","per_event_pairwise","WGD_vs_Classic","CNA_driver",NA,NA,NA,NA,35,7,15,NA,NA
"pan_cancer","HLA-A","per_event_pairwise","WGD_vs_Classic","CI_M",NA,NA,NA,NA,35,7,15,NA,NA
"pan_cancer","HLA-A","per_event_pairwise","WGD_vs_Classic","M",0.629311484075591,0.615898710110556,0.0626000311473411,8.17673419863337,35,7,15,0.845516656518739,0.867112647280497
"pan_cancer","HLA-A","per_event_pairwise","WGD_vs_Classic","WT",0.629311484075591,1.62364360175473,0.122298215364166,15.9744329463081,35,7,15,0.845516656518739,0.867112647280497
"pan_cancer","HLA-B","global","Classic_vs_HM_vs_WGD",NA,0.0834582708645677,NA,NA,NA,16,4,5,0.126660199312109,0.159674763845071
"pan_cancer","HLA-B","pairwise_all_events","HM_vs_Classic",NA,0.523809523809524,NA,NA,NA,16,4,5,0.69757326007326,0.708064130174683
"pan_cancer","HLA-B","pairwise_all_events","HM_vs_WGD",NA,0.508771929824561,NA,NA,NA,16,4,5,0.686721109198948,0.693394706559264
"pan_cancer","HLA-B","pairwise_all_events","WGD_vs_Classic",NA,0.0629514963880289,NA,NA,NA,16,4,5,0.16129091417594,0.182085511057847
"pan_cancer","HLA-B","per_event_HM_vs_rest","HM_vs_rest","CNA_driver",NA,NA,NA,NA,16,4,5,NA,NA
"pan_cancer","HLA-B","per_event_HM_vs_rest","HM_vs_rest","CI_M",NA,NA,NA,NA,16,4,5,NA,NA
"pan_cancer","HLA-B","per_event_HM_vs_rest","HM_vs_rest","M",1,1.06388180534883,0.0169727006819139,17.2852858953989,16,4,5,1,1
"pan_cancer","HLA-B","per_event_HM_vs_rest","HM_vs_rest","WT",1,0.93995403904113,0.0578526734270671,58.918142653962,16,4,5,1,1
"pan_cancer","HLA-B","per_event_pairwise","HM_vs_Classic","CNA_driver",NA,NA,NA,NA,16,4,5,NA,NA
"pan_cancer","HLA-B","per_event_pairwise","HM_vs_Classic","CI_M",NA,NA,NA,NA,16,4,5,NA,NA
"pan_cancer","HLA-B","per_event_pairwise","HM_vs_Classic","M",0.523809523809524,0.265661077587499,0.00319936381807359,6.67557670906649,16,4,5,0.744897959183674,0.756546935651413
"pan_cancer","HLA-B","per_event_pairwise","HM_vs_Classic","WT",0.523809523809524,3.76419462377072,0.14979979162577,312.56213949501,16,4,5,0.744897959183674,0.756546935651413
"pan_cancer","HLA-B","per_event_pairwise","HM_vs_WGD","CNA_driver",NA,NA,NA,NA,16,4,5,NA,NA
"pan_cancer","HLA-B","per_event_pairwise","HM_vs_WGD","CI_M",NA,NA,NA,NA,16,4,5,NA,NA
"pan_cancer","HLA-B","per_event_pairwise","HM_vs_WGD","M",0.508771929824561,2.21880095164499,0.0297373507685441,58.1401085422466,16,4,5,0.735814557296251,0.74801721877063
"pan_cancer","HLA-B","per_event_pairwise","HM_vs_WGD","WT",0.508771929824561,0.450693875563111,0.0171998302905363,33.627743365014,16,4,5,0.735814557296251,0.74801721877063
"pan_cancer","HLA-B","per_event_pairwise","WGD_vs_Classic","CNA_driver",NA,NA,NA,NA,16,4,5,NA,NA
"pan_cancer","HLA-B","per_event_pairwise","WGD_vs_Classic","CI_M",NA,NA,NA,NA,16,4,5,NA,NA
"pan_cancer","HLA-B","per_event_pairwise","WGD_vs_Classic","M",0.062951496388029,0.111994464010203,0.0054696501365833,1.57994436095691,16,4,5,0.185466964694776,0.211745942396097
"pan_cancer","HLA-B","per_event_pairwise","WGD_vs_Classic","WT",0.0629514963880289,8.92901277610384,0.632933680901484,182.827050182165,16,4,5,0.185466964694776,0.211745942396097
"pan_cancer","HNF1A","per_event_pairwise","WGD_vs_Classic","CNA_driver",NA,NA,NA,NA,26,2,5,NA,NA
"pan_cancer","HNF1A","per_event_pairwise","WGD_vs_Classic","CI_M",NA,NA,NA,NA,26,2,5,NA,NA
"pan_cancer","HNF1A","per_event_pairwise","WGD_vs_Classic","M",NA,NA,NA,NA,26,2,5,NA,NA
"pan_cancer","HNF1A","per_event_pairwise","WGD_vs_Classic","WT",NA,NA,NA,NA,26,2,5,NA,NA
"pan_cancer","HNRNPA2B1","per_event_HM_vs_rest","HM_vs_rest","CNA_driver",NA,NA,NA,NA,19,8,19,NA,NA
"pan_cancer","HNRNPA2B1","per_event_HM_vs_rest","HM_vs_rest","CI_M",NA,NA,NA,NA,19,8,19,NA,NA
"pan_cancer","HNRNPA2B1","per_event_HM_vs_rest","HM_vs_rest","M",NA,NA,NA,NA,19,8,19,NA,NA
"pan_cancer","HNRNPA2B1","per_event_HM_vs_rest","HM_vs_rest","WT",NA,NA,NA,NA,19,8,19,NA,NA
"pan_cancer","HNRNPA2B1","per_event_pairwise","HM_vs_Classic","CNA_driver",NA,NA,NA,NA,19,8,19,NA,NA
"pan_cancer","HNRNPA2B1","per_event_pairwise","HM_vs_Classic","CI_M",NA,NA,NA,NA,19,8,19,NA,NA
"pan_cancer","HNRNPA2B1","per_event_pairwise","HM_vs_Classic","M",NA,NA,NA,NA,19,8,19,NA,NA
"pan_cancer","HNRNPA2B1","per_event_pairwise","HM_vs_Classic","WT",NA,NA,NA,NA,19,8,19,NA,NA
"pan_cancer","HNRNPA2B1","per_event_pairwise","HM_vs_WGD","CNA_driver",NA,NA,NA,NA,19,8,19,NA,NA
"pan_cancer","HNRNPA2B1","per_event_pairwise","HM_vs_WGD","CI_M",NA,NA,NA,NA,19,8,19,NA,NA
"pan_cancer","HNRNPA2B1","per_event_pairwise","HM_vs_WGD","M",NA,NA,NA,NA,19,8,19,NA,NA
"pan_cancer","HNRNPA2B1","per_event_pairwise","HM_vs_WGD","WT",NA,NA,NA,NA,19,8,19,NA,NA
"pan_cancer","HNRNPA2B1","per_event_pairwise","WGD_vs_Classic","CNA_driver",NA,NA,NA,NA,19,8,19,NA,NA
"pan_cancer","HNRNPA2B1","per_event_pairwise","WGD_vs_Classic","CI_M",NA,NA,NA,NA,19,8,19,NA,NA
"pan_cancer","HNRNPA2B1","per_event_pairwise","WGD_vs_Classic","M",NA,NA,NA,NA,19,8,19,NA,NA
"pan_cancer","HNRNPA2B1","per_event_pairwise","WGD_vs_Classic","WT",NA,NA,NA,NA,19,8,19,NA,NA
"pan_cancer","HOXC13","per_event_pairwise","WGD_vs_Classic","CNA_driver",NA,NA,NA,NA,20,0,3,NA,NA
"pan_cancer","HOXC13","per_event_pairwise","WGD_vs_Classic","CI_M",NA,NA,NA,NA,20,0,3,NA,NA
"pan_cancer","HOXC13","per_event_pairwise","WGD_vs_Classic","M",NA,NA,NA,NA,20,0,3,NA,NA
"pan_cancer","HOXC13","per_event_pairwise","WGD_vs_Classic","WT",NA,NA,NA,NA,20,0,3,NA,NA
"pan_cancer","HRAS","per_event_HM_vs_rest","HM_vs_rest","CNA_driver",NA,NA,NA,NA,33,6,0,NA,NA
"pan_cancer","HRAS","per_event_HM_vs_rest","HM_vs_rest","CI_M",NA,NA,NA,NA,33,6,0,NA,NA
"pan_cancer","HRAS","per_event_HM_vs_rest","HM_vs_rest","M",NA,NA,NA,NA,33,6,0,NA,NA
"pan_cancer","HRAS","per_event_HM_vs_rest","HM_vs_rest","WT",NA,NA,NA,NA,33,6,0,NA,NA
"pan_cancer","HRAS","per_event_pairwise","HM_vs_WGD","CNA_driver",NA,NA,NA,NA,33,6,0,NA,NA
"pan_cancer","HRAS","per_event_pairwise","HM_vs_WGD","CI_M",NA,NA,NA,NA,33,6,0,NA,NA
"pan_cancer","HRAS","per_event_pairwise","HM_vs_WGD","M",NA,NA,NA,NA,33,6,0,NA,NA
"pan_cancer","HRAS","per_event_pairwise","HM_vs_WGD","WT",NA,NA,NA,NA,33,6,0,NA,NA
"pan_cancer","HSP90AB1","per_event_HM_vs_rest","HM_vs_rest","CNA_driver",NA,NA,NA,NA,18,3,11,NA,NA
"pan_cancer","HSP90AB1","per_event_HM_vs_rest","HM_vs_rest","CI_M",NA,NA,NA,NA,18,3,11,NA,NA
"pan_cancer","HSP90AB1","per_event_HM_vs_rest","HM_vs_rest","M",NA,NA,NA,NA,18,3,11,NA,NA
"pan_cancer","HSP90AB1","per_event_HM_vs_rest","HM_vs_rest","WT",NA,NA,NA,NA,18,3,11,NA,NA
"pan_cancer","HSP90AB1","per_event_pairwise","HM_vs_Classic","CNA_driver",NA,NA,NA,NA,18,3,11,NA,NA
"pan_cancer","HSP90AB1","per_event_pairwise","HM_vs_Classic","CI_M",NA,NA,NA,NA,18,3,11,NA,NA
"pan_cancer","HSP90AB1","per_event_pairwise","HM_vs_Classic","M",NA,NA,NA,NA,18,3,11,NA,NA
"pan_cancer","HSP90AB1","per_event_pairwise","HM_vs_Classic","WT",NA,NA,NA,NA,18,3,11,NA,NA
"pan_cancer","HSP90AB1","per_event_pairwise","HM_vs_WGD","CNA_driver",NA,NA,NA,NA,18,3,11,NA,NA
"pan_cancer","HSP90AB1","per_event_pairwise","HM_vs_WGD","CI_M",NA,NA,NA,NA,18,3,11,NA,NA
"pan_cancer","HSP90AB1","per_event_pairwise","HM_vs_WGD","M",NA,NA,NA,NA,18,3,11,NA,NA
"pan_cancer","HSP90AB1","per_event_pairwise","HM_vs_WGD","WT",NA,NA,NA,NA,18,3,11,NA,NA
"pan_cancer","HSP90AB1","per_event_pairwise","WGD_vs_Classic","CNA_driver",NA,NA,NA,NA,18,3,11,NA,NA
"pan_cancer","HSP90AB1","per_event_pairwise","WGD_vs_Classic","CI_M",NA,NA,NA,NA,18,3,11,NA,NA
"pan_cancer","HSP90AB1","per_event_pairwise","WGD_vs_Classic","M",NA,NA,NA,NA,18,3,11,NA,NA
"pan_cancer","HSP90AB1","per_event_pairwise","WGD_vs_Classic","WT",NA,NA,NA,NA,18,3,11,NA,NA
"pan_cancer","ID3","per_event_pairwise","WGD_vs_Classic","CNA_driver",NA,NA,NA,NA,7,0,4,NA,NA
"pan_cancer","ID3","per_event_pairwise","WGD_vs_Classic","CI_M",NA,NA,NA,NA,7,0,4,NA,NA
"pan_cancer","ID3","per_event_pairwise","WGD_vs_Classic","M",NA,NA,NA,NA,7,0,4,NA,NA
"pan_cancer","ID3","per_event_pairwise","WGD_vs_Classic","WT",NA,NA,NA,NA,7,0,4,NA,NA
"pan_cancer","IDH1","global","Classic_vs_HM_vs_WGD",NA,0.000999500249875062,NA,NA,NA,74,7,13,0.0027433091964656,0.0044905083690039
"pan_cancer","IDH1","pairwise_all_events","HM_vs_Classic",NA,0.248710010319918,NA,NA,NA,74,7,13,0.427904800364082,0.437274462588613
"pan_cancer","IDH1","pairwise_all_events","WGD_vs_Classic",NA,0.000321219105124006,NA,NA,NA,74,7,13,0.00276861569215392,0.00407372071539988
"pan_cancer","IDH1","per_event_HM_vs_rest","HM_vs_rest","CNA_driver",NA,NA,NA,NA,74,7,13,NA,NA
"pan_cancer","IDH1","per_event_HM_vs_rest","HM_vs_rest","CI_M",NA,NA,NA,NA,74,7,13,NA,NA
"pan_cancer","IDH1","per_event_HM_vs_rest","HM_vs_rest","M",1,0,0,21.1681652806168,74,7,13,1,1
"pan_cancer","IDH1","per_event_HM_vs_rest","HM_vs_rest","WT",1,Inf,0.0472407498119678,Inf,74,7,13,1,1
"pan_cancer","IDH1","per_event_pairwise","HM_vs_Classic","CNA_driver",NA,NA,NA,NA,74,7,13,NA,NA
"pan_cancer","IDH1","per_event_pairwise","HM_vs_Classic","CI_M",NA,NA,NA,NA,74,7,13,NA,NA
"pan_cancer","IDH1","per_event_pairwise","HM_vs_Classic","M",0.248710010319917,0,0,2.68825144232265,74,7,13,0.461588917458152,0.47869101978691
"pan_cancer","IDH1","per_event_pairwise","HM_vs_Classic","WT",0.248710010319917,Inf,0.371989012730149,Inf,74,7,13,0.461588917458152,0.47869101978691
"pan_cancer","IDH1","per_event_pairwise","HM_vs_WGD","CNA_driver",NA,NA,NA,NA,74,7,13,NA,NA
"pan_cancer","IDH1","per_event_pairwise","HM_vs_WGD","CI_M",NA,NA,NA,NA,74,7,13,NA,NA
"pan_cancer","IDH1","per_event_pairwise","HM_vs_WGD","M",NA,NA,NA,NA,74,7,13,NA,NA
"pan_cancer","IDH1","per_event_pairwise","HM_vs_WGD","WT",NA,NA,NA,NA,74,7,13,NA,NA
"pan_cancer","IDH1","per_event_pairwise","WGD_vs_Classic","CNA_driver",NA,NA,NA,NA,74,7,13,NA,NA
"pan_cancer","IDH1","per_event_pairwise","WGD_vs_Classic","CI_M",NA,NA,NA,NA,74,7,13,NA,NA
"pan_cancer","IDH1","per_event_pairwise","WGD_vs_Classic","M",0.000321219105124007,0,0,0.224700648114964,74,7,13,0.00237266466422743,0.00369880143827569
"pan_cancer","IDH1","per_event_pairwise","WGD_vs_Classic","WT",0.000321219105124006,Inf,4.45036544571233,Inf,74,7,13,0.00237266466422743,0.00369880143827569
"pan_cancer","IL6ST","per_event_HM_vs_rest","HM_vs_rest","CNA_driver",NA,NA,NA,NA,31,9,11,NA,NA
"pan_cancer","IL6ST","per_event_HM_vs_rest","HM_vs_rest","CI_M",NA,NA,NA,NA,31,9,11,NA,NA
"pan_cancer","IL6ST","per_event_HM_vs_rest","HM_vs_rest","M",NA,NA,NA,NA,31,9,11,NA,NA
"pan_cancer","IL6ST","per_event_HM_vs_rest","HM_vs_rest","WT",NA,NA,NA,NA,31,9,11,NA,NA
"pan_cancer","IL6ST","per_event_pairwise","HM_vs_Classic","CNA_driver",NA,NA,NA,NA,31,9,11,NA,NA
"pan_cancer","IL6ST","per_event_pairwise","HM_vs_Classic","CI_M",NA,NA,NA,NA,31,9,11,NA,NA
"pan_cancer","IL6ST","per_event_pairwise","HM_vs_Classic","M",NA,NA,NA,NA,31,9,11,NA,NA
"pan_cancer","IL6ST","per_event_pairwise","HM_vs_Classic","WT",NA,NA,NA,NA,31,9,11,NA,NA
"pan_cancer","IL6ST","per_event_pairwise","HM_vs_WGD","CNA_driver",NA,NA,NA,NA,31,9,11,NA,NA
"pan_cancer","IL6ST","per_event_pairwise","HM_vs_WGD","CI_M",NA,NA,NA,NA,31,9,11,NA,NA
"pan_cancer","IL6ST","per_event_pairwise","HM_vs_WGD","M",NA,NA,NA,NA,31,9,11,NA,NA
"pan_cancer","IL6ST","per_event_pairwise","HM_vs_WGD","WT",NA,NA,NA,NA,31,9,11,NA,NA
"pan_cancer","IL6ST","per_event_pairwise","WGD_vs_Classic","CNA_driver",NA,NA,NA,NA,31,9,11,NA,NA
"pan_cancer","IL6ST","per_event_pairwise","WGD_vs_Classic","CI_M",NA,NA,NA,NA,31,9,11,NA,NA
"pan_cancer","IL6ST","per_event_pairwise","WGD_vs_Classic","M",NA,NA,NA,NA,31,9,11,NA,NA
"pan_cancer","IL6ST","per_event_pairwise","WGD_vs_Classic","WT",NA,NA,NA,NA,31,9,11,NA,NA
"pan_cancer","IL7R","per_event_HM_vs_rest","HM_vs_rest","CNA_driver",NA,NA,NA,NA,32,14,16,NA,NA
"pan_cancer","IL7R","per_event_HM_vs_rest","HM_vs_rest","CI_M",NA,NA,NA,NA,32,14,16,NA,NA
"pan_cancer","IL7R","per_event_HM_vs_rest","HM_vs_rest","M",NA,NA,NA,NA,32,14,16,NA,NA
"pan_cancer","IL7R","per_event_HM_vs_rest","HM_vs_rest","WT",NA,NA,NA,NA,32,14,16,NA,NA
"pan_cancer","IL7R","per_event_pairwise","HM_vs_Classic","CNA_driver",NA,NA,NA,NA,32,14,16,NA,NA
"pan_cancer","IL7R","per_event_pairwise","HM_vs_Classic","CI_M",NA,NA,NA,NA,32,14,16,NA,NA
"pan_cancer","IL7R","per_event_pairwise","HM_vs_Classic","M",NA,NA,NA,NA,32,14,16,NA,NA
"pan_cancer","IL7R","per_event_pairwise","HM_vs_Classic","WT",NA,NA,NA,NA,32,14,16,NA,NA
"pan_cancer","IL7R","per_event_pairwise","HM_vs_WGD","CNA_driver",NA,NA,NA,NA,32,14,16,NA,NA
"pan_cancer","IL7R","per_event_pairwise","HM_vs_WGD","CI_M",NA,NA,NA,NA,32,14,16,NA,NA
"pan_cancer","IL7R","per_event_pairwise","HM_vs_WGD","M",NA,NA,NA,NA,32,14,16,NA,NA
"pan_cancer","IL7R","per_event_pairwise","HM_vs_WGD","WT",NA,NA,NA,NA,32,14,16,NA,NA
"pan_cancer","IL7R","per_event_pairwise","WGD_vs_Classic","CNA_driver",NA,NA,NA,NA,32,14,16,NA,NA
"pan_cancer","IL7R","per_event_pairwise","WGD_vs_Classic","CI_M",NA,NA,NA,NA,32,14,16,NA,NA
"pan_cancer","IL7R","per_event_pairwise","WGD_vs_Classic","M",NA,NA,NA,NA,32,14,16,NA,NA
"pan_cancer","IL7R","per_event_pairwise","WGD_vs_Classic","WT",NA,NA,NA,NA,32,14,16,NA,NA
"pan_cancer","IRF4","per_event_pairwise","WGD_vs_Classic","CNA_driver",NA,NA,NA,NA,5,0,15,NA,NA
"pan_cancer","IRF4","per_event_pairwise","WGD_vs_Classic","CI_M",NA,NA,NA,NA,5,0,15,NA,NA
"pan_cancer","IRF4","per_event_pairwise","WGD_vs_Classic","M",NA,NA,NA,NA,5,0,15,NA,NA
"pan_cancer","IRF4","per_event_pairwise","WGD_vs_Classic","WT",NA,NA,NA,NA,5,0,15,NA,NA
"pan_cancer","KAT6A","per_event_HM_vs_rest","HM_vs_rest","CNA_driver",NA,NA,NA,NA,8,4,0,NA,NA
"pan_cancer","KAT6A","per_event_HM_vs_rest","HM_vs_rest","CI_M",NA,NA,NA,NA,8,4,0,NA,NA
"pan_cancer","KAT6A","per_event_HM_vs_rest","HM_vs_rest","M",NA,NA,NA,NA,8,4,0,NA,NA
"pan_cancer","KAT6A","per_event_HM_vs_rest","HM_vs_rest","WT",NA,NA,NA,NA,8,4,0,NA,NA
"pan_cancer","KAT6A","per_event_pairwise","HM_vs_WGD","CNA_driver",NA,NA,NA,NA,8,4,0,NA,NA
"pan_cancer","KAT6A","per_event_pairwise","HM_vs_WGD","CI_M",NA,NA,NA,NA,8,4,0,NA,NA
"pan_cancer","KAT6A","per_event_pairwise","HM_vs_WGD","M",NA,NA,NA,NA,8,4,0,NA,NA
"pan_cancer","KAT6A","per_event_pairwise","HM_vs_WGD","WT",NA,NA,NA,NA,8,4,0,NA,NA
"pan_cancer","KAT6B","per_event_HM_vs_rest","HM_vs_rest","CNA_driver",NA,NA,NA,NA,32,7,2,NA,NA
"pan_cancer","KAT6B","per_event_HM_vs_rest","HM_vs_rest","CI_M",NA,NA,NA,NA,32,7,2,NA,NA
"pan_cancer","KAT6B","per_event_HM_vs_rest","HM_vs_rest","M",NA,NA,NA,NA,32,7,2,NA,NA
"pan_cancer","KAT6B","per_event_HM_vs_rest","HM_vs_rest","WT",NA,NA,NA,NA,32,7,2,NA,NA
"pan_cancer","KAT6B","per_event_pairwise","HM_vs_WGD","CNA_driver",NA,NA,NA,NA,32,7,2,NA,NA
"pan_cancer","KAT6B","per_event_pairwise","HM_vs_WGD","CI_M",NA,NA,NA,NA,32,7,2,NA,NA
"pan_cancer","KAT6B","per_event_pairwise","HM_vs_WGD","M",NA,NA,NA,NA,32,7,2,NA,NA
"pan_cancer","KAT6B","per_event_pairwise","HM_vs_WGD","WT",NA,NA,NA,NA,32,7,2,NA,NA
"pan_cancer","KDM3B","per_event_pairwise","WGD_vs_Classic","CNA_driver",NA,NA,NA,NA,5,0,4,NA,NA
"pan_cancer","KDM3B","per_event_pairwise","WGD_vs_Classic","CI_M",NA,NA,NA,NA,5,0,4,NA,NA
"pan_cancer","KDM3B","per_event_pairwise","WGD_vs_Classic","M",NA,NA,NA,NA,5,0,4,NA,NA
"pan_cancer","KDM3B","per_event_pairwise","WGD_vs_Classic","WT",NA,NA,NA,NA,5,0,4,NA,NA
"pan_cancer","KDR","global","Classic_vs_WGD",NA,1,NA,NA,NA,23,1,3,1,1
"pan_cancer","KDR","pairwise_all_events","WGD_vs_Classic",NA,1,NA,NA,NA,23,1,3,1,1
"pan_cancer","KDR","per_event_pairwise","WGD_vs_Classic","CNA_driver",NA,NA,NA,NA,23,1,3,NA,NA
"pan_cancer","KDR","per_event_pairwise","WGD_vs_Classic","CI_M",NA,NA,NA,NA,23,1,3,NA,NA
"pan_cancer","KDR","per_event_pairwise","WGD_vs_Classic","M",1,Inf,0.00336005434782609,Inf,23,1,3,1,1
"pan_cancer","KDR","per_event_pairwise","WGD_vs_Classic","WT",1,0,0,297.61423372422,23,1,3,1,1
"pan_cancer","KEAP1","global","Classic_vs_HM_vs_WGD",NA,0.031984007996002,NA,NA,NA,29,3,4,0.0573046809928369,0.0756873471661116
"pan_cancer","KEAP1","pairwise_all_events","HM_vs_Classic",NA,1,NA,NA,NA,29,3,4,1,1
"pan_cancer","KEAP1","pairwise_all_events","HM_vs_WGD",NA,0.263306451612903,NA,NA,NA,29,3,4,0.43876891963375,0.455494761954154
"pan_cancer","KEAP1","pairwise_all_events","WGD_vs_Classic",NA,0.0623900293255132,NA,NA,NA,29,3,4,0.16129091417594,0.181436950146628
"pan_cancer","KEAP1","per_event_HM_vs_rest","HM_vs_rest","CNA_driver",NA,NA,NA,NA,29,3,4,NA,NA
"pan_cancer","KEAP1","per_event_HM_vs_rest","HM_vs_rest","CI_M",NA,NA,NA,NA,29,3,4,NA,NA
"pan_cancer","KEAP1","per_event_HM_vs_rest","HM_vs_rest","M",0.370448179271709,3.44445575792687,0.0492486962453761,81.9456468268639,29,3,4,1,1
"pan_cancer","KEAP1","per_event_HM_vs_rest","HM_vs_rest","WT",0.370448179271709,0.290321627066528,0.0122032107710714,20.3051060482416,29,3,4,1,1
"pan_cancer","KEAP1","per_event_pairwise","HM_vs_Classic","CNA_driver",NA,NA,NA,NA,29,3,4,NA,NA
"pan_cancer","KEAP1","per_event_pairwise","HM_vs_Classic","CI_M",NA,NA,NA,NA,29,3,4,NA,NA
"pan_cancer","KEAP1","per_event_pairwise","HM_vs_Classic","M",1,0.552465482695932,0.00568678735050021,21.3023390315921,29,3,4,1,1
"pan_cancer","KEAP1","per_event_pairwise","HM_vs_Classic","WT",1,1.81006783468205,0.0469432018013122,175.846209532002,29,3,4,1,1
"pan_cancer","KEAP1","per_event_pairwise","HM_vs_WGD","CNA_driver",NA,NA,NA,NA,29,3,4,NA,NA
"pan_cancer","KEAP1","per_event_pairwise","HM_vs_WGD","CI_M",NA,NA,NA,NA,29,3,4,NA,NA
"pan_cancer","KEAP1","per_event_pairwise","HM_vs_WGD","M",0.263306451612903,6.07023658513139,0.0765046045758382,180.573966289769,29,3,4,0.47479674796748,0.495126332031438
"pan_cancer","KEAP1","per_event_pairwise","HM_vs_WGD","WT",0.263306451612903,0.164738224939936,0.00553789685493916,13.0711086678281,29,3,4,0.47479674796748,0.495126332031438
"pan_cancer","KEAP1","per_event_pairwise","WGD_vs_Classic","CNA_driver",NA,NA,NA,NA,29,3,4,NA,NA
"pan_cancer","KEAP1","per_event_pairwise","WGD_vs_Classic","CI_M",NA,NA,NA,NA,29,3,4,NA,NA
"pan_cancer","KEAP1","per_event_pairwise","WGD_vs_Classic","M",0.0623900293255132,0.0862444662952005,0.0038555779354671,1.74279532327578,29,3,4,0.185466964694776,0.21165659607005
"pan_cancer","KEAP1","per_event_pairwise","WGD_vs_Classic","WT",0.0623900293255132,11.5949468175403,0.573790844308894,259.36448873231,29,3,4,0.185466964694776,0.21165659607005
"pan_cancer","KIF18A","per_event_HM_vs_rest","HM_vs_rest","CNA_driver",NA,NA,NA,NA,41,6,3,NA,NA
"pan_cancer","KIF18A","per_event_HM_vs_rest","HM_vs_rest","CI_M",NA,NA,NA,NA,41,6,3,NA,NA
"pan_cancer","KIF18A","per_event_HM_vs_rest","HM_vs_rest","M",NA,NA,NA,NA,41,6,3,NA,NA
"pan_cancer","KIF18A","per_event_HM_vs_rest","HM_vs_rest","WT",NA,NA,NA,NA,41,6,3,NA,NA
"pan_cancer","KIF18A","per_event_pairwise","HM_vs_Classic","CNA_driver",NA,NA,NA,NA,41,6,3,NA,NA
"pan_cancer","KIF18A","per_event_pairwise","HM_vs_Classic","CI_M",NA,NA,NA,NA,41,6,3,NA,NA
"pan_cancer","KIF18A","per_event_pairwise","HM_vs_Classic","M",NA,NA,NA,NA,41,6,3,NA,NA
"pan_cancer","KIF18A","per_event_pairwise","HM_vs_Classic","WT",NA,NA,NA,NA,41,6,3,NA,NA
"pan_cancer","KIF18A","per_event_pairwise","HM_vs_WGD","CNA_driver",NA,NA,NA,NA,41,6,3,NA,NA
"pan_cancer","KIF18A","per_event_pairwise","HM_vs_WGD","CI_M",NA,NA,NA,NA,41,6,3,NA,NA
"pan_cancer","KIF18A","per_event_pairwise","HM_vs_WGD","M",NA,NA,NA,NA,41,6,3,NA,NA
"pan_cancer","KIF18A","per_event_pairwise","HM_vs_WGD","WT",NA,NA,NA,NA,41,6,3,NA,NA
"pan_cancer","KIF18A","per_event_pairwise","WGD_vs_Classic","CNA_driver",NA,NA,NA,NA,41,6,3,NA,NA
"pan_cancer","KIF18A","per_event_pairwise","WGD_vs_Classic","CI_M",NA,NA,NA,NA,41,6,3,NA,NA
"pan_cancer","KIF18A","per_event_pairwise","WGD_vs_Classic","M",NA,NA,NA,NA,41,6,3,NA,NA
"pan_cancer","KIF18A","per_event_pairwise","WGD_vs_Classic","WT",NA,NA,NA,NA,41,6,3,NA,NA
"pan_cancer","KIF18B","per_event_pairwise","WGD_vs_Classic","CNA_driver",NA,NA,NA,NA,18,1,3,NA,NA
"pan_cancer","KIF18B","per_event_pairwise","WGD_vs_Classic","CI_M",NA,NA,NA,NA,18,1,3,NA,NA
"pan_cancer","KIF18B","per_event_pairwise","WGD_vs_Classic","M",NA,NA,NA,NA,18,1,3,NA,NA
"pan_cancer","KIF18B","per_event_pairwise","WGD_vs_Classic","WT",NA,NA,NA,NA,18,1,3,NA,NA
"pan_cancer","KIF2A","per_event_HM_vs_rest","HM_vs_rest","CNA_driver",NA,NA,NA,NA,82,12,17,NA,NA
"pan_cancer","KIF2A","per_event_HM_vs_rest","HM_vs_rest","CI_M",NA,NA,NA,NA,82,12,17,NA,NA
"pan_cancer","KIF2A","per_event_HM_vs_rest","HM_vs_rest","M",NA,NA,NA,NA,82,12,17,NA,NA
"pan_cancer","KIF2A","per_event_HM_vs_rest","HM_vs_rest","WT",NA,NA,NA,NA,82,12,17,NA,NA
"pan_cancer","KIF2A","per_event_pairwise","HM_vs_Classic","CNA_driver",NA,NA,NA,NA,82,12,17,NA,NA
"pan_cancer","KIF2A","per_event_pairwise","HM_vs_Classic","CI_M",NA,NA,NA,NA,82,12,17,NA,NA
"pan_cancer","KIF2A","per_event_pairwise","HM_vs_Classic","M",NA,NA,NA,NA,82,12,17,NA,NA
"pan_cancer","KIF2A","per_event_pairwise","HM_vs_Classic","WT",NA,NA,NA,NA,82,12,17,NA,NA
"pan_cancer","KIF2A","per_event_pairwise","HM_vs_WGD","CNA_driver",NA,NA,NA,NA,82,12,17,NA,NA
"pan_cancer","KIF2A","per_event_pairwise","HM_vs_WGD","CI_M",NA,NA,NA,NA,82,12,17,NA,NA
"pan_cancer","KIF2A","per_event_pairwise","HM_vs_WGD","M",NA,NA,NA,NA,82,12,17,NA,NA
"pan_cancer","KIF2A","per_event_pairwise","HM_vs_WGD","WT",NA,NA,NA,NA,82,12,17,NA,NA
"pan_cancer","KIF2A","per_event_pairwise","WGD_vs_Classic","CNA_driver",NA,NA,NA,NA,82,12,17,NA,NA
"pan_cancer","KIF2A","per_event_pairwise","WGD_vs_Classic","CI_M",NA,NA,NA,NA,82,12,17,NA,NA
"pan_cancer","KIF2A","per_event_pairwise","WGD_vs_Classic","M",NA,NA,NA,NA,82,12,17,NA,NA
"pan_cancer","KIF2A","per_event_pairwise","WGD_vs_Classic","WT",NA,NA,NA,NA,82,12,17,NA,NA
"pan_cancer","KIF2B","per_event_pairwise","WGD_vs_Classic","CNA_driver",NA,NA,NA,NA,9,0,4,NA,NA
"pan_cancer","KIF2B","per_event_pairwise","WGD_vs_Classic","CI_M",NA,NA,NA,NA,9,0,4,NA,NA
"pan_cancer","KIF2B","per_event_pairwise","WGD_vs_Classic","M",NA,NA,NA,NA,9,0,4,NA,NA
"pan_cancer","KIF2B","per_event_pairwise","WGD_vs_Classic","WT",NA,NA,NA,NA,9,0,4,NA,NA
"pan_cancer","KLF4","per_event_HM_vs_rest","HM_vs_rest","CNA_driver",NA,NA,NA,NA,46,3,5,NA,NA
"pan_cancer","KLF4","per_event_HM_vs_rest","HM_vs_rest","CI_M",NA,NA,NA,NA,46,3,5,NA,NA
"pan_cancer","KLF4","per_event_HM_vs_rest","HM_vs_rest","M",NA,NA,NA,NA,46,3,5,NA,NA
"pan_cancer","KLF4","per_event_HM_vs_rest","HM_vs_rest","WT",NA,NA,NA,NA,46,3,5,NA,NA
"pan_cancer","KLF4","per_event_pairwise","HM_vs_Classic","CNA_driver",NA,NA,NA,NA,46,3,5,NA,NA
"pan_cancer","KLF4","per_event_pairwise","HM_vs_Classic","CI_M",NA,NA,NA,NA,46,3,5,NA,NA
"pan_cancer","KLF4","per_event_pairwise","HM_vs_Classic","M",NA,NA,NA,NA,46,3,5,NA,NA
"pan_cancer","KLF4","per_event_pairwise","HM_vs_Classic","WT",NA,NA,NA,NA,46,3,5,NA,NA
"pan_cancer","KLF4","per_event_pairwise","HM_vs_WGD","CNA_driver",NA,NA,NA,NA,46,3,5,NA,NA
"pan_cancer","KLF4","per_event_pairwise","HM_vs_WGD","CI_M",NA,NA,NA,NA,46,3,5,NA,NA
"pan_cancer","KLF4","per_event_pairwise","HM_vs_WGD","M",NA,NA,NA,NA,46,3,5,NA,NA
"pan_cancer","KLF4","per_event_pairwise","HM_vs_WGD","WT",NA,NA,NA,NA,46,3,5,NA,NA
"pan_cancer","KLF4","per_event_pairwise","WGD_vs_Classic","CNA_driver",NA,NA,NA,NA,46,3,5,NA,NA
"pan_cancer","KLF4","per_event_pairwise","WGD_vs_Classic","CI_M",NA,NA,NA,NA,46,3,5,NA,NA
"pan_cancer","KLF4","per_event_pairwise","WGD_vs_Classic","M",NA,NA,NA,NA,46,3,5,NA,NA
"pan_cancer","KLF4","per_event_pairwise","WGD_vs_Classic","WT",NA,NA,NA,NA,46,3,5,NA,NA
"pan_cancer","KLHL6","global","Classic_vs_WGD",NA,0.638009049773756,NA,NA,NA,8,1,10,0.734849709114415,0.743544381315279
"pan_cancer","KLHL6","pairwise_all_events","WGD_vs_Classic",NA,0.638009049773756,NA,NA,NA,8,1,10,0.80697948304717,0.81920971068802
"pan_cancer","KLHL6","per_event_pairwise","WGD_vs_Classic","CNA_driver",NA,NA,NA,NA,8,1,10,NA,NA
"pan_cancer","KLHL6","per_event_pairwise","WGD_vs_Classic","CI_M",NA,NA,NA,NA,8,1,10,NA,NA
"pan_cancer","KLHL6","per_event_pairwise","WGD_vs_Classic","M",0.638009049773755,0.519562169505185,0.0341932135560575,5.43640745108134,8,1,10,0.848526205873193,0.87430869783811
"pan_cancer","KLHL6","per_event_pairwise","WGD_vs_Classic","WT",0.638009049773756,1.92469748317583,0.183945005777868,29.2455693981664,8,1,10,0.848526205873193,0.87430869783811
"pan_cancer","KMT2A","per_event_HM_vs_rest","HM_vs_rest","CNA_driver",NA,NA,NA,NA,89,14,7,NA,NA
"pan_cancer","KMT2A","per_event_HM_vs_rest","HM_vs_rest","CI_M",NA,NA,NA,NA,89,14,7,NA,NA
"pan_cancer","KMT2A","per_event_HM_vs_rest","HM_vs_rest","M",NA,NA,NA,NA,89,14,7,NA,NA
"pan_cancer","KMT2A","per_event_HM_vs_rest","HM_vs_rest","WT",NA,NA,NA,NA,89,14,7,NA,NA
"pan_cancer","KMT2A","per_event_pairwise","HM_vs_Classic","CNA_driver",NA,NA,NA,NA,89,14,7,NA,NA
"pan_cancer","KMT2A","per_event_pairwise","HM_vs_Classic","CI_M",NA,NA,NA,NA,89,14,7,NA,NA
"pan_cancer","KMT2A","per_event_pairwise","HM_vs_Classic","M",NA,NA,NA,NA,89,14,7,NA,NA
"pan_cancer","KMT2A","per_event_pairwise","HM_vs_Classic","WT",NA,NA,NA,NA,89,14,7,NA,NA
"pan_cancer","KMT2A","per_event_pairwise","HM_vs_WGD","CNA_driver",NA,NA,NA,NA,89,14,7,NA,NA
"pan_cancer","KMT2A","per_event_pairwise","HM_vs_WGD","CI_M",NA,NA,NA,NA,89,14,7,NA,NA
"pan_cancer","KMT2A","per_event_pairwise","HM_vs_WGD","M",NA,NA,NA,NA,89,14,7,NA,NA
"pan_cancer","KMT2A","per_event_pairwise","HM_vs_WGD","WT",NA,NA,NA,NA,89,14,7,NA,NA
"pan_cancer","KMT2A","per_event_pairwise","WGD_vs_Classic","CNA_driver",NA,NA,NA,NA,89,14,7,NA,NA
"pan_cancer","KMT2A","per_event_pairwise","WGD_vs_Classic","CI_M",NA,NA,NA,NA,89,14,7,NA,NA
"pan_cancer","KMT2A","per_event_pairwise","WGD_vs_Classic","M",NA,NA,NA,NA,89,14,7,NA,NA
"pan_cancer","KMT2A","per_event_pairwise","WGD_vs_Classic","WT",NA,NA,NA,NA,89,14,7,NA,NA
"pan_cancer","KMT2B","per_event_HM_vs_rest","HM_vs_rest","CNA_driver",NA,NA,NA,NA,18,3,8,NA,NA
"pan_cancer","KMT2B","per_event_HM_vs_rest","HM_vs_rest","CI_M",NA,NA,NA,NA,18,3,8,NA,NA
"pan_cancer","KMT2B","per_event_HM_vs_rest","HM_vs_rest","M",NA,NA,NA,NA,18,3,8,NA,NA
"pan_cancer","KMT2B","per_event_HM_vs_rest","HM_vs_rest","WT",NA,NA,NA,NA,18,3,8,NA,NA
"pan_cancer","KMT2B","per_event_pairwise","HM_vs_Classic","CNA_driver",NA,NA,NA,NA,18,3,8,NA,NA
"pan_cancer","KMT2B","per_event_pairwise","HM_vs_Classic","CI_M",NA,NA,NA,NA,18,3,8,NA,NA
"pan_cancer","KMT2B","per_event_pairwise","HM_vs_Classic","M",NA,NA,NA,NA,18,3,8,NA,NA
"pan_cancer","KMT2B","per_event_pairwise","HM_vs_Classic","WT",NA,NA,NA,NA,18,3,8,NA,NA
"pan_cancer","KMT2B","per_event_pairwise","HM_vs_WGD","CNA_driver",NA,NA,NA,NA,18,3,8,NA,NA
"pan_cancer","KMT2B","per_event_pairwise","HM_vs_WGD","CI_M",NA,NA,NA,NA,18,3,8,NA,NA
"pan_cancer","KMT2B","per_event_pairwise","HM_vs_WGD","M",NA,NA,NA,NA,18,3,8,NA,NA
"pan_cancer","KMT2B","per_event_pairwise","HM_vs_WGD","WT",NA,NA,NA,NA,18,3,8,NA,NA
"pan_cancer","KMT2B","per_event_pairwise","WGD_vs_Classic","CNA_driver",NA,NA,NA,NA,18,3,8,NA,NA
"pan_cancer","KMT2B","per_event_pairwise","WGD_vs_Classic","CI_M",NA,NA,NA,NA,18,3,8,NA,NA
"pan_cancer","KMT2B","per_event_pairwise","WGD_vs_Classic","M",NA,NA,NA,NA,18,3,8,NA,NA
"pan_cancer","KMT2B","per_event_pairwise","WGD_vs_Classic","WT",NA,NA,NA,NA,18,3,8,NA,NA
"pan_cancer","KMT2C","global","Classic_vs_HM_vs_WGD",NA,0.000499750124937531,NA,NA,NA,155,32,76,0.00165301964402414,0.00281677343146609
"pan_cancer","KMT2C","pairwise_all_events","HM_vs_Classic",NA,0.0315082491060593,NA,NA,NA,155,32,76,0.094867228286722,0.108743358743359
"pan_cancer","KMT2C","pairwise_all_events","HM_vs_WGD",NA,1,NA,NA,NA,155,32,76,1,1
"pan_cancer","KMT2C","pairwise_all_events","WGD_vs_Classic",NA,2.54904807408734e-05,NA,NA,NA,155,32,76,0.000882607895652742,0.00152376429317665
"pan_cancer","KMT2C","per_event_HM_vs_rest","HM_vs_rest","CNA_driver",NA,NA,NA,NA,155,32,76,NA,NA
"pan_cancer","KMT2C","per_event_HM_vs_rest","HM_vs_rest","CI_M",NA,NA,NA,NA,155,32,76,NA,NA
"pan_cancer","KMT2C","per_event_HM_vs_rest","HM_vs_rest","M",0.371164004385222,0,0,2.60772102657871,155,32,76,1,1
"pan_cancer","KMT2C","per_event_HM_vs_rest","HM_vs_rest","WT",0.371164004385222,Inf,0.383476602676317,Inf,155,32,76,1,1
"pan_cancer","KMT2C","per_event_pairwise","HM_vs_Classic","CNA_driver",NA,NA,NA,NA,155,32,76,NA,NA
"pan_cancer","KMT2C","per_event_pairwise","HM_vs_Classic","CI_M",NA,NA,NA,NA,155,32,76,NA,NA
"pan_cancer","KMT2C","per_event_pairwise","HM_vs_Classic","M",0.0315082491060593,0,0,0.877183841164764,155,32,76,0.110700105148027,0.128371089536138
"pan_cancer","KMT2C","per_event_pairwise","HM_vs_Classic","WT",0.0315082491060593,Inf,1.14001188014608,Inf,155,32,76,0.110700105148027,0.128371089536138
"pan_cancer","KMT2C","per_event_pairwise","HM_vs_WGD","CNA_driver",NA,NA,NA,NA,155,32,76,NA,NA
"pan_cancer","KMT2C","per_event_pairwise","HM_vs_WGD","CI_M",NA,NA,NA,NA,155,32,76,NA,NA
"pan_cancer","KMT2C","per_event_pairwise","HM_vs_WGD","M",1,0,0,188.353238270644,155,32,76,1,1
"pan_cancer","KMT2C","per_event_pairwise","HM_vs_WGD","WT",1,Inf,0.00530917338709674,Inf,155,32,76,1,1
"pan_cancer","KMT2C","per_event_pairwise","WGD_vs_Classic","CNA_driver",NA,NA,NA,NA,155,32,76,NA,NA
"pan_cancer","KMT2C","per_event_pairwise","WGD_vs_Classic","CI_M",NA,NA,NA,NA,155,32,76,NA,NA
"pan_cancer","KMT2C","per_event_pairwise","WGD_vs_Classic","M",2.54904807408735e-05,0.0388801472276157,0.000891029741461261,0.277315414291008,155,32,76,0.000315985770693469,0.000525688930688833
"pan_cancer","KMT2C","per_event_pairwise","WGD_vs_Classic","WT",2.54904807408735e-05,25.7200672143991,3.60600222153762,1122.29699354384,155,32,76,0.000315985770693469,0.000525688930688833
"pan_cancer","KMT2D","global","Classic_vs_HM_vs_WGD",NA,0.000499750124937531,NA,NA,NA,180,13,62,0.00165301964402414,0.00281677343146609
"pan_cancer","KMT2D","pairwise_all_events","HM_vs_Classic",NA,0.0293401088751535,NA,NA,NA,180,13,62,0.089310001740852,0.103169794606749
"pan_cancer","KMT2D","pairwise_all_events","HM_vs_WGD",NA,0.0540093707803774,NA,NA,NA,180,13,62,0.145248502001598,0.16142800822135
"pan_cancer","KMT2D","pairwise_all_events","WGD_vs_Classic",NA,1.70941774859975e-18,NA,NA,NA,180,13,62,4.7350871636213e-16,9.19666748746665e-16
"pan_cancer","KMT2D","per_event_HM_vs_rest","HM_vs_rest","CNA_driver",NA,NA,NA,NA,180,13,62,NA,NA
"pan_cancer","KMT2D","per_event_HM_vs_rest","HM_vs_rest","CI_M",NA,NA,NA,NA,180,13,62,NA,NA
"pan_cancer","KMT2D","per_event_HM_vs_rest","HM_vs_rest","M",1,1.04024602180129,0.107701344520209,5.07038279345131,180,13,62,1,1
"pan_cancer","KMT2D","per_event_HM_vs_rest","HM_vs_rest","WT",1,0.961311054348855,0.197223768053875,9.28493515521861,180,13,62,1,1
"pan_cancer","KMT2D","per_event_pairwise","HM_vs_Classic","CNA_driver",NA,NA,NA,NA,180,13,62,NA,NA
"pan_cancer","KMT2D","per_event_pairwise","HM_vs_Classic","CI_M",NA,NA,NA,NA,180,13,62,NA,NA
"pan_cancer","KMT2D","per_event_pairwise","HM_vs_Classic","M",0.0293401088751535,0.174059857618371,0.0173897728077992,0.895616398776353,180,13,62,0.104763323537912,0.122624109518083
"pan_cancer","KMT2D","per_event_pairwise","HM_vs_Classic","WT",0.0293401088751535,5.74515005172829,1.11654945283077,57.5050641001764,180,13,62,0.104763323537912,0.122624109518083
"pan_cancer","KMT2D","per_event_pairwise","HM_vs_WGD","CNA_driver",NA,NA,NA,NA,180,13,62,NA,NA
"pan_cancer","KMT2D","per_event_pairwise","HM_vs_WGD","CI_M",NA,NA,NA,NA,180,13,62,NA,NA
"pan_cancer","KMT2D","per_event_pairwise","HM_vs_WGD","M",0.0540093707803774,7.81246881387502,0.641500410154515,61.9497481456504,180,13,62,0.167378097182585,0.190318735130854
"pan_cancer","KMT2D","per_event_pairwise","HM_vs_WGD","WT",0.0540093707803774,0.128000510955511,0.0161421156652469,1.55884545694856,180,13,62,0.167378097182585,0.190318735130854
"pan_cancer","KMT2D","per_event_pairwise","WGD_vs_Classic","CNA_driver",NA,NA,NA,NA,180,13,62,NA,NA
"pan_cancer","KMT2D","per_event_pairwise","WGD_vs_Classic","CI_M",NA,NA,NA,NA,180,13,62,NA,NA
"pan_cancer","KMT2D","per_event_pairwise","WGD_vs_Classic","M",1.70941774859977e-18,0.0218565514222066,0.00522834272708951,0.0676578090870464,180,13,62,2.2461749216601e-16,4.30089505547702e-16
"pan_cancer","KMT2D","per_event_pairwise","WGD_vs_Classic","WT",1.70941774859976e-18,45.7528720191396,14.780259861998,191.265196678619,180,13,62,2.2461749216601e-16,4.30089505547702e-16
"pan_cancer","KRAS","global","Classic_vs_HM_vs_WGD",NA,0.000499750124937531,NA,NA,NA,180,12,89,0.00165301964402414,0.00281677343146609
"pan_cancer","KRAS","pairwise_all_events","HM_vs_Classic",NA,0.0036621565683641,NA,NA,NA,180,12,89,0.017489954645463,0.02096000248702
"pan_cancer","KRAS","pairwise_all_events","HM_vs_WGD",NA,0.246376811594203,NA,NA,NA,180,12,89,0.427405047476262,0.435474066245566
"pan_cancer","KRAS","pairwise_all_events","WGD_vs_Classic",NA,0.000499750124937531,NA,NA,NA,180,12,89,0.00276861569215392,0.00407372071539988
"pan_cancer","KRAS","per_event_HM_vs_rest","HM_vs_rest","CNA_driver",1,0,0,123.568809905023,180,12,89,1,1
"pan_cancer","KRAS","per_event_HM_vs_rest","HM_vs_rest","CI_M",NA,NA,NA,NA,180,12,89,NA,NA
"pan_cancer","KRAS","per_event_HM_vs_rest","HM_vs_rest","M",1,1.01667564959059,0.247773879187221,3.8302342635954,180,12,89,1,1
"pan_cancer","KRAS","per_event_HM_vs_rest","HM_vs_rest","WT",1,1.01405278447322,0.269171459611658,4.1605063090645,180,12,89,1,1
"pan_cancer","KRAS","per_event_pairwise","HM_vs_Classic","CNA_driver",NA,NA,NA,NA,180,12,89,NA,NA
"pan_cancer","KRAS","per_event_pairwise","HM_vs_Classic","CI_M",NA,NA,NA,NA,180,12,89,NA,NA
"pan_cancer","KRAS","per_event_pairwise","HM_vs_Classic","M",0.0036621565683641,0.148742912296265,0.0323791377069424,0.625828538979079,180,12,89,0.0209220596992627,0.0261760963806934
"pan_cancer","KRAS","per_event_pairwise","HM_vs_Classic","WT",0.0036621565683641,6.72300941646354,1.59788174830012,30.8840837285668,180,12,89,0.0209220596992627,0.0261760963806934
"pan_cancer","KRAS","per_event_pairwise","HM_vs_WGD","CNA_driver",1,0,0,82.407593723503,180,12,89,1,1
"pan_cancer","KRAS","per_event_pairwise","HM_vs_WGD","CI_M",NA,NA,NA,NA,180,12,89,NA,NA
"pan_cancer","KRAS","per_event_pairwise","HM_vs_WGD","M",0.139933651139089,2.74278605491943,0.647841170072244,10.707261578531,180,12,89,0.333102930428919,0.352380952380953
"pan_cancer","KRAS","per_event_pairwise","HM_vs_WGD","WT",0.150177749717085,0.389556273979334,0.100031617819474,1.64569561428907,180,12,89,0.346199233558333,0.36542284167136
"pan_cancer","KRAS","per_event_pairwise","WGD_vs_Classic","CNA_driver",1,Inf,0.092742814344186,Inf,180,12,89,1,1
"pan_cancer","KRAS","per_event_pairwise","WGD_vs_Classic","CI_M",NA,NA,NA,NA,180,12,89,NA,NA
"pan_cancer","KRAS","per_event_pairwise","WGD_vs_Classic","M",2.87749279957132e-23,0.0532367524024376,0.0253255592460801,0.105985248169491,180,12,89,9.4525638465918e-21,1.80994297093036e-20
"pan_cancer","KRAS","per_event_pairwise","WGD_vs_Classic","WT",2.24298700463655e-22,17.5830946121174,8.86800491212784,36.867695931921,180,12,89,4.91214154015405e-20,9.40559217277594e-20
"pan_cancer","LATS1","global","Classic_vs_HM_vs_WGD",NA,0.388805597201399,NA,NA,NA,68,5,7,0.477675447990291,0.510719216662855
"pan_cancer","LATS1","pairwise_all_events","HM_vs_Classic",NA,1,NA,NA,NA,68,5,7,1,1
"pan_cancer","LATS1","pairwise_all_events","HM_vs_WGD",NA,1,NA,NA,NA,68,5,7,1,1
"pan_cancer","LATS1","pairwise_all_events","WGD_vs_Classic",NA,0.257815623843021,NA,NA,NA,68,5,7,0.43545687685681,0.44743485686305
"pan_cancer","LATS1","per_event_HM_vs_rest","HM_vs_rest","CNA_driver",NA,NA,NA,NA,68,5,7,NA,NA
"pan_cancer","LATS1","per_event_HM_vs_rest","HM_vs_rest","CI_M",NA,NA,NA,NA,68,5,7,NA,NA
"pan_cancer","LATS1","per_event_HM_vs_rest","HM_vs_rest","M",1,0,0,41.8804731250296,68,5,7,1,1
"pan_cancer","LATS1","per_event_HM_vs_rest","HM_vs_rest","WT",1,Inf,0.0238774761931321,Inf,68,5,7,1,1
"pan_cancer","LATS1","per_event_pairwise","HM_vs_Classic","CNA_driver",NA,NA,NA,NA,68,5,7,NA,NA
"pan_cancer","LATS1","per_event_pairwise","HM_vs_Classic","CI_M",NA,NA,NA,NA,68,5,7,NA,NA
"pan_cancer","LATS1","per_event_pairwise","HM_vs_Classic","M",1,0,0,54.5543107647345,68,5,7,1,1
"pan_cancer","LATS1","per_event_pairwise","HM_vs_Classic","WT",1,Inf,0.0183303571428571,Inf,68,5,7,1,1
"pan_cancer","LATS1","per_event_pairwise","HM_vs_WGD","CNA_driver",NA,NA,NA,NA,68,5,7,NA,NA
"pan_cancer","LATS1","per_event_pairwise","HM_vs_WGD","CI_M",NA,NA,NA,NA,68,5,7,NA,NA
"pan_cancer","LATS1","per_event_pairwise","HM_vs_WGD","M",1,0,0,78.6652599904064,68,5,7,1,1
"pan_cancer","LATS1","per_event_pairwise","HM_vs_WGD","WT",1,Inf,0.0127120917177666,Inf,68,5,7,1,1
"pan_cancer","LATS1","per_event_pairwise","WGD_vs_Classic","CNA_driver",NA,NA,NA,NA,68,5,7,NA,NA
"pan_cancer","LATS1","per_event_pairwise","WGD_vs_Classic","CI_M",NA,NA,NA,NA,68,5,7,NA,NA
"pan_cancer","LATS1","per_event_pairwise","WGD_vs_Classic","M",0.257815623843021,0.189390862915007,0.00860247635606227,12.4981828473314,68,5,7,0.470513513513514,0.48818821246665
"pan_cancer","LATS1","per_event_pairwise","WGD_vs_Classic","WT",0.257815623843021,5.2800857687036,0.0800116314679701,116.24559703617,68,5,7,0.470513513513514,0.48818821246665
"pan_cancer","LPA","per_event_pairwise","WGD_vs_Classic","CNA_driver",NA,NA,NA,NA,36,2,3,NA,NA
"pan_cancer","LPA","per_event_pairwise","WGD_vs_Classic","CI_M",NA,NA,NA,NA,36,2,3,NA,NA
"pan_cancer","LPA","per_event_pairwise","WGD_vs_Classic","M",NA,NA,NA,NA,36,2,3,NA,NA
"pan_cancer","LPA","per_event_pairwise","WGD_vs_Classic","WT",NA,NA,NA,NA,36,2,3,NA,NA
"pan_cancer","LRP1B","per_event_HM_vs_rest","HM_vs_rest","CNA_driver",NA,NA,NA,NA,162,15,12,NA,NA
"pan_cancer","LRP1B","per_event_HM_vs_rest","HM_vs_rest","CI_M",NA,NA,NA,NA,162,15,12,NA,NA
"pan_cancer","LRP1B","per_event_HM_vs_rest","HM_vs_rest","M",NA,NA,NA,NA,162,15,12,NA,NA
"pan_cancer","LRP1B","per_event_HM_vs_rest","HM_vs_rest","WT",NA,NA,NA,NA,162,15,12,NA,NA
"pan_cancer","LRP1B","per_event_pairwise","HM_vs_Classic","CNA_driver",NA,NA,NA,NA,162,15,12,NA,NA
"pan_cancer","LRP1B","per_event_pairwise","HM_vs_Classic","CI_M",NA,NA,NA,NA,162,15,12,NA,NA
"pan_cancer","LRP1B","per_event_pairwise","HM_vs_Classic","M",NA,NA,NA,NA,162,15,12,NA,NA
"pan_cancer","LRP1B","per_event_pairwise","HM_vs_Classic","WT",NA,NA,NA,NA,162,15,12,NA,NA
"pan_cancer","LRP1B","per_event_pairwise","HM_vs_WGD","CNA_driver",NA,NA,NA,NA,162,15,12,NA,NA
"pan_cancer","LRP1B","per_event_pairwise","HM_vs_WGD","CI_M",NA,NA,NA,NA,162,15,12,NA,NA
"pan_cancer","LRP1B","per_event_pairwise","HM_vs_WGD","M",NA,NA,NA,NA,162,15,12,NA,NA
"pan_cancer","LRP1B","per_event_pairwise","HM_vs_WGD","WT",NA,NA,NA,NA,162,15,12,NA,NA
"pan_cancer","LRP1B","per_event_pairwise","WGD_vs_Classic","CNA_driver",NA,NA,NA,NA,162,15,12,NA,NA
"pan_cancer","LRP1B","per_event_pairwise","WGD_vs_Classic","CI_M",NA,NA,NA,NA,162,15,12,NA,NA
"pan_cancer","LRP1B","per_event_pairwise","WGD_vs_Classic","M",NA,NA,NA,NA,162,15,12,NA,NA
"pan_cancer","LRP1B","per_event_pairwise","WGD_vs_Classic","WT",NA,NA,NA,NA,162,15,12,NA,NA
"pan_cancer","LZTR1","per_event_HM_vs_rest","HM_vs_rest","CNA_driver",NA,NA,NA,NA,30,3,5,NA,NA
"pan_cancer","LZTR1","per_event_HM_vs_rest","HM_vs_rest","CI_M",NA,NA,NA,NA,30,3,5,NA,NA
"pan_cancer","LZTR1","per_event_HM_vs_rest","HM_vs_rest","M",NA,NA,NA,NA,30,3,5,NA,NA
"pan_cancer","LZTR1","per_event_HM_vs_rest","HM_vs_rest","WT",NA,NA,NA,NA,30,3,5,NA,NA
"pan_cancer","LZTR1","per_event_pairwise","HM_vs_Classic","CNA_driver",NA,NA,NA,NA,30,3,5,NA,NA
"pan_cancer","LZTR1","per_event_pairwise","HM_vs_Classic","CI_M",NA,NA,NA,NA,30,3,5,NA,NA
"pan_cancer","LZTR1","per_event_pairwise","HM_vs_Classic","M",NA,NA,NA,NA,30,3,5,NA,NA
"pan_cancer","LZTR1","per_event_pairwise","HM_vs_Classic","WT",NA,NA,NA,NA,30,3,5,NA,NA
"pan_cancer","LZTR1","per_event_pairwise","HM_vs_WGD","CNA_driver",NA,NA,NA,NA,30,3,5,NA,NA
"pan_cancer","LZTR1","per_event_pairwise","HM_vs_WGD","CI_M",NA,NA,NA,NA,30,3,5,NA,NA
"pan_cancer","LZTR1","per_event_pairwise","HM_vs_WGD","M",NA,NA,NA,NA,30,3,5,NA,NA
"pan_cancer","LZTR1","per_event_pairwise","HM_vs_WGD","WT",NA,NA,NA,NA,30,3,5,NA,NA
"pan_cancer","LZTR1","per_event_pairwise","WGD_vs_Classic","CNA_driver",NA,NA,NA,NA,30,3,5,NA,NA
"pan_cancer","LZTR1","per_event_pairwise","WGD_vs_Classic","CI_M",NA,NA,NA,NA,30,3,5,NA,NA
"pan_cancer","LZTR1","per_event_pairwise","WGD_vs_Classic","M",NA,NA,NA,NA,30,3,5,NA,NA
"pan_cancer","LZTR1","per_event_pairwise","WGD_vs_Classic","WT",NA,NA,NA,NA,30,3,5,NA,NA
"pan_cancer","MAP2K1","global","Classic_vs_WGD",NA,0.0189098998887653,NA,NA,NA,28,2,3,0.0369602588734958,0.0480497456189938
"pan_cancer","MAP2K1","pairwise_all_events","WGD_vs_Classic",NA,0.0189098998887653,NA,NA,NA,28,2,3,0.0616240266963293,0.0714467940854747
"pan_cancer","MAP2K1","per_event_pairwise","WGD_vs_Classic","CNA_driver",NA,NA,NA,NA,28,2,3,NA,NA
"pan_cancer","MAP2K1","per_event_pairwise","WGD_vs_Classic","CI_M",NA,NA,NA,NA,28,2,3,NA,NA
"pan_cancer","MAP2K1","per_event_pairwise","WGD_vs_Classic","M",0.0189098998887653,0.0275979188365382,0.000315350970123574,0.848685815337222,28,2,3,0.0752957831934473,0.0874582869855395
"pan_cancer","MAP2K1","per_event_pairwise","WGD_vs_Classic","WT",0.0189098998887653,36.2346163101277,1.1782923455633,3171.06999736899,28,2,3,0.0752957831934473,0.0874582869855395
"pan_cancer","MAP2K4","global","Classic_vs_WGD",NA,0.000499750124937531,NA,NA,NA,103,2,20,0.00165301964402414,0.00281677343146609
"pan_cancer","MAP2K4","pairwise_all_events","WGD_vs_Classic",NA,0.000499750124937531,NA,NA,NA,103,2,20,0.00276861569215392,0.00407372071539988
"pan_cancer","MAP2K4","per_event_pairwise","WGD_vs_Classic","CNA_driver",2.77019890030373e-06,0.074342001037971,0.0204862780979847,0.248729473915132,103,2,20,5.05561299305431e-05,8.93566722200537e-05
"pan_cancer","MAP2K4","per_event_pairwise","WGD_vs_Classic","CI_M",NA,NA,NA,NA,103,2,20,NA,NA
"pan_cancer","MAP2K4","per_event_pairwise","WGD_vs_Classic","M",0.0842315438409205,0.232963912370735,0.0358005332949258,1.73006659821388,103,2,20,0.220071012259664,0.250258613829872
"pan_cancer","MAP2K4","per_event_pairwise","WGD_vs_Classic","WT",8.86912059106683e-08,18.3481401620583,5.33957089662113,75.2560098833603,103,2,20,2.53348357753518e-06,4.6488973764842e-06
"pan_cancer","MAP3K1","global","Classic_vs_HM_vs_WGD",NA,0.0689655172413793,NA,NA,NA,48,11,25,0.107187370170337,0.137931034482759
"pan_cancer","MAP3K1","pairwise_all_events","HM_vs_Classic",NA,0.24287856071964,NA,NA,NA,48,11,25,0.425806084299622,0.434115168329457
"pan_cancer","MAP3K1","pairwise_all_events","HM_vs_WGD",NA,1,NA,NA,NA,48,11,25,1,1
"pan_cancer","MAP3K1","pairwise_all_events","WGD_vs_Classic",NA,0.0369815092453773,NA,NA,NA,48,11,25,0.108977426180527,0.123577962571509
"pan_cancer","MAP3K1","per_event_HM_vs_rest","HM_vs_rest","CNA_driver",1,0,0,36.4798982346707,48,11,25,1,1
"pan_cancer","MAP3K1","per_event_HM_vs_rest","HM_vs_rest","CI_M",NA,NA,NA,NA,48,11,25,NA,NA
"pan_cancer","MAP3K1","per_event_HM_vs_rest","HM_vs_rest","M",0.598346613113999,0,0,3.46773057073565,48,11,25,1,1
"pan_cancer","MAP3K1","per_event_HM_vs_rest","HM_vs_rest","WT",0.344569217916358,Inf,0.375128133849543,Inf,48,11,25,1,1
"pan_cancer","MAP3K1","per_event_pairwise","HM_vs_Classic","CNA_driver",1,0,0,12.3002519091831,48,11,25,1,1
"pan_cancer","MAP3K1","per_event_pairwise","HM_vs_Classic","CI_M",NA,NA,NA,NA,48,11,25,NA,NA
"pan_cancer","MAP3K1","per_event_pairwise","HM_vs_Classic","M",0.295343137254902,0,0,2.407004385999,48,11,25,0.507959270095473,0.528508771929824
"pan_cancer","MAP3K1","per_event_pairwise","HM_vs_Classic","WT",0.0756114273666456,Inf,0.702427493920687,Inf,48,11,25,0.206127418173801,0.235443504027822
"pan_cancer","MAP3K1","per_event_pairwise","HM_vs_WGD","CNA_driver",NA,NA,NA,NA,48,11,25,NA,NA
"pan_cancer","MAP3K1","per_event_pairwise","HM_vs_WGD","CI_M",NA,NA,NA,NA,48,11,25,NA,NA
"pan_cancer","MAP3K1","per_event_pairwise","HM_vs_WGD","M",1,0,0,6.88940068707973,48,11,25,1,1
"pan_cancer","MAP3K1","per_event_pairwise","HM_vs_WGD","WT",1,Inf,0.145150506614514,Inf,48,11,25,1,1
"pan_cancer","MAP3K1","per_event_pairwise","WGD_vs_Classic","CNA_driver",0.114155251141552,0,0,2.73249886320817,48,11,25,0.281274512686823,0.306231742940604
"pan_cancer","MAP3K1","per_event_pairwise","WGD_vs_Classic","CI_M",NA,NA,NA,NA,48,11,25,NA,NA
"pan_cancer","MAP3K1","per_event_pairwise","WGD_vs_Classic","M",0.258628490487829,0.369210613653052,0.0657680817129314,1.9168472185953,48,11,25,0.470689524239623,0.488520482032567
"pan_cancer","MAP3K1","per_event_pairwise","WGD_vs_Classic","WT",0.0385844211827279,4.18227104805934,0.930142171355249,21.9975576782251,48,11,25,0.129820123979184,0.1512124668158
"pan_cancer","MAPK1","per_event_HM_vs_rest","HM_vs_rest","CNA_driver",NA,NA,NA,NA,18,3,5,NA,NA
"pan_cancer","MAPK1","per_event_HM_vs_rest","HM_vs_rest","CI_M",NA,NA,NA,NA,18,3,5,NA,NA
"pan_cancer","MAPK1","per_event_HM_vs_rest","HM_vs_rest","M",NA,NA,NA,NA,18,3,5,NA,NA
"pan_cancer","MAPK1","per_event_HM_vs_rest","HM_vs_rest","WT",NA,NA,NA,NA,18,3,5,NA,NA
"pan_cancer","MAPK1","per_event_pairwise","HM_vs_Classic","CNA_driver",NA,NA,NA,NA,18,3,5,NA,NA
"pan_cancer","MAPK1","per_event_pairwise","HM_vs_Classic","CI_M",NA,NA,NA,NA,18,3,5,NA,NA
"pan_cancer","MAPK1","per_event_pairwise","HM_vs_Classic","M",NA,NA,NA,NA,18,3,5,NA,NA
"pan_cancer","MAPK1","per_event_pairwise","HM_vs_Classic","WT",NA,NA,NA,NA,18,3,5,NA,NA
"pan_cancer","MAPK1","per_event_pairwise","HM_vs_WGD","CNA_driver",NA,NA,NA,NA,18,3,5,NA,NA
"pan_cancer","MAPK1","per_event_pairwise","HM_vs_WGD","CI_M",NA,NA,NA,NA,18,3,5,NA,NA
"pan_cancer","MAPK1","per_event_pairwise","HM_vs_WGD","M",NA,NA,NA,NA,18,3,5,NA,NA
"pan_cancer","MAPK1","per_event_pairwise","HM_vs_WGD","WT",NA,NA,NA,NA,18,3,5,NA,NA
"pan_cancer","MAPK1","per_event_pairwise","WGD_vs_Classic","CNA_driver",NA,NA,NA,NA,18,3,5,NA,NA
"pan_cancer","MAPK1","per_event_pairwise","WGD_vs_Classic","CI_M",NA,NA,NA,NA,18,3,5,NA,NA
"pan_cancer","MAPK1","per_event_pairwise","WGD_vs_Classic","M",NA,NA,NA,NA,18,3,5,NA,NA
"pan_cancer","MAPK1","per_event_pairwise","WGD_vs_Classic","WT",NA,NA,NA,NA,18,3,5,NA,NA
"pan_cancer","MECOM","global","Classic_vs_HM_vs_WGD",NA,0.129435282358821,NA,NA,NA,60,9,9,0.18552390471431,0.218070312669752
"pan_cancer","MECOM","pairwise_all_events","HM_vs_Classic",NA,0.470588235294118,NA,NA,NA,60,9,9,0.661690056733353,0.671555624902481
"pan_cancer","MECOM","pairwise_all_events","HM_vs_WGD",NA,0.0796829616160074,NA,NA,NA,60,9,9,0.185810113519092,0.211251227063354
"pan_cancer","MECOM","pairwise_all_events","WGD_vs_Classic",NA,1,NA,NA,NA,60,9,9,1,1
"pan_cancer","MECOM","per_event_HM_vs_rest","HM_vs_rest","CNA_driver",0.0633597980966402,9.0558650729068,0.575881099808046,143.555975910637,60,9,9,1,1
"pan_cancer","MECOM","per_event_HM_vs_rest","HM_vs_rest","CI_M",NA,NA,NA,NA,60,9,9,NA,NA
"pan_cancer","MECOM","per_event_HM_vs_rest","HM_vs_rest","M",NA,NA,NA,NA,60,9,9,NA,NA
"pan_cancer","MECOM","per_event_HM_vs_rest","HM_vs_rest","WT",0.0633597980966402,0.11042567352199,0.006965923875036,1.73646956000696,60,9,9,1,1
"pan_cancer","MECOM","per_event_pairwise","HM_vs_Classic","CNA_driver",0.470588235294118,Inf,0.191551578677518,Inf,60,9,9,0.707497644366671,0.72638036809816
"pan_cancer","MECOM","per_event_pairwise","HM_vs_Classic","CI_M",NA,NA,NA,NA,60,9,9,NA,NA
"pan_cancer","MECOM","per_event_pairwise","HM_vs_Classic","M",NA,NA,NA,NA,60,9,9,NA,NA
"pan_cancer","MECOM","per_event_pairwise","HM_vs_Classic","WT",0.470588235294118,0,0,5.22052601656459,60,9,9,0.707497644366671,0.72638036809816
"pan_cancer","MECOM","per_event_pairwise","HM_vs_WGD","CNA_driver",0.0796829616160074,7.84779307263947,0.498042576251656,124.616734020971,60,9,9,0.211572018052157,0.243455829518658
"pan_cancer","MECOM","per_event_pairwise","HM_vs_WGD","CI_M",NA,NA,NA,NA,60,9,9,NA,NA
"pan_cancer","MECOM","per_event_pairwise","HM_vs_WGD","M",NA,NA,NA,NA,60,9,9,NA,NA
"pan_cancer","MECOM","per_event_pairwise","HM_vs_WGD","WT",0.0796829616160074,0.12742435876481,0.00802460446308692,2.00786046752499,60,9,9,0.211572018052157,0.243455829518658
"pan_cancer","MECOM","per_event_pairwise","WGD_vs_Classic","CNA_driver",1,Inf,0.0270815723681469,Inf,60,9,9,1,1
"pan_cancer","MECOM","per_event_pairwise","WGD_vs_Classic","CI_M",NA,NA,NA,NA,60,9,9,NA,NA
"pan_cancer","MECOM","per_event_pairwise","WGD_vs_Classic","M",NA,NA,NA,NA,60,9,9,NA,NA
"pan_cancer","MECOM","per_event_pairwise","WGD_vs_Classic","WT",1,0,0,36.925477826989,60,9,9,1,1
"pan_cancer","MEF2B","global","Classic_vs_WGD",NA,0.242424242424242,NA,NA,NA,5,0,6,0.325757575757576,0.352824014795846
"pan_cancer","MEF2B","pairwise_all_events","WGD_vs_Classic",NA,0.242424242424242,NA,NA,NA,5,0,6,0.425806084299622,0.434115168329457
"pan_cancer","MEF2B","per_event_pairwise","WGD_vs_Classic","CNA_driver",NA,NA,NA,NA,5,0,6,NA,NA
"pan_cancer","MEF2B","per_event_pairwise","WGD_vs_Classic","CI_M",NA,NA,NA,NA,5,0,6,NA,NA
"pan_cancer","MEF2B","per_event_pairwise","WGD_vs_Classic","M",0.242424242424242,0.155299939726163,0.00204931748672073,3.07800331679714,5,0,6,0.453768453768454,0.472821235611933
"pan_cancer","MEF2B","per_event_pairwise","WGD_vs_Classic","WT",0.242424242424242,6.43915253130994,0.324885939707356,487.96733862852,5,0,6,0.453768453768454,0.472821235611933
"pan_cancer","MEN1","global","Classic_vs_HM_vs_WGD",NA,0.000499750124937531,NA,NA,NA,49,6,7,0.00165301964402414,0.00281677343146609
"pan_cancer","MEN1","pairwise_all_events","HM_vs_Classic",NA,0.0119940029985007,NA,NA,NA,49,6,7,0.0431329803799439,0.0512124889935984
"pan_cancer","MEN1","pairwise_all_events","HM_vs_WGD",NA,1,NA,NA,NA,49,6,7,1,1
"pan_cancer","MEN1","pairwise_all_events","WGD_vs_Classic",NA,0.000499750124937531,NA,NA,NA,49,6,7,0.00276861569215392,0.00407372071539988
"pan_cancer","MEN1","per_event_HM_vs_rest","HM_vs_rest","CNA_driver",1,0,0,25.1388234351822,49,6,7,1,1
"pan_cancer","MEN1","per_event_HM_vs_rest","HM_vs_rest","CI_M",NA,NA,NA,NA,49,6,7,NA,NA
"pan_cancer","MEN1","per_event_HM_vs_rest","HM_vs_rest","M",1,0.736752966082606,0.0143311628340687,7.5645680031025,49,6,7,1,1
"pan_cancer","MEN1","per_event_HM_vs_rest","HM_vs_rest","WT",1,1.81370675323522,0.180461361396846,92.1669216631557,49,6,7,1,1
"pan_cancer","MEN1","per_event_pairwise","HM_vs_Classic","CNA_driver",0.461538461538462,0,0,6.12037894639397,49,6,7,0.697082228116711,0.716456706711579
"pan_cancer","MEN1","per_event_pairwise","HM_vs_Classic","CI_M",NA,NA,NA,NA,49,6,7,NA,NA
"pan_cancer","MEN1","per_event_pairwise","HM_vs_Classic","M",0.102564102564103,0.101644804987577,0.00142508465303377,1.73672489168703,49,6,7,0.256215267622112,0.281101614434948
"pan_cancer","MEN1","per_event_pairwise","HM_vs_Classic","WT",0.00466200466200466,Inf,2.01137668778926,Inf,49,6,7,0.0257389669154375,0.0317016317016317
"pan_cancer","MEN1","per_event_pairwise","HM_vs_WGD","CNA_driver",1,0,0,316.927741283477,49,6,7,1,1
"pan_cancer","MEN1","per_event_pairwise","HM_vs_WGD","CI_M",NA,NA,NA,NA,49,6,7,NA,NA
"pan_cancer","MEN1","per_event_pairwise","HM_vs_WGD","M",1,1.19582207999467,0.0222338266766966,13.4047361978586,49,6,7,1,1
"pan_cancer","MEN1","per_event_pairwise","HM_vs_WGD","WT",1,0.976049157376179,0.0893869888064062,51.8398836092278,49,6,7,1,1
"pan_cancer","MEN1","per_event_pairwise","WGD_vs_Classic","CNA_driver",0.0383838383838384,0.0580888421163416,0.000874569255689665,1.2884179376301,49,6,7,0.129820123979184,0.1512124668158
"pan_cancer","MEN1","per_event_pairwise","WGD_vs_Classic","CI_M",NA,NA,NA,NA,49,6,7,NA,NA
"pan_cancer","MEN1","per_event_pairwise","WGD_vs_Classic","M",0.0034093172827912,0.0719666141036907,0.00578481704867943,0.538650991517225,49,6,7,0.0198223137592374,0.0246489720790307
"pan_cancer","MEN1","per_event_pairwise","WGD_vs_Classic","WT",2.77469478357381e-05,Inf,5.68501392134773,Inf,49,6,7,0.000331449904146907,0.000554058101227912
"pan_cancer","MET","global","Classic_vs_HM_vs_WGD",NA,0.299850074962519,NA,NA,NA,22,4,11,0.382976828417474,0.416831942773008
"pan_cancer","MET","pairwise_all_events","HM_vs_Classic",NA,0.266666666666667,NA,NA,NA,22,4,11,0.43876891963375,0.455791152043026
"pan_cancer","MET","pairwise_all_events","HM_vs_WGD",NA,0.510702341137124,NA,NA,NA,22,4,11,0.686721109198948,0.693832978615587
"pan_cancer","MET","pairwise_all_events","WGD_vs_Classic",NA,0.534274193548387,NA,NA,NA,22,4,11,0.704733102918587,0.71859879032258
"pan_cancer","MET","per_event_HM_vs_rest","HM_vs_rest","CNA_driver",0.380422439245969,3.18279856814942,0.047745306682186,59.9283474952977,22,4,11,1,1
"pan_cancer","MET","per_event_HM_vs_rest","HM_vs_rest","CI_M",NA,NA,NA,NA,22,4,11,NA,NA
"pan_cancer","MET","per_event_HM_vs_rest","HM_vs_rest","M",NA,NA,NA,NA,22,4,11,NA,NA
"pan_cancer","MET","per_event_HM_vs_rest","HM_vs_rest","WT",0.380422439245969,0.314188905954369,0.0166865939375096,20.9444669956033,22,4,11,1,1
"pan_cancer","MET","per_event_pairwise","HM_vs_Classic","CNA_driver",0.266666666666667,Inf,0.0705127008611506,Inf,22,4,11,0.47479674796748,0.495519448547514
"pan_cancer","MET","per_event_pairwise","HM_vs_Classic","CI_M",NA,NA,NA,NA,22,4,11,NA,NA
"pan_cancer","MET","per_event_pairwise","HM_vs_Classic","M",NA,NA,NA,NA,22,4,11,NA,NA
"pan_cancer","MET","per_event_pairwise","HM_vs_Classic","WT",0.266666666666667,0,0,14.1818422466775,22,4,11,0.47479674796748,0.495519448547514
"pan_cancer","MET","per_event_pairwise","HM_vs_WGD","CNA_driver",0.510702341137124,2.04012326836232,0.0302424560662821,39.0210556497451,22,4,11,0.735814557296251,0.74801721877063
"pan_cancer","MET","per_event_pairwise","HM_vs_WGD","CI_M",NA,NA,NA,NA,22,4,11,NA,NA
"pan_cancer","MET","per_event_pairwise","HM_vs_WGD","M",NA,NA,NA,NA,22,4,11,NA,NA
"pan_cancer","MET","per_event_pairwise","HM_vs_WGD","WT",0.510702341137124,0.490166459795705,0.0256271898171093,33.0660974693427,22,4,11,0.735814557296251,0.74801721877063
"pan_cancer","MET","per_event_pairwise","WGD_vs_Classic","CNA_driver",0.534274193548387,Inf,0.205444828572303,Inf,22,4,11,0.749738758604206,0.764638151858784
"pan_cancer","MET","per_event_pairwise","WGD_vs_Classic","CI_M",NA,NA,NA,NA,22,4,11,NA,NA
"pan_cancer","MET","per_event_pairwise","WGD_vs_Classic","M",NA,NA,NA,NA,22,4,11,NA,NA
"pan_cancer","MET","per_event_pairwise","WGD_vs_Classic","WT",0.534274193548387,0,0,4.86748684281468,22,4,11,0.749738758604206,0.764638151858784
"pan_cancer","MGA","global","Classic_vs_WGD",NA,0.000112930547713156,NA,NA,NA,19,2,4,0.00165301964402414,0.00281677343146609
"pan_cancer","MGA","pairwise_all_events","WGD_vs_Classic",NA,0.000112930547713156,NA,NA,NA,19,2,4,0.00260681347637869,0.00379728966685488
"pan_cancer","MGA","per_event_pairwise","WGD_vs_Classic","CNA_driver",NA,NA,NA,NA,19,2,4,NA,NA
"pan_cancer","MGA","per_event_pairwise","WGD_vs_Classic","CI_M",NA,NA,NA,NA,19,2,4,NA,NA
"pan_cancer","MGA","per_event_pairwise","WGD_vs_Classic","M",0.000112930547713156,0,0,0.133723785127119,19,2,4,0.00101637492941841,0.00159625425868709
"pan_cancer","MGA","per_event_pairwise","WGD_vs_Classic","WT",0.000112930547713156,Inf,7.47810121474944,Inf,19,2,4,0.00101637492941841,0.00159625425868709
"pan_cancer","MTOR","global","Classic_vs_WGD",NA,0.0003300803673938,NA,NA,NA,63,1,4,0.00165301964402414,0.00281677343146609
"pan_cancer","MTOR","pairwise_all_events","WGD_vs_Classic",NA,0.0003300803673938,NA,NA,NA,63,1,4,0.00276861569215392,0.00407372071539988
"pan_cancer","MTOR","per_event_pairwise","WGD_vs_Classic","CNA_driver",NA,NA,NA,NA,63,1,4,NA,NA
"pan_cancer","MTOR","per_event_pairwise","WGD_vs_Classic","CI_M",NA,NA,NA,NA,63,1,4,NA,NA
"pan_cancer","MTOR","per_event_pairwise","WGD_vs_Classic","M",0.0003300803673938,0.00828755958458412,0.000112793647129671,0.174538067611148,63,1,4,0.00237266466422743,0.00369880143827569
"pan_cancer","MTOR","per_event_pairwise","WGD_vs_Classic","WT",0.0003300803673938,120.662782547003,5.72940914086372,8865.74754384,63,1,4,0.00237266466422743,0.00369880143827569
"pan_cancer","MUC6","per_event_HM_vs_rest","HM_vs_rest","CNA_driver",NA,NA,NA,NA,23,4,4,NA,NA
"pan_cancer","MUC6","per_event_HM_vs_rest","HM_vs_rest","CI_M",NA,NA,NA,NA,23,4,4,NA,NA
"pan_cancer","MUC6","per_event_HM_vs_rest","HM_vs_rest","M",NA,NA,NA,NA,23,4,4,NA,NA
"pan_cancer","MUC6","per_event_HM_vs_rest","HM_vs_rest","WT",NA,NA,NA,NA,23,4,4,NA,NA
"pan_cancer","MUC6","per_event_pairwise","HM_vs_Classic","CNA_driver",NA,NA,NA,NA,23,4,4,NA,NA
"pan_cancer","MUC6","per_event_pairwise","HM_vs_Classic","CI_M",NA,NA,NA,NA,23,4,4,NA,NA
"pan_cancer","MUC6","per_event_pairwise","HM_vs_Classic","M",NA,NA,NA,NA,23,4,4,NA,NA
"pan_cancer","MUC6","per_event_pairwise","HM_vs_Classic","WT",NA,NA,NA,NA,23,4,4,NA,NA
"pan_cancer","MUC6","per_event_pairwise","HM_vs_WGD","CNA_driver",NA,NA,NA,NA,23,4,4,NA,NA
"pan_cancer","MUC6","per_event_pairwise","HM_vs_WGD","CI_M",NA,NA,NA,NA,23,4,4,NA,NA
"pan_cancer","MUC6","per_event_pairwise","HM_vs_WGD","M",NA,NA,NA,NA,23,4,4,NA,NA
"pan_cancer","MUC6","per_event_pairwise","HM_vs_WGD","WT",NA,NA,NA,NA,23,4,4,NA,NA
"pan_cancer","MUC6","per_event_pairwise","WGD_vs_Classic","CNA_driver",NA,NA,NA,NA,23,4,4,NA,NA
"pan_cancer","MUC6","per_event_pairwise","WGD_vs_Classic","CI_M",NA,NA,NA,NA,23,4,4,NA,NA
"pan_cancer","MUC6","per_event_pairwise","WGD_vs_Classic","M",NA,NA,NA,NA,23,4,4,NA,NA
"pan_cancer","MUC6","per_event_pairwise","WGD_vs_Classic","WT",NA,NA,NA,NA,23,4,4,NA,NA
"pan_cancer","MYC","global","Classic_vs_HM_vs_WGD",NA,0.00199900049975012,NA,NA,NA,19,4,18,0.00495905893207243,0.00755719701125047
"pan_cancer","MYC","pairwise_all_events","HM_vs_Classic",NA,0.00849575212393803,NA,NA,NA,19,4,18,0.0338217338217338,0.0399851356373095
"pan_cancer","MYC","pairwise_all_events","HM_vs_WGD",NA,1,NA,NA,NA,19,4,18,1,1
"pan_cancer","MYC","pairwise_all_events","WGD_vs_Classic",NA,0.00249875062468766,NA,NA,NA,19,4,18,0.01235989148283,0.0151048071469883
"pan_cancer","MYC","per_event_HM_vs_rest","HM_vs_rest","CNA_driver",0.117655771699417,Inf,0.541070601202902,Inf,19,4,18,1,1
"pan_cancer","MYC","per_event_HM_vs_rest","HM_vs_rest","CI_M",NA,NA,NA,NA,19,4,18,NA,NA
"pan_cancer","MYC","per_event_HM_vs_rest","HM_vs_rest","M",1,0,0,7.93552817628659,19,4,18,1,1
"pan_cancer","MYC","per_event_HM_vs_rest","HM_vs_rest","WT",0.559000691221487,0,0,4.18335725750262,19,4,18,1,1
"pan_cancer","MYC","per_event_pairwise","HM_vs_Classic","CNA_driver",0.00956937799043062,Inf,1.49652632459101,Inf,19,4,18,0.0472712882685182,0.055991988427729
"pan_cancer","MYC","per_event_pairwise","HM_vs_Classic","CI_M",NA,NA,NA,NA,19,4,18,NA,NA
"pan_cancer","MYC","per_event_pairwise","HM_vs_Classic","M",0.535201640464798,0,0,5.50365897534441,19,4,18,0.749738758604206,0.765095072391723
"pan_cancer","MYC","per_event_pairwise","HM_vs_Classic","WT",0.114969241285031,0,0,2.02397989442299,19,4,18,0.281812982556477,0.306231742940604
"pan_cancer","MYC","per_event_pairwise","HM_vs_WGD","CNA_driver",1,Inf,0.120432272508055,Inf,19,4,18,1,1
"pan_cancer","MYC","per_event_pairwise","HM_vs_WGD","CI_M",NA,NA,NA,NA,19,4,18,NA,NA
"pan_cancer","MYC","per_event_pairwise","HM_vs_WGD","M",1,0,0,27.603858706485,19,4,18,1,1
"pan_cancer","MYC","per_event_pairwise","HM_vs_WGD","WT",1,0,0,27.603858706485,19,4,18,1,1
"pan_cancer","MYC","per_event_pairwise","WGD_vs_Classic","CNA_driver",0.00090489860766013,11.9855208280323,2.24435655606526,84.493022528752,19,4,18,0.00600523621447178,0.00863103172487337
"pan_cancer","MYC","per_event_pairwise","WGD_vs_Classic","CI_M",NA,NA,NA,NA,19,4,18,NA,NA
"pan_cancer","MYC","per_event_pairwise","WGD_vs_Classic","M",0.231988586827297,0.31577196262855,0.0260968553267567,2.31561649316634,19,4,18,0.442871587462083,0.461036054703688
"pan_cancer","MYC","per_event_pairwise","WGD_vs_Classic","WT",0.0127669382396857,0.125219164283878,0.0109084357181127,0.786483080297215,19,4,18,0.0570603974385954,0.0674823878383389
"pan_cancer","MYD88","global","Classic_vs_WGD",NA,0.265734265734266,NA,NA,NA,7,1,7,0.349793064078779,0.37962037962038
"pan_cancer","MYD88","pairwise_all_events","WGD_vs_Classic",NA,0.265734265734266,NA,NA,NA,7,1,7,0.43876891963375,0.455791152043026
"pan_cancer","MYD88","per_event_pairwise","WGD_vs_Classic","CNA_driver",NA,NA,NA,NA,7,1,7,NA,NA
"pan_cancer","MYD88","per_event_pairwise","WGD_vs_Classic","CI_M",NA,NA,NA,NA,7,1,7,NA,NA
"pan_cancer","MYD88","per_event_pairwise","WGD_vs_Classic","M",0.265734265734266,0.147307580820018,0.00219160101402369,2.38105547953001,7,1,7,0.47479674796748,0.495519448547514
"pan_cancer","MYD88","per_event_pairwise","WGD_vs_Classic","WT",0.265734265734266,6.78851688713708,0.419981814198377,456.287432612582,7,1,7,0.47479674796748,0.495519448547514
"pan_cancer","MYEOV","per_event_HM_vs_rest","HM_vs_rest","CNA_driver",NA,NA,NA,NA,11,8,0,NA,NA
"pan_cancer","MYEOV","per_event_HM_vs_rest","HM_vs_rest","CI_M",NA,NA,NA,NA,11,8,0,NA,NA
"pan_cancer","MYEOV","per_event_HM_vs_rest","HM_vs_rest","M",NA,NA,NA,NA,11,8,0,NA,NA
"pan_cancer","MYEOV","per_event_HM_vs_rest","HM_vs_rest","WT",NA,NA,NA,NA,11,8,0,NA,NA
"pan_cancer","MYEOV","per_event_pairwise","HM_vs_WGD","CNA_driver",NA,NA,NA,NA,11,8,0,NA,NA
"pan_cancer","MYEOV","per_event_pairwise","HM_vs_WGD","CI_M",NA,NA,NA,NA,11,8,0,NA,NA
"pan_cancer","MYEOV","per_event_pairwise","HM_vs_WGD","M",NA,NA,NA,NA,11,8,0,NA,NA
"pan_cancer","MYEOV","per_event_pairwise","HM_vs_WGD","WT",NA,NA,NA,NA,11,8,0,NA,NA
"pan_cancer","MYH11","per_event_HM_vs_rest","HM_vs_rest","CNA_driver",NA,NA,NA,NA,57,5,9,NA,NA
"pan_cancer","MYH11","per_event_HM_vs_rest","HM_vs_rest","CI_M",NA,NA,NA,NA,57,5,9,NA,NA
"pan_cancer","MYH11","per_event_HM_vs_rest","HM_vs_rest","M",NA,NA,NA,NA,57,5,9,NA,NA
"pan_cancer","MYH11","per_event_HM_vs_rest","HM_vs_rest","WT",NA,NA,NA,NA,57,5,9,NA,NA
"pan_cancer","MYH11","per_event_pairwise","HM_vs_Classic","CNA_driver",NA,NA,NA,NA,57,5,9,NA,NA
"pan_cancer","MYH11","per_event_pairwise","HM_vs_Classic","CI_M",NA,NA,NA,NA,57,5,9,NA,NA
"pan_cancer","MYH11","per_event_pairwise","HM_vs_Classic","M",NA,NA,NA,NA,57,5,9,NA,NA
"pan_cancer","MYH11","per_event_pairwise","HM_vs_Classic","WT",NA,NA,NA,NA,57,5,9,NA,NA
"pan_cancer","MYH11","per_event_pairwise","HM_vs_WGD","CNA_driver",NA,NA,NA,NA,57,5,9,NA,NA
"pan_cancer","MYH11","per_event_pairwise","HM_vs_WGD","CI_M",NA,NA,NA,NA,57,5,9,NA,NA
"pan_cancer","MYH11","per_event_pairwise","HM_vs_WGD","M",NA,NA,NA,NA,57,5,9,NA,NA
"pan_cancer","MYH11","per_event_pairwise","HM_vs_WGD","WT",NA,NA,NA,NA,57,5,9,NA,NA
"pan_cancer","MYH11","per_event_pairwise","WGD_vs_Classic","CNA_driver",NA,NA,NA,NA,57,5,9,NA,NA
"pan_cancer","MYH11","per_event_pairwise","WGD_vs_Classic","CI_M",NA,NA,NA,NA,57,5,9,NA,NA
"pan_cancer","MYH11","per_event_pairwise","WGD_vs_Classic","M",NA,NA,NA,NA,57,5,9,NA,NA
"pan_cancer","MYH11","per_event_pairwise","WGD_vs_Classic","WT",NA,NA,NA,NA,57,5,9,NA,NA
"pan_cancer","MYH9","global","HM_vs_WGD",NA,1,NA,NA,NA,54,3,1,1,1
"pan_cancer","MYH9","pairwise_all_events","HM_vs_WGD",NA,1,NA,NA,NA,54,3,1,1,1
"pan_cancer","MYH9","per_event_HM_vs_rest","HM_vs_rest","CNA_driver",NA,NA,NA,NA,54,3,1,NA,NA
"pan_cancer","MYH9","per_event_HM_vs_rest","HM_vs_rest","CI_M",NA,NA,NA,NA,54,3,1,NA,NA
"pan_cancer","MYH9","per_event_HM_vs_rest","HM_vs_rest","M",1,0,0,694.394213381558,54,3,1,1,1
"pan_cancer","MYH9","per_event_HM_vs_rest","HM_vs_rest","WT",1,Inf,0.00144010416666667,Inf,54,3,1,1,1
"pan_cancer","MYH9","per_event_pairwise","HM_vs_WGD","CNA_driver",NA,NA,NA,NA,54,3,1,NA,NA
"pan_cancer","MYH9","per_event_pairwise","HM_vs_WGD","CI_M",NA,NA,NA,NA,54,3,1,NA,NA
"pan_cancer","MYH9","per_event_pairwise","HM_vs_WGD","M",1,0,0,694.394213381558,54,3,1,1,1
"pan_cancer","MYH9","per_event_pairwise","HM_vs_WGD","WT",1,Inf,0.00144010416666667,Inf,54,3,1,1,1
"pan_cancer","MYO5A","per_event_HM_vs_rest","HM_vs_rest","CNA_driver",NA,NA,NA,NA,52,4,12,NA,NA
"pan_cancer","MYO5A","per_event_HM_vs_rest","HM_vs_rest","CI_M",NA,NA,NA,NA,52,4,12,NA,NA
"pan_cancer","MYO5A","per_event_HM_vs_rest","HM_vs_rest","M",NA,NA,NA,NA,52,4,12,NA,NA
"pan_cancer","MYO5A","per_event_HM_vs_rest","HM_vs_rest","WT",NA,NA,NA,NA,52,4,12,NA,NA
"pan_cancer","MYO5A","per_event_pairwise","HM_vs_Classic","CNA_driver",NA,NA,NA,NA,52,4,12,NA,NA
"pan_cancer","MYO5A","per_event_pairwise","HM_vs_Classic","CI_M",NA,NA,NA,NA,52,4,12,NA,NA
"pan_cancer","MYO5A","per_event_pairwise","HM_vs_Classic","M",NA,NA,NA,NA,52,4,12,NA,NA
"pan_cancer","MYO5A","per_event_pairwise","HM_vs_Classic","WT",NA,NA,NA,NA,52,4,12,NA,NA
"pan_cancer","MYO5A","per_event_pairwise","HM_vs_WGD","CNA_driver",NA,NA,NA,NA,52,4,12,NA,NA
"pan_cancer","MYO5A","per_event_pairwise","HM_vs_WGD","CI_M",NA,NA,NA,NA,52,4,12,NA,NA
"pan_cancer","MYO5A","per_event_pairwise","HM_vs_WGD","M",NA,NA,NA,NA,52,4,12,NA,NA
"pan_cancer","MYO5A","per_event_pairwise","HM_vs_WGD","WT",NA,NA,NA,NA,52,4,12,NA,NA
"pan_cancer","MYO5A","per_event_pairwise","WGD_vs_Classic","CNA_driver",NA,NA,NA,NA,52,4,12,NA,NA
"pan_cancer","MYO5A","per_event_pairwise","WGD_vs_Classic","CI_M",NA,NA,NA,NA,52,4,12,NA,NA
"pan_cancer","MYO5A","per_event_pairwise","WGD_vs_Classic","M",NA,NA,NA,NA,52,4,12,NA,NA
"pan_cancer","MYO5A","per_event_pairwise","WGD_vs_Classic","WT",NA,NA,NA,NA,52,4,12,NA,NA
"pan_cancer","N4BP2","per_event_HM_vs_rest","HM_vs_rest","CNA_driver",NA,NA,NA,NA,27,4,6,NA,NA
"pan_cancer","N4BP2","per_event_HM_vs_rest","HM_vs_rest","CI_M",NA,NA,NA,NA,27,4,6,NA,NA
"pan_cancer","N4BP2","per_event_HM_vs_rest","HM_vs_rest","M",NA,NA,NA,NA,27,4,6,NA,NA
"pan_cancer","N4BP2","per_event_HM_vs_rest","HM_vs_rest","WT",NA,NA,NA,NA,27,4,6,NA,NA
"pan_cancer","N4BP2","per_event_pairwise","HM_vs_Classic","CNA_driver",NA,NA,NA,NA,27,4,6,NA,NA
"pan_cancer","N4BP2","per_event_pairwise","HM_vs_Classic","CI_M",NA,NA,NA,NA,27,4,6,NA,NA
"pan_cancer","N4BP2","per_event_pairwise","HM_vs_Classic","M",NA,NA,NA,NA,27,4,6,NA,NA
"pan_cancer","N4BP2","per_event_pairwise","HM_vs_Classic","WT",NA,NA,NA,NA,27,4,6,NA,NA
"pan_cancer","N4BP2","per_event_pairwise","HM_vs_WGD","CNA_driver",NA,NA,NA,NA,27,4,6,NA,NA
"pan_cancer","N4BP2","per_event_pairwise","HM_vs_WGD","CI_M",NA,NA,NA,NA,27,4,6,NA,NA
"pan_cancer","N4BP2","per_event_pairwise","HM_vs_WGD","M",NA,NA,NA,NA,27,4,6,NA,NA
"pan_cancer","N4BP2","per_event_pairwise","HM_vs_WGD","WT",NA,NA,NA,NA,27,4,6,NA,NA
"pan_cancer","N4BP2","per_event_pairwise","WGD_vs_Classic","CNA_driver",NA,NA,NA,NA,27,4,6,NA,NA
"pan_cancer","N4BP2","per_event_pairwise","WGD_vs_Classic","CI_M",NA,NA,NA,NA,27,4,6,NA,NA
"pan_cancer","N4BP2","per_event_pairwise","WGD_vs_Classic","M",NA,NA,NA,NA,27,4,6,NA,NA
"pan_cancer","N4BP2","per_event_pairwise","WGD_vs_Classic","WT",NA,NA,NA,NA,27,4,6,NA,NA
"pan_cancer","NBEA","per_event_HM_vs_rest","HM_vs_rest","CNA_driver",NA,NA,NA,NA,70,10,7,NA,NA
"pan_cancer","NBEA","per_event_HM_vs_rest","HM_vs_rest","CI_M",NA,NA,NA,NA,70,10,7,NA,NA
"pan_cancer","NBEA","per_event_HM_vs_rest","HM_vs_rest","M",NA,NA,NA,NA,70,10,7,NA,NA
"pan_cancer","NBEA","per_event_HM_vs_rest","HM_vs_rest","WT",NA,NA,NA,NA,70,10,7,NA,NA
"pan_cancer","NBEA","per_event_pairwise","HM_vs_Classic","CNA_driver",NA,NA,NA,NA,70,10,7,NA,NA
"pan_cancer","NBEA","per_event_pairwise","HM_vs_Classic","CI_M",NA,NA,NA,NA,70,10,7,NA,NA
"pan_cancer","NBEA","per_event_pairwise","HM_vs_Classic","M",NA,NA,NA,NA,70,10,7,NA,NA
"pan_cancer","NBEA","per_event_pairwise","HM_vs_Classic","WT",NA,NA,NA,NA,70,10,7,NA,NA
"pan_cancer","NBEA","per_event_pairwise","HM_vs_WGD","CNA_driver",NA,NA,NA,NA,70,10,7,NA,NA
"pan_cancer","NBEA","per_event_pairwise","HM_vs_WGD","CI_M",NA,NA,NA,NA,70,10,7,NA,NA
"pan_cancer","NBEA","per_event_pairwise","HM_vs_WGD","M",NA,NA,NA,NA,70,10,7,NA,NA
"pan_cancer","NBEA","per_event_pairwise","HM_vs_WGD","WT",NA,NA,NA,NA,70,10,7,NA,NA
"pan_cancer","NBEA","per_event_pairwise","WGD_vs_Classic","CNA_driver",NA,NA,NA,NA,70,10,7,NA,NA
"pan_cancer","NBEA","per_event_pairwise","WGD_vs_Classic","CI_M",NA,NA,NA,NA,70,10,7,NA,NA
"pan_cancer","NBEA","per_event_pairwise","WGD_vs_Classic","M",NA,NA,NA,NA,70,10,7,NA,NA
"pan_cancer","NBEA","per_event_pairwise","WGD_vs_Classic","WT",NA,NA,NA,NA,70,10,7,NA,NA
"pan_cancer","NCOA2","per_event_HM_vs_rest","HM_vs_rest","CNA_driver",NA,NA,NA,NA,9,9,2,NA,NA
"pan_cancer","NCOA2","per_event_HM_vs_rest","HM_vs_rest","CI_M",NA,NA,NA,NA,9,9,2,NA,NA
"pan_cancer","NCOA2","per_event_HM_vs_rest","HM_vs_rest","M",NA,NA,NA,NA,9,9,2,NA,NA
"pan_cancer","NCOA2","per_event_HM_vs_rest","HM_vs_rest","WT",NA,NA,NA,NA,9,9,2,NA,NA
"pan_cancer","NCOA2","per_event_pairwise","HM_vs_WGD","CNA_driver",NA,NA,NA,NA,9,9,2,NA,NA
"pan_cancer","NCOA2","per_event_pairwise","HM_vs_WGD","CI_M",NA,NA,NA,NA,9,9,2,NA,NA
"pan_cancer","NCOA2","per_event_pairwise","HM_vs_WGD","M",NA,NA,NA,NA,9,9,2,NA,NA
"pan_cancer","NCOA2","per_event_pairwise","HM_vs_WGD","WT",NA,NA,NA,NA,9,9,2,NA,NA
"pan_cancer","NCOR1","global","Classic_vs_WGD",NA,0.000999500249875062,NA,NA,NA,37,0,8,0.0027433091964656,0.0044905083690039
"pan_cancer","NCOR1","pairwise_all_events","WGD_vs_Classic",NA,0.000499750124937531,NA,NA,NA,37,0,8,0.00276861569215392,0.00407372071539988
"pan_cancer","NCOR1","per_event_pairwise","WGD_vs_Classic","CNA_driver",8.78901377453486e-05,0.0234216762690749,0.00138439397270989,0.220201764676324,37,0,8,0.000861848067144687,0.00133211799136926
"pan_cancer","NCOR1","per_event_pairwise","WGD_vs_Classic","CI_M",NA,NA,NA,NA,37,0,8,NA,NA
"pan_cancer","NCOR1","per_event_pairwise","WGD_vs_Classic","M",1,Inf,0.00555954391891892,Inf,37,0,8,1,1
"pan_cancer","NCOR1","per_event_pairwise","WGD_vs_Classic","WT",0.000251562033214122,29.0488524032743,3.49106739318636,420.496208285513,37,0,8,0.00208281683328213,0.00319661654326631
"pan_cancer","NCOR2","per_event_HM_vs_rest","HM_vs_rest","CNA_driver",NA,NA,NA,NA,64,19,8,NA,NA
"pan_cancer","NCOR2","per_event_HM_vs_rest","HM_vs_rest","CI_M",NA,NA,NA,NA,64,19,8,NA,NA
"pan_cancer","NCOR2","per_event_HM_vs_rest","HM_vs_rest","M",NA,NA,NA,NA,64,19,8,NA,NA
"pan_cancer","NCOR2","per_event_HM_vs_rest","HM_vs_rest","WT",NA,NA,NA,NA,64,19,8,NA,NA
"pan_cancer","NCOR2","per_event_pairwise","HM_vs_Classic","CNA_driver",NA,NA,NA,NA,64,19,8,NA,NA
"pan_cancer","NCOR2","per_event_pairwise","HM_vs_Classic","CI_M",NA,NA,NA,NA,64,19,8,NA,NA
"pan_cancer","NCOR2","per_event_pairwise","HM_vs_Classic","M",NA,NA,NA,NA,64,19,8,NA,NA
"pan_cancer","NCOR2","per_event_pairwise","HM_vs_Classic","WT",NA,NA,NA,NA,64,19,8,NA,NA
"pan_cancer","NCOR2","per_event_pairwise","HM_vs_WGD","CNA_driver",NA,NA,NA,NA,64,19,8,NA,NA
"pan_cancer","NCOR2","per_event_pairwise","HM_vs_WGD","CI_M",NA,NA,NA,NA,64,19,8,NA,NA
"pan_cancer","NCOR2","per_event_pairwise","HM_vs_WGD","M",NA,NA,NA,NA,64,19,8,NA,NA
"pan_cancer","NCOR2","per_event_pairwise","HM_vs_WGD","WT",NA,NA,NA,NA,64,19,8,NA,NA
"pan_cancer","NCOR2","per_event_pairwise","WGD_vs_Classic","CNA_driver",NA,NA,NA,NA,64,19,8,NA,NA
"pan_cancer","NCOR2","per_event_pairwise","WGD_vs_Classic","CI_M",NA,NA,NA,NA,64,19,8,NA,NA
"pan_cancer","NCOR2","per_event_pairwise","WGD_vs_Classic","M",NA,NA,NA,NA,64,19,8,NA,NA
"pan_cancer","NCOR2","per_event_pairwise","WGD_vs_Classic","WT",NA,NA,NA,NA,64,19,8,NA,NA
"pan_cancer","NF1","global","Classic_vs_HM_vs_WGD",NA,0.000499750124937531,NA,NA,NA,90,5,30,0.00165301964402414,0.00281677343146609
"pan_cancer","NF1","pairwise_all_events","HM_vs_Classic",NA,0.19240379810095,NA,NA,NA,90,5,30,0.370110083846965,0.383190883190883
"pan_cancer","NF1","pairwise_all_events","HM_vs_WGD",NA,0.00849575212393803,NA,NA,NA,90,5,30,0.0338217338217338,0.0399851356373095
"pan_cancer","NF1","pairwise_all_events","WGD_vs_Classic",NA,0.000499750124937531,NA,NA,NA,90,5,30,0.00276861569215392,0.00407372071539988
"pan_cancer","NF1","per_event_HM_vs_rest","HM_vs_rest","CNA_driver",0.0122835557858968,12.9501074865356,1.34775504806745,169.370892784903,90,5,30,0.822998237655085,1
"pan_cancer","NF1","per_event_HM_vs_rest","HM_vs_rest","CI_M",NA,NA,NA,NA,90,5,30,NA,NA
"pan_cancer","NF1","per_event_HM_vs_rest","HM_vs_rest","M",1,0,0,10.9648150898035,90,5,30,1,1
"pan_cancer","NF1","per_event_HM_vs_rest","HM_vs_rest","WT",0.0669554838688359,0.169961947889006,0.0135192175878983,1.56906664214613,90,5,30,1,1
"pan_cancer","NF1","per_event_pairwise","HM_vs_Classic","CNA_driver",0.094574780058651,5.61341369018654,0.522590564867903,81.610044745362,90,5,30,0.23898319422513,0.26884258338079
"pan_cancer","NF1","per_event_pairwise","HM_vs_Classic","CI_M",NA,NA,NA,NA,90,5,30,NA,NA
"pan_cancer","NF1","per_event_pairwise","HM_vs_Classic","M",0.31522462357377,0,0,3.75924313694799,90,5,30,0.533769530123625,0.555395765344261
"pan_cancer","NF1","per_event_pairwise","HM_vs_Classic","WT",0.658148303309594,0.592376817710835,0.0435132132391535,5.97271913281283,90,5,30,0.873542293483643,0.900925533801381
"pan_cancer","NF1","per_event_pairwise","HM_vs_WGD","CNA_driver",0.00548807648754406,19.4153213022,1.86876199502692,274.233756656144,90,5,30,0.0295546414124299,0.0363368432701602
"pan_cancer","NF1","per_event_pairwise","HM_vs_WGD","CI_M",NA,NA,NA,NA,90,5,30,NA,NA
"pan_cancer","NF1","per_event_pairwise","HM_vs_WGD","M",1,0,0,32.7702291263439,90,5,30,1,1
"pan_cancer","NF1","per_event_pairwise","HM_vs_WGD","WT",0.0174268891170961,0.08746325819294,0.00655000918676876,0.856890642823112,90,5,30,0.071559163437076,0.0845600591517106
"pan_cancer","NF1","per_event_pairwise","WGD_vs_Classic","CNA_driver",0.0711214980796549,0.289425664141386,0.0701202884681485,1.18910477600624,90,5,30,0.198837549950354,0.226508467301787
"pan_cancer","NF1","per_event_pairwise","WGD_vs_Classic","CI_M",NA,NA,NA,NA,90,5,30,NA,NA
"pan_cancer","NF1","per_event_pairwise","WGD_vs_Classic","M",0.00158984121463008,0.130839293436807,0.026340701738332,0.541064810714548,90,5,30,0.00994786360011392,0.0131580279473989
"pan_cancer","NF1","per_event_pairwise","WGD_vs_Classic","WT",8.77179521653875e-05,6.84973797047745,2.3690470109997,20.7700459153752,90,5,30,0.000861848067144687,0.00133211799136926
"pan_cancer","NF2","global","Classic_vs_HM_vs_WGD",NA,0.355822088955522,NA,NA,NA,83,7,14,0.45001028897316,0.47545192920781
"pan_cancer","NF2","pairwise_all_events","HM_vs_Classic",NA,1,NA,NA,NA,83,7,14,1,1
"pan_cancer","NF2","pairwise_all_events","HM_vs_WGD",NA,1,NA,NA,NA,83,7,14,1,1
"pan_cancer","NF2","pairwise_all_events","WGD_vs_Classic",NA,0.274862568715642,NA,NA,NA,83,7,14,0.4426565786874,0.462112693653173
"pan_cancer","NF2","per_event_HM_vs_rest","HM_vs_rest","CNA_driver",1,0,0,535.911602209946,83,7,14,1,1
"pan_cancer","NF2","per_event_HM_vs_rest","HM_vs_rest","CI_M",NA,NA,NA,NA,83,7,14,NA,NA
"pan_cancer","NF2","per_event_HM_vs_rest","HM_vs_rest","M",1,0,0,535.911602209946,83,7,14,1,1
"pan_cancer","NF2","per_event_HM_vs_rest","HM_vs_rest","WT",1,Inf,0.0128035592307974,Inf,83,7,14,1,1
"pan_cancer","NF2","per_event_pairwise","HM_vs_Classic","CNA_driver",1,0,0,77.9062690200851,83,7,14,1,1
"pan_cancer","NF2","per_event_pairwise","HM_vs_Classic","CI_M",NA,NA,NA,NA,83,7,14,NA,NA
"pan_cancer","NF2","per_event_pairwise","HM_vs_Classic","M",NA,NA,NA,NA,83,7,14,NA,NA
"pan_cancer","NF2","per_event_pairwise","HM_vs_Classic","WT",1,Inf,0.0128359375,Inf,83,7,14,1,1
"pan_cancer","NF2","per_event_pairwise","HM_vs_WGD","CNA_driver",NA,NA,NA,NA,83,7,14,NA,NA
"pan_cancer","NF2","per_event_pairwise","HM_vs_WGD","CI_M",NA,NA,NA,NA,83,7,14,NA,NA
"pan_cancer","NF2","per_event_pairwise","HM_vs_WGD","M",1,0,0,459.118409680208,83,7,14,1,1
"pan_cancer","NF2","per_event_pairwise","HM_vs_WGD","WT",1,Inf,0.00217808734939758,Inf,83,7,14,1,1
"pan_cancer","NF2","per_event_pairwise","WGD_vs_Classic","CNA_driver",0.144329896907217,0,0,6.57831525204762,83,7,14,0.33926660528084,0.355317045615026
"pan_cancer","NF2","per_event_pairwise","WGD_vs_Classic","CI_M",NA,NA,NA,NA,83,7,14,NA,NA
"pan_cancer","NF2","per_event_pairwise","WGD_vs_Classic","M",1,Inf,0.00434054969879519,Inf,83,7,14,1,1
"pan_cancer","NF2","per_event_pairwise","WGD_vs_Classic","WT",0.269115120274914,6.11520940718914,0.0746550700619644,498.675286370531,83,7,14,0.475296821141325,0.497742400968207
"pan_cancer","NFATC2","per_event_HM_vs_rest","HM_vs_rest","CNA_driver",NA,NA,NA,NA,37,3,10,NA,NA
"pan_cancer","NFATC2","per_event_HM_vs_rest","HM_vs_rest","CI_M",NA,NA,NA,NA,37,3,10,NA,NA
"pan_cancer","NFATC2","per_event_HM_vs_rest","HM_vs_rest","M",NA,NA,NA,NA,37,3,10,NA,NA
"pan_cancer","NFATC2","per_event_HM_vs_rest","HM_vs_rest","WT",NA,NA,NA,NA,37,3,10,NA,NA
"pan_cancer","NFATC2","per_event_pairwise","HM_vs_Classic","CNA_driver",NA,NA,NA,NA,37,3,10,NA,NA
"pan_cancer","NFATC2","per_event_pairwise","HM_vs_Classic","CI_M",NA,NA,NA,NA,37,3,10,NA,NA
"pan_cancer","NFATC2","per_event_pairwise","HM_vs_Classic","M",NA,NA,NA,NA,37,3,10,NA,NA
"pan_cancer","NFATC2","per_event_pairwise","HM_vs_Classic","WT",NA,NA,NA,NA,37,3,10,NA,NA
"pan_cancer","NFATC2","per_event_pairwise","HM_vs_WGD","CNA_driver",NA,NA,NA,NA,37,3,10,NA,NA
"pan_cancer","NFATC2","per_event_pairwise","HM_vs_WGD","CI_M",NA,NA,NA,NA,37,3,10,NA,NA
"pan_cancer","NFATC2","per_event_pairwise","HM_vs_WGD","M",NA,NA,NA,NA,37,3,10,NA,NA
"pan_cancer","NFATC2","per_event_pairwise","HM_vs_WGD","WT",NA,NA,NA,NA,37,3,10,NA,NA
"pan_cancer","NFATC2","per_event_pairwise","WGD_vs_Classic","CNA_driver",NA,NA,NA,NA,37,3,10,NA,NA
"pan_cancer","NFATC2","per_event_pairwise","WGD_vs_Classic","CI_M",NA,NA,NA,NA,37,3,10,NA,NA
"pan_cancer","NFATC2","per_event_pairwise","WGD_vs_Classic","M",NA,NA,NA,NA,37,3,10,NA,NA
"pan_cancer","NFATC2","per_event_pairwise","WGD_vs_Classic","WT",NA,NA,NA,NA,37,3,10,NA,NA
"pan_cancer","NFE2L2","global","Classic_vs_HM_vs_WGD",NA,0.000499750124937531,NA,NA,NA,45,6,10,0.00165301964402414,0.00281677343146609
"pan_cancer","NFE2L2","pairwise_all_events","HM_vs_Classic",NA,0.145104895104895,NA,NA,NA,45,6,10,0.304500423818606,0.316058435491634
"pan_cancer","NFE2L2","pairwise_all_events","HM_vs_WGD",NA,0.117647058823529,NA,NA,NA,45,6,10,0.252369968861723,0.272819472616633
"pan_cancer","NFE2L2","pairwise_all_events","WGD_vs_Classic",NA,7.24395840933022e-06,NA,NA,NA,45,6,10,0.000324226852091596,0.000629725799369238
"pan_cancer","NFE2L2","per_event_HM_vs_rest","HM_vs_rest","CNA_driver",NA,NA,NA,NA,45,6,10,NA,NA
"pan_cancer","NFE2L2","per_event_HM_vs_rest","HM_vs_rest","CI_M",NA,NA,NA,NA,45,6,10,NA,NA
"pan_cancer","NFE2L2","per_event_HM_vs_rest","HM_vs_rest","M",0.534858316662876,1.61814316585537,0.0296497230010445,18.7546423686182,45,6,10,1,1
"pan_cancer","NFE2L2","per_event_HM_vs_rest","HM_vs_rest","WT",0.534858316662876,0.617992289620051,0.0533201316423543,33.7271279048634,45,6,10,1,1
"pan_cancer","NFE2L2","per_event_pairwise","HM_vs_Classic","CNA_driver",NA,NA,NA,NA,45,6,10,NA,NA
"pan_cancer","NFE2L2","per_event_pairwise","HM_vs_Classic","CI_M",NA,NA,NA,NA,45,6,10,NA,NA
"pan_cancer","NFE2L2","per_event_pairwise","HM_vs_Classic","M",0.145104895104895,0.152118255045919,0.00243178241754867,2.14424683586193,45,6,10,0.33926660528084,0.355832276884908
"pan_cancer","NFE2L2","per_event_pairwise","HM_vs_Classic","WT",0.145104895104895,6.57383296763517,0.466364218556969,411.221001017039,45,6,10,0.33926660528084,0.355832276884908
"pan_cancer","NFE2L2","per_event_pairwise","HM_vs_WGD","CNA_driver",NA,NA,NA,NA,45,6,10,NA,NA
"pan_cancer","NFE2L2","per_event_pairwise","HM_vs_WGD","CI_M",NA,NA,NA,NA,45,6,10,NA,NA
"pan_cancer","NFE2L2","per_event_pairwise","HM_vs_WGD","M",0.117647058823529,Inf,0.192307659179688,Inf,45,6,10,0.284169550173011,0.308977035490606
"pan_cancer","NFE2L2","per_event_pairwise","HM_vs_WGD","WT",0.11764705882353,0,0,5.20000089578139,45,6,10,0.284169550173011,0.308977035490606
"pan_cancer","NFE2L2","per_event_pairwise","WGD_vs_Classic","CNA_driver",NA,NA,NA,NA,45,6,10,NA,NA
"pan_cancer","NFE2L2","per_event_pairwise","WGD_vs_Classic","CI_M",NA,NA,NA,NA,45,6,10,NA,NA
"pan_cancer","NFE2L2","per_event_pairwise","WGD_vs_Classic","M",7.24395840933022e-06,0,0,0.115590254377306,45,6,10,0.000110680945928604,0.000198106514759509
"pan_cancer","NFE2L2","per_event_pairwise","WGD_vs_Classic","WT",7.24395840933021e-06,Inf,8.65124837199368,Inf,45,6,10,0.000110680945928604,0.000198106514759509
"pan_cancer","NFKBIE","global","Classic_vs_WGD",NA,0.496732026143791,NA,NA,NA,7,0,11,0.593318809005083,0.608643984603064
"pan_cancer","NFKBIE","pairwise_all_events","WGD_vs_Classic",NA,0.496732026143791,NA,NA,NA,7,0,11,0.684551100705622,0.686996992455937
"pan_cancer","NFKBIE","per_event_pairwise","WGD_vs_Classic","CNA_driver",NA,NA,NA,NA,7,0,11,NA,NA
"pan_cancer","NFKBIE","per_event_pairwise","WGD_vs_Classic","CI_M",NA,NA,NA,NA,7,0,11,NA,NA
"pan_cancer","NFKBIE","per_event_pairwise","WGD_vs_Classic","M",0.496732026143791,0,0,8.43689955150423,7,0,11,0.725228758169935,0.738639348568427
"pan_cancer","NFKBIE","per_event_pairwise","WGD_vs_Classic","WT",0.496732026143791,Inf,0.118526953402178,Inf,7,0,11,0.725228758169935,0.738639348568427
"pan_cancer","NOTCH1","global","Classic_vs_HM_vs_WGD",NA,0.0134932533733133,NA,NA,NA,71,6,17,0.0282942012032086,0.0376838607723165
"pan_cancer","NOTCH1","pairwise_all_events","HM_vs_Classic",NA,1,NA,NA,NA,71,6,17,1,1
"pan_cancer","NOTCH1","pairwise_all_events","HM_vs_WGD",NA,0.21866028708134,NA,NA,NA,71,6,17,0.409249321091427,0.414222656513242
"pan_cancer","NOTCH1","pairwise_all_events","WGD_vs_Classic",NA,0.0117469220762909,NA,NA,NA,71,6,17,0.0431329803799439,0.0512124889935984
"pan_cancer","NOTCH1","per_event_HM_vs_rest","HM_vs_rest","CNA_driver",NA,NA,NA,NA,71,6,17,NA,NA
"pan_cancer","NOTCH1","per_event_HM_vs_rest","HM_vs_rest","CI_M",NA,NA,NA,NA,71,6,17,NA,NA
"pan_cancer","NOTCH1","per_event_HM_vs_rest","HM_vs_rest","M",0.379794915228023,2.69154031365341,0.0496144026055125,30.8963753767724,71,6,17,1,1
"pan_cancer","NOTCH1","per_event_HM_vs_rest","HM_vs_rest","WT",0.379794915228023,0.371534468544754,0.032366256164527,20.1554376851227,71,6,17,1,1
"pan_cancer","NOTCH1","per_event_pairwise","HM_vs_Classic","CNA_driver",NA,NA,NA,NA,71,6,17,NA,NA
"pan_cancer","NOTCH1","per_event_pairwise","HM_vs_Classic","CI_M",NA,NA,NA,NA,71,6,17,NA,NA
"pan_cancer","NOTCH1","per_event_pairwise","HM_vs_Classic","M",1,0.661522302094364,0.011029966437128,9.31872360066182,71,6,17,1,1
"pan_cancer","NOTCH1","per_event_pairwise","HM_vs_Classic","WT",1,1.51166483251437,0.107310833849496,90.6621072421309,71,6,17,1,1
"pan_cancer","NOTCH1","per_event_pairwise","HM_vs_WGD","CNA_driver",NA,NA,NA,NA,71,6,17,NA,NA
"pan_cancer","NOTCH1","per_event_pairwise","HM_vs_WGD","CI_M",NA,NA,NA,NA,71,6,17,NA,NA
"pan_cancer","NOTCH1","per_event_pairwise","HM_vs_WGD","M",0.21866028708134,6.56168508503423,0.0976087972829916,148.203778116143,71,6,17,0.439326631842325,0.451682497780502
"pan_cancer","NOTCH1","per_event_pairwise","HM_vs_WGD","WT",0.21866028708134,0.152399877019515,0.00674746631098924,10.2449781970037,71,6,17,0.439326631842325,0.451682497780502
"pan_cancer","NOTCH1","per_event_pairwise","WGD_vs_Classic","CNA_driver",NA,NA,NA,NA,71,6,17,NA,NA
"pan_cancer","NOTCH1","per_event_pairwise","WGD_vs_Classic","CI_M",NA,NA,NA,NA,71,6,17,NA,NA
"pan_cancer","NOTCH1","per_event_pairwise","WGD_vs_Classic","M",0.0117469220762909,0.0981408246584635,0.00808699577355698,0.763523989245829,71,6,17,0.0547356581852703,0.0636966722929911
"pan_cancer","NOTCH1","per_event_pairwise","WGD_vs_Classic","WT",0.0117469220762909,10.1894395475079,1.30971654340258,123.655313790299,71,6,17,0.0547356581852703,0.0636966722929911
"pan_cancer","NOTCH2","global","Classic_vs_WGD",NA,0.0224887556221889,NA,NA,NA,58,1,11,0.0420441952936575,0.0553294781180838
"pan_cancer","NOTCH2","pairwise_all_events","WGD_vs_Classic",NA,0.0119940029985007,NA,NA,NA,58,1,11,0.0431329803799439,0.0512124889935984
"pan_cancer","NOTCH2","per_event_pairwise","WGD_vs_Classic","CNA_driver",0.411077604305837,0.364359297115123,0.0173714275087667,23.1566722399171,58,1,11,0.6415154062445,0.669864800798889
"pan_cancer","NOTCH2","per_event_pairwise","WGD_vs_Classic","CI_M",NA,NA,NA,NA,58,1,11,NA,NA
"pan_cancer","NOTCH2","per_event_pairwise","WGD_vs_Classic","M",0.0260129609673451,0.100938017826616,0.00735199942775453,1.01760292798914,58,1,11,0.0965565839296367,0.113232888916678
"pan_cancer","NOTCH2","per_event_pairwise","WGD_vs_Classic","WT",0.0185431348521619,7.35915070165817,1.11343485518301,50.129805797984,58,1,11,0.0752027135671009,0.0869951626905982
"pan_cancer","NPM1","per_event_HM_vs_rest","HM_vs_rest","CNA_driver",NA,NA,NA,NA,23,9,15,NA,NA
"pan_cancer","NPM1","per_event_HM_vs_rest","HM_vs_rest","CI_M",NA,NA,NA,NA,23,9,15,NA,NA
"pan_cancer","NPM1","per_event_HM_vs_rest","HM_vs_rest","M",NA,NA,NA,NA,23,9,15,NA,NA
"pan_cancer","NPM1","per_event_HM_vs_rest","HM_vs_rest","WT",NA,NA,NA,NA,23,9,15,NA,NA
"pan_cancer","NPM1","per_event_pairwise","HM_vs_Classic","CNA_driver",NA,NA,NA,NA,23,9,15,NA,NA
"pan_cancer","NPM1","per_event_pairwise","HM_vs_Classic","CI_M",NA,NA,NA,NA,23,9,15,NA,NA
"pan_cancer","NPM1","per_event_pairwise","HM_vs_Classic","M",NA,NA,NA,NA,23,9,15,NA,NA
"pan_cancer","NPM1","per_event_pairwise","HM_vs_Classic","WT",NA,NA,NA,NA,23,9,15,NA,NA
"pan_cancer","NPM1","per_event_pairwise","HM_vs_WGD","CNA_driver",NA,NA,NA,NA,23,9,15,NA,NA
"pan_cancer","NPM1","per_event_pairwise","HM_vs_WGD","CI_M",NA,NA,NA,NA,23,9,15,NA,NA
"pan_cancer","NPM1","per_event_pairwise","HM_vs_WGD","M",NA,NA,NA,NA,23,9,15,NA,NA
"pan_cancer","NPM1","per_event_pairwise","HM_vs_WGD","WT",NA,NA,NA,NA,23,9,15,NA,NA
"pan_cancer","NPM1","per_event_pairwise","WGD_vs_Classic","CNA_driver",NA,NA,NA,NA,23,9,15,NA,NA
"pan_cancer","NPM1","per_event_pairwise","WGD_vs_Classic","CI_M",NA,NA,NA,NA,23,9,15,NA,NA
"pan_cancer","NPM1","per_event_pairwise","WGD_vs_Classic","M",NA,NA,NA,NA,23,9,15,NA,NA
"pan_cancer","NPM1","per_event_pairwise","WGD_vs_Classic","WT",NA,NA,NA,NA,23,9,15,NA,NA
"pan_cancer","NRAS","global","Classic_vs_HM_vs_WGD",NA,0.000499750124937531,NA,NA,NA,81,3,12,0.00165301964402414,0.00281677343146609
"pan_cancer","NRAS","pairwise_all_events","HM_vs_Classic",NA,0.241758241758242,NA,NA,NA,81,3,12,0.425806084299622,0.434115168329457
"pan_cancer","NRAS","pairwise_all_events","HM_vs_WGD",NA,0.232295033793711,NA,NA,NA,81,3,12,0.415603900975244,0.422690131992458
"pan_cancer","NRAS","pairwise_all_events","WGD_vs_Classic",NA,9.35919775830192e-07,NA,NA,NA,81,3,12,6.48124444762408e-05,0.000125881209849161
"pan_cancer","NRAS","per_event_HM_vs_rest","HM_vs_rest","CNA_driver",NA,NA,NA,NA,81,3,12,NA,NA
"pan_cancer","NRAS","per_event_HM_vs_rest","HM_vs_rest","CI_M",NA,NA,NA,NA,81,3,12,NA,NA
"pan_cancer","NRAS","per_event_HM_vs_rest","HM_vs_rest","M",0.424972004479283,2.56637765076797,0.0413413254487768,52.262273502486,81,3,12,1,1
"pan_cancer","NRAS","per_event_HM_vs_rest","HM_vs_rest","WT",0.424972004479283,0.389654266082296,0.0191342613511146,24.1888712842318,81,3,12,1,1
"pan_cancer","NRAS","per_event_pairwise","HM_vs_Classic","CNA_driver",NA,NA,NA,NA,81,3,12,NA,NA
"pan_cancer","NRAS","per_event_pairwise","HM_vs_Classic","CI_M",NA,NA,NA,NA,81,3,12,NA,NA
"pan_cancer","NRAS","per_event_pairwise","HM_vs_Classic","M",0.241758241758242,0.192088573339716,0.00255823731478065,4.89712485101537,81,3,12,0.453768453768454,0.472821235611933
"pan_cancer","NRAS","per_event_pairwise","HM_vs_Classic","WT",0.241758241758242,5.20668849462578,0.204201450937617,390.89414974222,81,3,12,0.453768453768454,0.472821235611933
"pan_cancer","NRAS","per_event_pairwise","HM_vs_WGD","CNA_driver",NA,NA,NA,NA,81,3,12,NA,NA
"pan_cancer","NRAS","per_event_pairwise","HM_vs_WGD","CI_M",NA,NA,NA,NA,81,3,12,NA,NA
"pan_cancer","NRAS","per_event_pairwise","HM_vs_WGD","M",0.232295033793711,5.99281266735757,0.0909211561075092,131.790873788622,81,3,12,0.442871587462083,0.461036054703688
"pan_cancer","NRAS","per_event_pairwise","HM_vs_WGD","WT",0.232295033793712,0.166866554238702,0.00758777881391002,10.998540304718,81,3,12,0.442871587462083,0.461036054703688
"pan_cancer","NRAS","per_event_pairwise","WGD_vs_Classic","CNA_driver",NA,NA,NA,NA,81,3,12,NA,NA
"pan_cancer","NRAS","per_event_pairwise","WGD_vs_Classic","CI_M",NA,NA,NA,NA,81,3,12,NA,NA
"pan_cancer","NRAS","per_event_pairwise","WGD_vs_Classic","M",9.35919775830194e-07,0.0290745369092098,0.00396901388858863,0.152377612257765,81,3,12,1.9835461055498e-05,3.46290317057172e-05
"pan_cancer","NRAS","per_event_pairwise","WGD_vs_Classic","WT",9.35919775830193e-07,34.3943569289744,6.56264385025525,251.951751258695,81,3,12,1.9835461055498e-05,3.46290317057172e-05
"pan_cancer","NRG1","per_event_HM_vs_rest","HM_vs_rest","CNA_driver",NA,NA,NA,NA,10,6,4,NA,NA
"pan_cancer","NRG1","per_event_HM_vs_rest","HM_vs_rest","CI_M",NA,NA,NA,NA,10,6,4,NA,NA
"pan_cancer","NRG1","per_event_HM_vs_rest","HM_vs_rest","M",NA,NA,NA,NA,10,6,4,NA,NA
"pan_cancer","NRG1","per_event_HM_vs_rest","HM_vs_rest","WT",NA,NA,NA,NA,10,6,4,NA,NA
"pan_cancer","NRG1","per_event_pairwise","HM_vs_Classic","CNA_driver",NA,NA,NA,NA,10,6,4,NA,NA
"pan_cancer","NRG1","per_event_pairwise","HM_vs_Classic","CI_M",NA,NA,NA,NA,10,6,4,NA,NA
"pan_cancer","NRG1","per_event_pairwise","HM_vs_Classic","M",NA,NA,NA,NA,10,6,4,NA,NA
"pan_cancer","NRG1","per_event_pairwise","HM_vs_Classic","WT",NA,NA,NA,NA,10,6,4,NA,NA
"pan_cancer","NRG1","per_event_pairwise","HM_vs_WGD","CNA_driver",NA,NA,NA,NA,10,6,4,NA,NA
"pan_cancer","NRG1","per_event_pairwise","HM_vs_WGD","CI_M",NA,NA,NA,NA,10,6,4,NA,NA
"pan_cancer","NRG1","per_event_pairwise","HM_vs_WGD","M",NA,NA,NA,NA,10,6,4,NA,NA
"pan_cancer","NRG1","per_event_pairwise","HM_vs_WGD","WT",NA,NA,NA,NA,10,6,4,NA,NA
"pan_cancer","NRG1","per_event_pairwise","WGD_vs_Classic","CNA_driver",NA,NA,NA,NA,10,6,4,NA,NA
"pan_cancer","NRG1","per_event_pairwise","WGD_vs_Classic","CI_M",NA,NA,NA,NA,10,6,4,NA,NA
"pan_cancer","NRG1","per_event_pairwise","WGD_vs_Classic","M",NA,NA,NA,NA,10,6,4,NA,NA
"pan_cancer","NRG1","per_event_pairwise","WGD_vs_Classic","WT",NA,NA,NA,NA,10,6,4,NA,NA
"pan_cancer","NSD1","per_event_HM_vs_rest","HM_vs_rest","CNA_driver",NA,NA,NA,NA,31,3,6,NA,NA
"pan_cancer","NSD1","per_event_HM_vs_rest","HM_vs_rest","CI_M",NA,NA,NA,NA,31,3,6,NA,NA
"pan_cancer","NSD1","per_event_HM_vs_rest","HM_vs_rest","M",NA,NA,NA,NA,31,3,6,NA,NA
"pan_cancer","NSD1","per_event_HM_vs_rest","HM_vs_rest","WT",NA,NA,NA,NA,31,3,6,NA,NA
"pan_cancer","NSD1","per_event_pairwise","HM_vs_Classic","CNA_driver",NA,NA,NA,NA,31,3,6,NA,NA
"pan_cancer","NSD1","per_event_pairwise","HM_vs_Classic","CI_M",NA,NA,NA,NA,31,3,6,NA,NA
"pan_cancer","NSD1","per_event_pairwise","HM_vs_Classic","M",NA,NA,NA,NA,31,3,6,NA,NA
"pan_cancer","NSD1","per_event_pairwise","HM_vs_Classic","WT",NA,NA,NA,NA,31,3,6,NA,NA
"pan_cancer","NSD1","per_event_pairwise","HM_vs_WGD","CNA_driver",NA,NA,NA,NA,31,3,6,NA,NA
"pan_cancer","NSD1","per_event_pairwise","HM_vs_WGD","CI_M",NA,NA,NA,NA,31,3,6,NA,NA
"pan_cancer","NSD1","per_event_pairwise","HM_vs_WGD","M",NA,NA,NA,NA,31,3,6,NA,NA
"pan_cancer","NSD1","per_event_pairwise","HM_vs_WGD","WT",NA,NA,NA,NA,31,3,6,NA,NA
"pan_cancer","NSD1","per_event_pairwise","WGD_vs_Classic","CNA_driver",NA,NA,NA,NA,31,3,6,NA,NA
"pan_cancer","NSD1","per_event_pairwise","WGD_vs_Classic","CI_M",NA,NA,NA,NA,31,3,6,NA,NA
"pan_cancer","NSD1","per_event_pairwise","WGD_vs_Classic","M",NA,NA,NA,NA,31,3,6,NA,NA
"pan_cancer","NSD1","per_event_pairwise","WGD_vs_Classic","WT",NA,NA,NA,NA,31,3,6,NA,NA
"pan_cancer","NTRK1","per_event_HM_vs_rest","HM_vs_rest","CNA_driver",NA,NA,NA,NA,9,3,12,NA,NA
"pan_cancer","NTRK1","per_event_HM_vs_rest","HM_vs_rest","CI_M",NA,NA,NA,NA,9,3,12,NA,NA
"pan_cancer","NTRK1","per_event_HM_vs_rest","HM_vs_rest","M",NA,NA,NA,NA,9,3,12,NA,NA
"pan_cancer","NTRK1","per_event_HM_vs_rest","HM_vs_rest","WT",NA,NA,NA,NA,9,3,12,NA,NA
"pan_cancer","NTRK1","per_event_pairwise","HM_vs_Classic","CNA_driver",NA,NA,NA,NA,9,3,12,NA,NA
"pan_cancer","NTRK1","per_event_pairwise","HM_vs_Classic","CI_M",NA,NA,NA,NA,9,3,12,NA,NA
"pan_cancer","NTRK1","per_event_pairwise","HM_vs_Classic","M",NA,NA,NA,NA,9,3,12,NA,NA
"pan_cancer","NTRK1","per_event_pairwise","HM_vs_Classic","WT",NA,NA,NA,NA,9,3,12,NA,NA
"pan_cancer","NTRK1","per_event_pairwise","HM_vs_WGD","CNA_driver",NA,NA,NA,NA,9,3,12,NA,NA
"pan_cancer","NTRK1","per_event_pairwise","HM_vs_WGD","CI_M",NA,NA,NA,NA,9,3,12,NA,NA
"pan_cancer","NTRK1","per_event_pairwise","HM_vs_WGD","M",NA,NA,NA,NA,9,3,12,NA,NA
"pan_cancer","NTRK1","per_event_pairwise","HM_vs_WGD","WT",NA,NA,NA,NA,9,3,12,NA,NA
"pan_cancer","NTRK1","per_event_pairwise","WGD_vs_Classic","CNA_driver",NA,NA,NA,NA,9,3,12,NA,NA
"pan_cancer","NTRK1","per_event_pairwise","WGD_vs_Classic","CI_M",NA,NA,NA,NA,9,3,12,NA,NA
"pan_cancer","NTRK1","per_event_pairwise","WGD_vs_Classic","M",NA,NA,NA,NA,9,3,12,NA,NA
"pan_cancer","NTRK1","per_event_pairwise","WGD_vs_Classic","WT",NA,NA,NA,NA,9,3,12,NA,NA
"pan_cancer","NTRK2","per_event_pairwise","WGD_vs_Classic","CNA_driver",NA,NA,NA,NA,5,0,5,NA,NA
"pan_cancer","NTRK2","per_event_pairwise","WGD_vs_Classic","CI_M",NA,NA,NA,NA,5,0,5,NA,NA
"pan_cancer","NTRK2","per_event_pairwise","WGD_vs_Classic","M",NA,NA,NA,NA,5,0,5,NA,NA
"pan_cancer","NTRK2","per_event_pairwise","WGD_vs_Classic","WT",NA,NA,NA,NA,5,0,5,NA,NA
"pan_cancer","NUMA1","per_event_HM_vs_rest","HM_vs_rest","CNA_driver",NA,NA,NA,NA,22,4,1,NA,NA
"pan_cancer","NUMA1","per_event_HM_vs_rest","HM_vs_rest","CI_M",NA,NA,NA,NA,22,4,1,NA,NA
"pan_cancer","NUMA1","per_event_HM_vs_rest","HM_vs_rest","M",NA,NA,NA,NA,22,4,1,NA,NA
"pan_cancer","NUMA1","per_event_HM_vs_rest","HM_vs_rest","WT",NA,NA,NA,NA,22,4,1,NA,NA
"pan_cancer","NUMA1","per_event_pairwise","HM_vs_WGD","CNA_driver",NA,NA,NA,NA,22,4,1,NA,NA
"pan_cancer","NUMA1","per_event_pairwise","HM_vs_WGD","CI_M",NA,NA,NA,NA,22,4,1,NA,NA
"pan_cancer","NUMA1","per_event_pairwise","HM_vs_WGD","M",NA,NA,NA,NA,22,4,1,NA,NA
"pan_cancer","NUMA1","per_event_pairwise","HM_vs_WGD","WT",NA,NA,NA,NA,22,4,1,NA,NA
"pan_cancer","NUTM1","per_event_HM_vs_rest","HM_vs_rest","CNA_driver",NA,NA,NA,NA,34,3,2,NA,NA
"pan_cancer","NUTM1","per_event_HM_vs_rest","HM_vs_rest","CI_M",NA,NA,NA,NA,34,3,2,NA,NA
"pan_cancer","NUTM1","per_event_HM_vs_rest","HM_vs_rest","M",NA,NA,NA,NA,34,3,2,NA,NA
"pan_cancer","NUTM1","per_event_HM_vs_rest","HM_vs_rest","WT",NA,NA,NA,NA,34,3,2,NA,NA
"pan_cancer","NUTM1","per_event_pairwise","HM_vs_WGD","CNA_driver",NA,NA,NA,NA,34,3,2,NA,NA
"pan_cancer","NUTM1","per_event_pairwise","HM_vs_WGD","CI_M",NA,NA,NA,NA,34,3,2,NA,NA
"pan_cancer","NUTM1","per_event_pairwise","HM_vs_WGD","M",NA,NA,NA,NA,34,3,2,NA,NA
"pan_cancer","NUTM1","per_event_pairwise","HM_vs_WGD","WT",NA,NA,NA,NA,34,3,2,NA,NA
"pan_cancer","PABPC1","per_event_HM_vs_rest","HM_vs_rest","CNA_driver",NA,NA,NA,NA,16,5,31,NA,NA
"pan_cancer","PABPC1","per_event_HM_vs_rest","HM_vs_rest","CI_M",NA,NA,NA,NA,16,5,31,NA,NA
"pan_cancer","PABPC1","per_event_HM_vs_rest","HM_vs_rest","M",NA,NA,NA,NA,16,5,31,NA,NA
"pan_cancer","PABPC1","per_event_HM_vs_rest","HM_vs_rest","WT",NA,NA,NA,NA,16,5,31,NA,NA
"pan_cancer","PABPC1","per_event_pairwise","HM_vs_Classic","CNA_driver",NA,NA,NA,NA,16,5,31,NA,NA
"pan_cancer","PABPC1","per_event_pairwise","HM_vs_Classic","CI_M",NA,NA,NA,NA,16,5,31,NA,NA
"pan_cancer","PABPC1","per_event_pairwise","HM_vs_Classic","M",NA,NA,NA,NA,16,5,31,NA,NA
"pan_cancer","PABPC1","per_event_pairwise","HM_vs_Classic","WT",NA,NA,NA,NA,16,5,31,NA,NA
"pan_cancer","PABPC1","per_event_pairwise","HM_vs_WGD","CNA_driver",NA,NA,NA,NA,16,5,31,NA,NA
"pan_cancer","PABPC1","per_event_pairwise","HM_vs_WGD","CI_M",NA,NA,NA,NA,16,5,31,NA,NA
"pan_cancer","PABPC1","per_event_pairwise","HM_vs_WGD","M",NA,NA,NA,NA,16,5,31,NA,NA
"pan_cancer","PABPC1","per_event_pairwise","HM_vs_WGD","WT",NA,NA,NA,NA,16,5,31,NA,NA
"pan_cancer","PABPC1","per_event_pairwise","WGD_vs_Classic","CNA_driver",NA,NA,NA,NA,16,5,31,NA,NA
"pan_cancer","PABPC1","per_event_pairwise","WGD_vs_Classic","CI_M",NA,NA,NA,NA,16,5,31,NA,NA
"pan_cancer","PABPC1","per_event_pairwise","WGD_vs_Classic","M",NA,NA,NA,NA,16,5,31,NA,NA
"pan_cancer","PABPC1","per_event_pairwise","WGD_vs_Classic","WT",NA,NA,NA,NA,16,5,31,NA,NA
"pan_cancer","PBRM1","global","Classic_vs_HM_vs_WGD",NA,0.000499750124937531,NA,NA,NA,46,6,26,0.00165301964402414,0.00281677343146609
"pan_cancer","PBRM1","pairwise_all_events","HM_vs_Classic",NA,0.0174912543728136,NA,NA,NA,46,6,26,0.0576794935865401,0.0681905424099544
"pan_cancer","PBRM1","pairwise_all_events","HM_vs_WGD",NA,0.0719640179910045,NA,NA,NA,46,6,26,0.174859938451827,0.198546880405951
"pan_cancer","PBRM1","pairwise_all_events","WGD_vs_Classic",NA,0.000499750124937531,NA,NA,NA,46,6,26,0.00276861569215392,0.00407372071539988
"pan_cancer","PBRM1","per_event_HM_vs_rest","HM_vs_rest","CNA_driver",0.337241989873569,3.31858580885995,0.0576365980559523,44.0115700141724,46,6,26,1,1
"pan_cancer","PBRM1","per_event_HM_vs_rest","HM_vs_rest","CI_M",NA,NA,NA,NA,46,6,26,NA,NA
"pan_cancer","PBRM1","per_event_HM_vs_rest","HM_vs_rest","M",0.660172341931535,0.430043408037241,0.00864334406233269,4.16952327636882,46,6,26,1,1
"pan_cancer","PBRM1","per_event_HM_vs_rest","HM_vs_rest","WT",1,1.1972277054011,0.159098618758558,14.0770389633538,46,6,26,1,1
"pan_cancer","PBRM1","per_event_pairwise","HM_vs_Classic","CNA_driver",1,1.0966725018779,0.018651588622098,15.0021268491521,46,6,26,1,1
"pan_cancer","PBRM1","per_event_pairwise","HM_vs_Classic","CI_M",NA,NA,NA,NA,46,6,26,NA,NA
"pan_cancer","PBRM1","per_event_pairwise","HM_vs_Classic","M",0.0288779861221463,0.0964000551627659,0.00178979912623985,1.05572395433069,46,6,26,0.10424635649588,0.121500021878462
"pan_cancer","PBRM1","per_event_pairwise","HM_vs_Classic","WT",0.0228340131009764,9.86756021116075,1.03615206246388,145.218998393818,46,6,26,0.087379819366743,0.102278907810218
"pan_cancer","PBRM1","per_event_pairwise","HM_vs_WGD","CNA_driver",0.115384615384615,Inf,0.196581164515399,Inf,46,6,26,0.281812982556477,0.306231742940604
"pan_cancer","PBRM1","per_event_pairwise","HM_vs_WGD","CI_M",NA,NA,NA,NA,46,6,26,NA,NA
"pan_cancer","PBRM1","per_event_pairwise","HM_vs_WGD","M",0.539906682804054,1.62207374411678,0.0289518585169353,19.9318384872618,46,6,26,0.754720618302689,0.770945070337685
"pan_cancer","PBRM1","per_event_pairwise","HM_vs_WGD","WT",0.179833651955054,0.253585275641384,0.0266869449638579,3.46959504947569,46,6,26,0.391654247391953,0.403983453856174
"pan_cancer","PBRM1","per_event_pairwise","WGD_vs_Classic","CNA_driver",0.0145316342499441,0,0,0.80183661925985,46,6,26,0.0624780224679502,0.0744044430615649
"pan_cancer","PBRM1","per_event_pairwise","WGD_vs_Classic","CI_M",NA,NA,NA,NA,46,6,26,NA,NA
"pan_cancer","PBRM1","per_event_pairwise","WGD_vs_Classic","M",5.78427878362802e-07,0.0574573429672858,0.0126160893069802,0.215927349899697,46,6,26,1.35723970030129e-05,2.50918024476002e-05
"pan_cancer","PBRM1","per_event_pairwise","WGD_vs_Classic","WT",4.45043286996681e-10,41.003369581548,9.40909548163163,239.044050934618,46,6,26,1.82745899723012e-08,3.29332032377544e-08
"pan_cancer","PDCD1LG2","per_event_HM_vs_rest","HM_vs_rest","CNA_driver",NA,NA,NA,NA,17,3,3,NA,NA
"pan_cancer","PDCD1LG2","per_event_HM_vs_rest","HM_vs_rest","CI_M",NA,NA,NA,NA,17,3,3,NA,NA
"pan_cancer","PDCD1LG2","per_event_HM_vs_rest","HM_vs_rest","M",NA,NA,NA,NA,17,3,3,NA,NA
"pan_cancer","PDCD1LG2","per_event_HM_vs_rest","HM_vs_rest","WT",NA,NA,NA,NA,17,3,3,NA,NA
"pan_cancer","PDCD1LG2","per_event_pairwise","HM_vs_Classic","CNA_driver",NA,NA,NA,NA,17,3,3,NA,NA
"pan_cancer","PDCD1LG2","per_event_pairwise","HM_vs_Classic","CI_M",NA,NA,NA,NA,17,3,3,NA,NA
"pan_cancer","PDCD1LG2","per_event_pairwise","HM_vs_Classic","M",NA,NA,NA,NA,17,3,3,NA,NA
"pan_cancer","PDCD1LG2","per_event_pairwise","HM_vs_Classic","WT",NA,NA,NA,NA,17,3,3,NA,NA
"pan_cancer","PDCD1LG2","per_event_pairwise","HM_vs_WGD","CNA_driver",NA,NA,NA,NA,17,3,3,NA,NA
"pan_cancer","PDCD1LG2","per_event_pairwise","HM_vs_WGD","CI_M",NA,NA,NA,NA,17,3,3,NA,NA
"pan_cancer","PDCD1LG2","per_event_pairwise","HM_vs_WGD","M",NA,NA,NA,NA,17,3,3,NA,NA
"pan_cancer","PDCD1LG2","per_event_pairwise","HM_vs_WGD","WT",NA,NA,NA,NA,17,3,3,NA,NA
"pan_cancer","PDCD1LG2","per_event_pairwise","WGD_vs_Classic","CNA_driver",NA,NA,NA,NA,17,3,3,NA,NA
"pan_cancer","PDCD1LG2","per_event_pairwise","WGD_vs_Classic","CI_M",NA,NA,NA,NA,17,3,3,NA,NA
"pan_cancer","PDCD1LG2","per_event_pairwise","WGD_vs_Classic","M",NA,NA,NA,NA,17,3,3,NA,NA
"pan_cancer","PDCD1LG2","per_event_pairwise","WGD_vs_Classic","WT",NA,NA,NA,NA,17,3,3,NA,NA
"pan_cancer","PDS5A","per_event_pairwise","WGD_vs_Classic","CNA_driver",NA,NA,NA,NA,55,2,4,NA,NA
"pan_cancer","PDS5A","per_event_pairwise","WGD_vs_Classic","CI_M",NA,NA,NA,NA,55,2,4,NA,NA
"pan_cancer","PDS5A","per_event_pairwise","WGD_vs_Classic","M",NA,NA,NA,NA,55,2,4,NA,NA
"pan_cancer","PDS5A","per_event_pairwise","WGD_vs_Classic","WT",NA,NA,NA,NA,55,2,4,NA,NA
"pan_cancer","PDS5B","per_event_HM_vs_rest","HM_vs_rest","CNA_driver",NA,NA,NA,NA,50,10,7,NA,NA
"pan_cancer","PDS5B","per_event_HM_vs_rest","HM_vs_rest","CI_M",NA,NA,NA,NA,50,10,7,NA,NA
"pan_cancer","PDS5B","per_event_HM_vs_rest","HM_vs_rest","M",NA,NA,NA,NA,50,10,7,NA,NA
"pan_cancer","PDS5B","per_event_HM_vs_rest","HM_vs_rest","WT",NA,NA,NA,NA,50,10,7,NA,NA
"pan_cancer","PDS5B","per_event_pairwise","HM_vs_Classic","CNA_driver",NA,NA,NA,NA,50,10,7,NA,NA
"pan_cancer","PDS5B","per_event_pairwise","HM_vs_Classic","CI_M",NA,NA,NA,NA,50,10,7,NA,NA
"pan_cancer","PDS5B","per_event_pairwise","HM_vs_Classic","M",NA,NA,NA,NA,50,10,7,NA,NA
"pan_cancer","PDS5B","per_event_pairwise","HM_vs_Classic","WT",NA,NA,NA,NA,50,10,7,NA,NA
"pan_cancer","PDS5B","per_event_pairwise","HM_vs_WGD","CNA_driver",NA,NA,NA,NA,50,10,7,NA,NA
"pan_cancer","PDS5B","per_event_pairwise","HM_vs_WGD","CI_M",NA,NA,NA,NA,50,10,7,NA,NA
"pan_cancer","PDS5B","per_event_pairwise","HM_vs_WGD","M",NA,NA,NA,NA,50,10,7,NA,NA
"pan_cancer","PDS5B","per_event_pairwise","HM_vs_WGD","WT",NA,NA,NA,NA,50,10,7,NA,NA
"pan_cancer","PDS5B","per_event_pairwise","WGD_vs_Classic","CNA_driver",NA,NA,NA,NA,50,10,7,NA,NA
"pan_cancer","PDS5B","per_event_pairwise","WGD_vs_Classic","CI_M",NA,NA,NA,NA,50,10,7,NA,NA
"pan_cancer","PDS5B","per_event_pairwise","WGD_vs_Classic","M",NA,NA,NA,NA,50,10,7,NA,NA
"pan_cancer","PDS5B","per_event_pairwise","WGD_vs_Classic","WT",NA,NA,NA,NA,50,10,7,NA,NA
"pan_cancer","PEG3","per_event_pairwise","WGD_vs_Classic","CNA_driver",NA,NA,NA,NA,37,0,12,NA,NA
"pan_cancer","PEG3","per_event_pairwise","WGD_vs_Classic","CI_M",NA,NA,NA,NA,37,0,12,NA,NA
"pan_cancer","PEG3","per_event_pairwise","WGD_vs_Classic","M",NA,NA,NA,NA,37,0,12,NA,NA
"pan_cancer","PEG3","per_event_pairwise","WGD_vs_Classic","WT",NA,NA,NA,NA,37,0,12,NA,NA
"pan_cancer","PIK3CA","global","Classic_vs_HM_vs_WGD",NA,0.000499750124937531,NA,NA,NA,140,38,49,0.00165301964402414,0.00281677343146609
"pan_cancer","PIK3CA","pairwise_all_events","HM_vs_Classic",NA,0.000499750124937531,NA,NA,NA,140,38,49,0.00276861569215392,0.00407372071539988
"pan_cancer","PIK3CA","pairwise_all_events","HM_vs_WGD",NA,0.188405797101449,NA,NA,NA,140,38,49,0.36752398448663,0.379634152960973
"pan_cancer","PIK3CA","pairwise_all_events","WGD_vs_Classic",NA,0.000499750124937531,NA,NA,NA,140,38,49,0.00276861569215392,0.00407372071539988
"pan_cancer","PIK3CA","per_event_HM_vs_rest","HM_vs_rest","CNA_driver",0.307395423180383,5.02724234516775,0.0630387809796488,399.522731580353,140,38,49,1,1
"pan_cancer","PIK3CA","per_event_HM_vs_rest","HM_vs_rest","CI_M",NA,NA,NA,NA,140,38,49,NA,NA
"pan_cancer","PIK3CA","per_event_HM_vs_rest","HM_vs_rest","M",0.0215937203397468,0.133287146664199,0.00317627199045332,0.854101079759765,140,38,49,0.86806755765782,1
"pan_cancer","PIK3CA","per_event_HM_vs_rest","HM_vs_rest","WT",0.0817505815473496,3.79213374868239,0.896683800567937,34.0871306991967,140,38,49,1,1
"pan_cancer","PIK3CA","per_event_pairwise","HM_vs_Classic","CNA_driver",0.436781609195402,Inf,0.0330631516483033,Inf,140,38,49,0.667361668003208,0.691158823104171
"pan_cancer","PIK3CA","per_event_pairwise","HM_vs_Classic","CI_M",NA,NA,NA,NA,140,38,49,NA,NA
"pan_cancer","PIK3CA","per_event_pairwise","HM_vs_Classic","M",5.54065643450548e-05,0.0439013271720464,0.00100576127567139,0.30747299648208,140,38,49,0.000616984962283067,0.000968075804806651
"pan_cancer","PIK3CA","per_event_pairwise","HM_vs_Classic","WT",0.000278753170239682,11.120319112213,2.37674467016685,106.229003380825,140,38,49,0.00214824126529126,0.00333726667828798
"pan_cancer","PIK3CA","per_event_pairwise","HM_vs_WGD","CNA_driver",0.382339871770456,3.72049845261271,0.0466089615131357,296.217210482513,140,38,49,0.614174317244963,0.637909229028162
"pan_cancer","PIK3CA","per_event_pairwise","HM_vs_WGD","CI_M",NA,NA,NA,NA,140,38,49,NA,NA
"pan_cancer","PIK3CA","per_event_pairwise","HM_vs_WGD","M",0.307031653095167,0.26539693638056,0.00605564243581722,1.87971266876106,140,38,49,0.521239783161563,0.544008196610874
"pan_cancer","PIK3CA","per_event_pairwise","HM_vs_WGD","WT",0.528215716793827,1.99352286282299,0.426312594244931,18.8835057170585,140,38,49,0.745217657878602,0.759067188519243
"pan_cancer","PIK3CA","per_event_pairwise","WGD_vs_Classic","CNA_driver",1,Inf,0.00898984375000001,Inf,140,38,49,1,1
"pan_cancer","PIK3CA","per_event_pairwise","WGD_vs_Classic","CI_M",NA,NA,NA,NA,140,38,49,NA,NA
"pan_cancer","PIK3CA","per_event_pairwise","WGD_vs_Classic","M",9.62273823185364e-06,0.163671557370713,0.0660844800577133,0.392423570194213,140,38,49,0.000134513596134635,0.000237360876385723
"pan_cancer","PIK3CA","per_event_pairwise","WGD_vs_Classic","WT",1.86193072300913e-05,5.63274227100139,2.37959029352629,13.6935251894536,140,38,49,0.000244657697003399,0.000410931377113242
"pan_cancer","PIK3CB","global","Classic_vs_HM_vs_WGD",NA,0.15992003998001,NA,NA,NA,20,10,6,0.22423570823284,0.258204231217724
"pan_cancer","PIK3CB","pairwise_all_events","HM_vs_Classic",NA,0.375,NA,NA,NA,20,10,6,0.567622950819672,0.584782608695652
"pan_cancer","PIK3CB","pairwise_all_events","WGD_vs_Classic",NA,0.230769230769231,NA,NA,NA,20,10,6,0.415603900975244,0.422291993720565
"pan_cancer","PIK3CB","per_event_HM_vs_rest","HM_vs_rest","CNA_driver",NA,NA,NA,NA,20,10,6,NA,NA
"pan_cancer","PIK3CB","per_event_HM_vs_rest","HM_vs_rest","CI_M",NA,NA,NA,NA,20,10,6,NA,NA
"pan_cancer","PIK3CB","per_event_HM_vs_rest","HM_vs_rest","M",1,0,0,101.241177902166,20,10,6,1,1
"pan_cancer","PIK3CB","per_event_HM_vs_rest","HM_vs_rest","WT",1,Inf,0.00987740384615386,Inf,20,10,6,1,1
"pan_cancer","PIK3CB","per_event_pairwise","HM_vs_Classic","CNA_driver",NA,NA,NA,NA,20,10,6,NA,NA
"pan_cancer","PIK3CB","per_event_pairwise","HM_vs_Classic","CI_M",NA,NA,NA,NA,20,10,6,NA,NA
"pan_cancer","PIK3CB","per_event_pairwise","HM_vs_Classic","M",0.375,0,0,23.4001146605618,20,10,6,0.603860294117647,0.628162450066578
"pan_cancer","PIK3CB","per_event_pairwise","HM_vs_Classic","WT",0.375,Inf,0.0427348333333333,Inf,20,10,6,0.603860294117647,0.628162450066578
"pan_cancer","PIK3CB","per_event_pairwise","HM_vs_WGD","CNA_driver",NA,NA,NA,NA,20,10,6,NA,NA
"pan_cancer","PIK3CB","per_event_pairwise","HM_vs_WGD","CI_M",NA,NA,NA,NA,20,10,6,NA,NA
"pan_cancer","PIK3CB","per_event_pairwise","HM_vs_WGD","M",NA,NA,NA,NA,20,10,6,NA,NA
"pan_cancer","PIK3CB","per_event_pairwise","HM_vs_WGD","WT",NA,NA,NA,NA,20,10,6,NA,NA
"pan_cancer","PIK3CB","per_event_pairwise","WGD_vs_Classic","CNA_driver",NA,NA,NA,NA,20,10,6,NA,NA
"pan_cancer","PIK3CB","per_event_pairwise","WGD_vs_Classic","CI_M",NA,NA,NA,NA,20,10,6,NA,NA
"pan_cancer","PIK3CB","per_event_pairwise","WGD_vs_Classic","M",0.230769230769231,0,0,11.7000130813916,20,10,6,0.442871587462083,0.461036054703688
"pan_cancer","PIK3CB","per_event_pairwise","WGD_vs_Classic","WT",0.230769230769231,Inf,0.0854699899088542,Inf,20,10,6,0.442871587462083,0.461036054703688
"pan_cancer","PIK3R1","global","Classic_vs_WGD",NA,7.12655545763786e-06,NA,NA,NA,68,2,7,0.000919325654035284,0.00220923219186774
"pan_cancer","PIK3R1","pairwise_all_events","WGD_vs_Classic",NA,7.12655545763786e-06,NA,NA,NA,68,2,7,0.000324226852091596,0.000629725799369238
"pan_cancer","PIK3R1","per_event_pairwise","WGD_vs_Classic","CNA_driver",NA,NA,NA,NA,68,2,7,NA,NA
"pan_cancer","PIK3R1","per_event_pairwise","WGD_vs_Classic","CI_M",NA,NA,NA,NA,68,2,7,NA,NA
"pan_cancer","PIK3R1","per_event_pairwise","WGD_vs_Classic","M",7.12655545763785e-06,0.00795838923957485,0.000134657143318843,0.105361266209954,68,2,7,0.000110680945928604,0.000198106514759509
"pan_cancer","PIK3R1","per_event_pairwise","WGD_vs_Classic","WT",7.12655545763788e-06,125.653567562048,9.4911539693087,7426.26774453858,68,2,7,0.000110680945928604,0.000198106514759509
"pan_cancer","PIM1","per_event_pairwise","WGD_vs_Classic","CNA_driver",NA,NA,NA,NA,6,0,13,NA,NA
"pan_cancer","PIM1","per_event_pairwise","WGD_vs_Classic","CI_M",NA,NA,NA,NA,6,0,13,NA,NA
"pan_cancer","PIM1","per_event_pairwise","WGD_vs_Classic","M",NA,NA,NA,NA,6,0,13,NA,NA
"pan_cancer","PIM1","per_event_pairwise","WGD_vs_Classic","WT",NA,NA,NA,NA,6,0,13,NA,NA
"pan_cancer","PLAG1","per_event_pairwise","WGD_vs_Classic","CNA_driver",NA,NA,NA,NA,9,1,7,NA,NA
"pan_cancer","PLAG1","per_event_pairwise","WGD_vs_Classic","CI_M",NA,NA,NA,NA,9,1,7,NA,NA
"pan_cancer","PLAG1","per_event_pairwise","WGD_vs_Classic","M",NA,NA,NA,NA,9,1,7,NA,NA
"pan_cancer","PLAG1","per_event_pairwise","WGD_vs_Classic","WT",NA,NA,NA,NA,9,1,7,NA,NA
"pan_cancer","PLK1","per_event_pairwise","WGD_vs_Classic","CNA_driver",NA,NA,NA,NA,13,0,5,NA,NA
"pan_cancer","PLK1","per_event_pairwise","WGD_vs_Classic","CI_M",NA,NA,NA,NA,13,0,5,NA,NA
"pan_cancer","PLK1","per_event_pairwise","WGD_vs_Classic","M",NA,NA,NA,NA,13,0,5,NA,NA
"pan_cancer","PLK1","per_event_pairwise","WGD_vs_Classic","WT",NA,NA,NA,NA,13,0,5,NA,NA
"pan_cancer","PMS2","global","Classic_vs_HM_vs_WGD",NA,1,NA,NA,NA,20,8,19,1,1
"pan_cancer","PMS2","pairwise_all_events","HM_vs_WGD",NA,1,NA,NA,NA,20,8,19,1,1
"pan_cancer","PMS2","pairwise_all_events","WGD_vs_Classic",NA,1,NA,NA,NA,20,8,19,1,1
"pan_cancer","PMS2","per_event_HM_vs_rest","HM_vs_rest","CNA_driver",NA,NA,NA,NA,20,8,19,NA,NA
"pan_cancer","PMS2","per_event_HM_vs_rest","HM_vs_rest","CI_M",NA,NA,NA,NA,20,8,19,NA,NA
"pan_cancer","PMS2","per_event_HM_vs_rest","HM_vs_rest","M",1,0,0,189.564821143768,20,8,19,1,1
"pan_cancer","PMS2","per_event_HM_vs_rest","HM_vs_rest","WT",1,Inf,0.00527524038461541,Inf,20,8,19,1,1
"pan_cancer","PMS2","per_event_pairwise","HM_vs_Classic","CNA_driver",NA,NA,NA,NA,20,8,19,NA,NA
"pan_cancer","PMS2","per_event_pairwise","HM_vs_Classic","CI_M",NA,NA,NA,NA,20,8,19,NA,NA
"pan_cancer","PMS2","per_event_pairwise","HM_vs_Classic","M",NA,NA,NA,NA,20,8,19,NA,NA
"pan_cancer","PMS2","per_event_pairwise","HM_vs_Classic","WT",NA,NA,NA,NA,20,8,19,NA,NA
"pan_cancer","PMS2","per_event_pairwise","HM_vs_WGD","CNA_driver",NA,NA,NA,NA,20,8,19,NA,NA
"pan_cancer","PMS2","per_event_pairwise","HM_vs_WGD","CI_M",NA,NA,NA,NA,20,8,19,NA,NA
"pan_cancer","PMS2","per_event_pairwise","HM_vs_WGD","M",1,0,0,97.3532096136295,20,8,19,1,1
"pan_cancer","PMS2","per_event_pairwise","HM_vs_WGD","WT",1,Inf,0.010271875,Inf,20,8,19,1,1
"pan_cancer","PMS2","per_event_pairwise","WGD_vs_Classic","CNA_driver",NA,NA,NA,NA,20,8,19,NA,NA
"pan_cancer","PMS2","per_event_pairwise","WGD_vs_Classic","CI_M",NA,NA,NA,NA,20,8,19,NA,NA
"pan_cancer","PMS2","per_event_pairwise","WGD_vs_Classic","M",1,Inf,0.0243585927477385,Inf,20,8,19,1,1
"pan_cancer","PMS2","per_event_pairwise","WGD_vs_Classic","WT",1,0,0,41.0532747255213,20,8,19,1,1
"pan_cancer","POLD1","global","Classic_vs_WGD",NA,0.0882352941176471,NA,NA,NA,31,1,3,0.131158558651709,0.166189632456499
"pan_cancer","POLD1","pairwise_all_events","WGD_vs_Classic",NA,0.0882352941176471,NA,NA,NA,31,1,3,0.199205275411075,0.225541257807115
"pan_cancer","POLD1","per_event_pairwise","WGD_vs_Classic","CNA_driver",0.0882352941176471,0,0,3.77419383204688,31,1,3,0.227335640138409,0.25754060324826
"pan_cancer","POLD1","per_event_pairwise","WGD_vs_Classic","CI_M",NA,NA,NA,NA,31,1,3,NA,NA
"pan_cancer","POLD1","per_event_pairwise","WGD_vs_Classic","M",NA,NA,NA,NA,31,1,3,NA,NA
"pan_cancer","POLD1","per_event_pairwise","WGD_vs_Classic","WT",0.0882352941176471,Inf,0.264957245043682,Inf,31,1,3,0.227335640138409,0.25754060324826
"pan_cancer","POT1","per_event_pairwise","WGD_vs_Classic","CNA_driver",NA,NA,NA,NA,10,2,8,NA,NA
"pan_cancer","POT1","per_event_pairwise","WGD_vs_Classic","CI_M",NA,NA,NA,NA,10,2,8,NA,NA
"pan_cancer","POT1","per_event_pairwise","WGD_vs_Classic","M",NA,NA,NA,NA,10,2,8,NA,NA
"pan_cancer","POT1","per_event_pairwise","WGD_vs_Classic","WT",NA,NA,NA,NA,10,2,8,NA,NA
"pan_cancer","PPM1D","global","Classic_vs_HM_vs_WGD",NA,1,NA,NA,NA,9,3,7,1,1
"pan_cancer","PPM1D","pairwise_all_events","HM_vs_WGD",NA,1,NA,NA,NA,9,3,7,1,1
"pan_cancer","PPM1D","pairwise_all_events","WGD_vs_Classic",NA,1,NA,NA,NA,9,3,7,1,1
"pan_cancer","PPM1D","per_event_HM_vs_rest","HM_vs_rest","CNA_driver",1,0,0,207.329418910711,9,3,7,1,1
"pan_cancer","PPM1D","per_event_HM_vs_rest","HM_vs_rest","CI_M",NA,NA,NA,NA,9,3,7,NA,NA
"pan_cancer","PPM1D","per_event_HM_vs_rest","HM_vs_rest","M",NA,NA,NA,NA,9,3,7,NA,NA
"pan_cancer","PPM1D","per_event_HM_vs_rest","HM_vs_rest","WT",1,Inf,0.00482324218750001,Inf,9,3,7,1,1
"pan_cancer","PPM1D","per_event_pairwise","HM_vs_Classic","CNA_driver",NA,NA,NA,NA,9,3,7,NA,NA
"pan_cancer","PPM1D","per_event_pairwise","HM_vs_Classic","CI_M",NA,NA,NA,NA,9,3,7,NA,NA
"pan_cancer","PPM1D","per_event_pairwise","HM_vs_Classic","M",NA,NA,NA,NA,9,3,7,NA,NA
"pan_cancer","PPM1D","per_event_pairwise","HM_vs_Classic","WT",NA,NA,NA,NA,9,3,7,NA,NA
"pan_cancer","PPM1D","per_event_pairwise","HM_vs_WGD","CNA_driver",1,0,0,116.788321167883,9,3,7,1,1
"pan_cancer","PPM1D","per_event_pairwise","HM_vs_WGD","CI_M",NA,NA,NA,NA,9,3,7,NA,NA
"pan_cancer","PPM1D","per_event_pairwise","HM_vs_WGD","M",NA,NA,NA,NA,9,3,7,NA,NA
"pan_cancer","PPM1D","per_event_pairwise","HM_vs_WGD","WT",1,Inf,0.00856250000000001,Inf,9,3,7,1,1
"pan_cancer","PPM1D","per_event_pairwise","WGD_vs_Classic","CNA_driver",1,Inf,0.0199583333333334,Inf,9,3,7,1,1
"pan_cancer","PPM1D","per_event_pairwise","WGD_vs_Classic","CI_M",NA,NA,NA,NA,9,3,7,NA,NA
"pan_cancer","PPM1D","per_event_pairwise","WGD_vs_Classic","M",NA,NA,NA,NA,9,3,7,NA,NA
"pan_cancer","PPM1D","per_event_pairwise","WGD_vs_Classic","WT",1,0,0,50.1043841336113,9,3,7,1,1
"pan_cancer","PPP6C","global","Classic_vs_HM_vs_WGD",NA,0.0139930034982509,NA,NA,NA,14,3,4,0.0282942012032086,0.038171967351534
"pan_cancer","PPP6C","pairwise_all_events","HM_vs_Classic",NA,0.43728135932034,NA,NA,NA,14,3,4,0.627600707418312,0.639286335093323
"pan_cancer","PPP6C","pairwise_all_events","HM_vs_WGD",NA,0.176470588235294,NA,NA,NA,14,3,4,0.351671603893356,0.365158371040724
"pan_cancer","PPP6C","pairwise_all_events","WGD_vs_Classic",NA,0.0392156862745098,NA,NA,NA,14,3,4,0.113458819985169,0.128211817844743
"pan_cancer","PPP6C","per_event_HM_vs_rest","HM_vs_rest","CNA_driver",0.142857142857143,Inf,0.153846108398438,Inf,14,3,4,1,1
"pan_cancer","PPP6C","per_event_HM_vs_rest","HM_vs_rest","CI_M",NA,NA,NA,NA,14,3,4,NA,NA
"pan_cancer","PPP6C","per_event_HM_vs_rest","HM_vs_rest","M",1,0,0,36.49575315702,14,3,4,1,1
"pan_cancer","PPP6C","per_event_HM_vs_rest","HM_vs_rest","WT",0.386466165413534,0.274059972975786,0.00901819160332166,22.0546537378657,14,3,4,1,1
"pan_cancer","PPP6C","per_event_pairwise","HM_vs_Classic","CNA_driver",0.428571428571428,Inf,0.0341877677408855,Inf,14,3,4,0.656343656343657,0.67902123065851
"pan_cancer","PPP6C","per_event_pairwise","HM_vs_Classic","CI_M",NA,NA,NA,NA,14,3,4,NA,NA
"pan_cancer","PPP6C","per_event_pairwise","HM_vs_Classic","M",0.428571428571429,0,0,7.05623784817769,14,3,4,0.656343656343657,0.67902123065851
"pan_cancer","PPP6C","per_event_pairwise","HM_vs_Classic","WT",1,1.81006783468205,0.0469432018013122,175.846209532002,14,3,4,1,1
"pan_cancer","PPP6C","per_event_pairwise","HM_vs_WGD","CNA_driver",0.176470588235294,Inf,0.11965805640811,Inf,14,3,4,0.387610619469027,0.402173913043478
"pan_cancer","PPP6C","per_event_pairwise","HM_vs_WGD","CI_M",NA,NA,NA,NA,14,3,4,NA,NA
"pan_cancer","PPP6C","per_event_pairwise","HM_vs_WGD","M",NA,NA,NA,NA,14,3,4,NA,NA
"pan_cancer","PPP6C","per_event_pairwise","HM_vs_WGD","WT",0.176470588235294,0,0,8.35714727464203,14,3,4,0.387610619469027,0.402173913043478
"pan_cancer","PPP6C","per_event_pairwise","WGD_vs_Classic","CNA_driver",NA,NA,NA,NA,14,3,4,NA,NA
"pan_cancer","PPP6C","per_event_pairwise","WGD_vs_Classic","CI_M",NA,NA,NA,NA,14,3,4,NA,NA
"pan_cancer","PPP6C","per_event_pairwise","WGD_vs_Classic","M",0.0392156862745098,0,0,1.3251286584318,14,3,4,0.129820123979184,0.15127341626612
"pan_cancer","PPP6C","per_event_pairwise","WGD_vs_Classic","WT",0.0392156862745098,Inf,0.75464370469765,Inf,14,3,4,0.129820123979184,0.15127341626612
"pan_cancer","PREX2","per_event_HM_vs_rest","HM_vs_rest","CNA_driver",NA,NA,NA,NA,76,29,42,NA,NA
"pan_cancer","PREX2","per_event_HM_vs_rest","HM_vs_rest","CI_M",NA,NA,NA,NA,76,29,42,NA,NA
"pan_cancer","PREX2","per_event_HM_vs_rest","HM_vs_rest","M",NA,NA,NA,NA,76,29,42,NA,NA
"pan_cancer","PREX2","per_event_HM_vs_rest","HM_vs_rest","WT",NA,NA,NA,NA,76,29,42,NA,NA
"pan_cancer","PREX2","per_event_pairwise","HM_vs_Classic","CNA_driver",NA,NA,NA,NA,76,29,42,NA,NA
"pan_cancer","PREX2","per_event_pairwise","HM_vs_Classic","CI_M",NA,NA,NA,NA,76,29,42,NA,NA
"pan_cancer","PREX2","per_event_pairwise","HM_vs_Classic","M",NA,NA,NA,NA,76,29,42,NA,NA
"pan_cancer","PREX2","per_event_pairwise","HM_vs_Classic","WT",NA,NA,NA,NA,76,29,42,NA,NA
"pan_cancer","PREX2","per_event_pairwise","HM_vs_WGD","CNA_driver",NA,NA,NA,NA,76,29,42,NA,NA
"pan_cancer","PREX2","per_event_pairwise","HM_vs_WGD","CI_M",NA,NA,NA,NA,76,29,42,NA,NA
"pan_cancer","PREX2","per_event_pairwise","HM_vs_WGD","M",NA,NA,NA,NA,76,29,42,NA,NA
"pan_cancer","PREX2","per_event_pairwise","HM_vs_WGD","WT",NA,NA,NA,NA,76,29,42,NA,NA
"pan_cancer","PREX2","per_event_pairwise","WGD_vs_Classic","CNA_driver",NA,NA,NA,NA,76,29,42,NA,NA
"pan_cancer","PREX2","per_event_pairwise","WGD_vs_Classic","CI_M",NA,NA,NA,NA,76,29,42,NA,NA
"pan_cancer","PREX2","per_event_pairwise","WGD_vs_Classic","M",NA,NA,NA,NA,76,29,42,NA,NA
"pan_cancer","PREX2","per_event_pairwise","WGD_vs_Classic","WT",NA,NA,NA,NA,76,29,42,NA,NA
"pan_cancer","PRKAR1A","global","Classic_vs_WGD",NA,0.649175412293853,NA,NA,NA,3,0,10,0.74109405474254,0.753724261464773
"pan_cancer","PRKAR1A","pairwise_all_events","WGD_vs_Classic",NA,0.617691154422789,NA,NA,NA,3,0,10,0.792131711921817,0.805582879751678
"pan_cancer","PRKAR1A","per_event_pairwise","WGD_vs_Classic","CNA_driver",1,0,0,129.738495844314,3,0,10,1,1
"pan_cancer","PRKAR1A","per_event_pairwise","WGD_vs_Classic","CI_M",NA,NA,NA,NA,3,0,10,NA,NA
"pan_cancer","PRKAR1A","per_event_pairwise","WGD_vs_Classic","M",0.527972027972028,0,0,9.32672753588882,3,0,10,0.745217657878602,0.759067188519243
"pan_cancer","PRKAR1A","per_event_pairwise","WGD_vs_Classic","WT",0.496503496503497,Inf,0.176519223263533,Inf,3,0,10,0.725228758169935,0.738639348568427
"pan_cancer","PRKCB","per_event_HM_vs_rest","HM_vs_rest","CNA_driver",NA,NA,NA,NA,10,5,0,NA,NA
"pan_cancer","PRKCB","per_event_HM_vs_rest","HM_vs_rest","CI_M",NA,NA,NA,NA,10,5,0,NA,NA
"pan_cancer","PRKCB","per_event_HM_vs_rest","HM_vs_rest","M",NA,NA,NA,NA,10,5,0,NA,NA
"pan_cancer","PRKCB","per_event_HM_vs_rest","HM_vs_rest","WT",NA,NA,NA,NA,10,5,0,NA,NA
"pan_cancer","PRKCB","per_event_pairwise","HM_vs_WGD","CNA_driver",NA,NA,NA,NA,10,5,0,NA,NA
"pan_cancer","PRKCB","per_event_pairwise","HM_vs_WGD","CI_M",NA,NA,NA,NA,10,5,0,NA,NA
"pan_cancer","PRKCB","per_event_pairwise","HM_vs_WGD","M",NA,NA,NA,NA,10,5,0,NA,NA
"pan_cancer","PRKCB","per_event_pairwise","HM_vs_WGD","WT",NA,NA,NA,NA,10,5,0,NA,NA
"pan_cancer","PRKCD","global","Classic_vs_WGD",NA,0.00699300699300699,NA,NA,NA,7,0,8,0.0164017800381437,0.0216891554222889
"pan_cancer","PRKCD","pairwise_all_events","WGD_vs_Classic",NA,0.00699300699300699,NA,NA,NA,7,0,8,0.0298009682625067,0.0348355348355348
"pan_cancer","PRKCD","per_event_pairwise","WGD_vs_Classic","CNA_driver",NA,NA,NA,NA,7,0,8,NA,NA
"pan_cancer","PRKCD","per_event_pairwise","WGD_vs_Classic","CI_M",NA,NA,NA,NA,7,0,8,NA,NA
"pan_cancer","PRKCD","per_event_pairwise","WGD_vs_Classic","M",0.00699300699300699,0,0,0.55162537638168,7,0,8,0.0358937937062937,0.043986013986014
"pan_cancer","PRKCD","per_event_pairwise","WGD_vs_Classic","WT",0.006993006993007,Inf,1.81282450520928,Inf,7,0,8,0.0358937937062937,0.043986013986014
"pan_cancer","PRKD1","per_event_HM_vs_rest","HM_vs_rest","CNA_driver",NA,NA,NA,NA,24,4,2,NA,NA
"pan_cancer","PRKD1","per_event_HM_vs_rest","HM_vs_rest","CI_M",NA,NA,NA,NA,24,4,2,NA,NA
"pan_cancer","PRKD1","per_event_HM_vs_rest","HM_vs_rest","M",NA,NA,NA,NA,24,4,2,NA,NA
"pan_cancer","PRKD1","per_event_HM_vs_rest","HM_vs_rest","WT",NA,NA,NA,NA,24,4,2,NA,NA
"pan_cancer","PRKD1","per_event_pairwise","HM_vs_WGD","CNA_driver",NA,NA,NA,NA,24,4,2,NA,NA
"pan_cancer","PRKD1","per_event_pairwise","HM_vs_WGD","CI_M",NA,NA,NA,NA,24,4,2,NA,NA
"pan_cancer","PRKD1","per_event_pairwise","HM_vs_WGD","M",NA,NA,NA,NA,24,4,2,NA,NA
"pan_cancer","PRKD1","per_event_pairwise","HM_vs_WGD","WT",NA,NA,NA,NA,24,4,2,NA,NA
"pan_cancer","PTCH1","global","Classic_vs_HM_vs_WGD",NA,0.000499750124937531,NA,NA,NA,28,3,8,0.00165301964402414,0.00281677343146609
"pan_cancer","PTCH1","pairwise_all_events","HM_vs_Classic",NA,0.251374312843578,NA,NA,NA,28,3,8,0.429819041096736,0.439088897109887
"pan_cancer","PTCH1","pairwise_all_events","WGD_vs_Classic",NA,0.000499750124937531,NA,NA,NA,28,3,8,0.00276861569215392,0.00407372071539988
"pan_cancer","PTCH1","per_event_HM_vs_rest","HM_vs_rest","CNA_driver",1,0,0,464.609800362977,28,3,8,1,1
"pan_cancer","PTCH1","per_event_HM_vs_rest","HM_vs_rest","CI_M",NA,NA,NA,NA,28,3,8,NA,NA
"pan_cancer","PTCH1","per_event_HM_vs_rest","HM_vs_rest","M",1,0,0,18.5715605907591,28,3,8,1,1
"pan_cancer","PTCH1","per_event_HM_vs_rest","HM_vs_rest","WT",1,Inf,0.0686883441326383,Inf,28,3,8,1,1
"pan_cancer","PTCH1","per_event_pairwise","HM_vs_Classic","CNA_driver",1,0,0,103.832893936321,28,3,8,1,1
"pan_cancer","PTCH1","per_event_pairwise","HM_vs_Classic","CI_M",NA,NA,NA,NA,28,3,8,NA,NA
"pan_cancer","PTCH1","per_event_pairwise","HM_vs_Classic","M",0.181818181818182,0,0,2.60616449477613,28,3,8,0.391654247391953,0.404827031375704
"pan_cancer","PTCH1","per_event_pairwise","HM_vs_Classic","WT",0.0606060606060606,Inf,0.608439757504852,Inf,28,3,8,0.184343434343434,0.208883354088834
"pan_cancer","PTCH1","per_event_pairwise","HM_vs_WGD","CNA_driver",NA,NA,NA,NA,28,3,8,NA,NA
"pan_cancer","PTCH1","per_event_pairwise","HM_vs_WGD","CI_M",NA,NA,NA,NA,28,3,8,NA,NA
"pan_cancer","PTCH1","per_event_pairwise","HM_vs_WGD","M",NA,NA,NA,NA,28,3,8,NA,NA
"pan_cancer","PTCH1","per_event_pairwise","HM_vs_WGD","WT",NA,NA,NA,NA,28,3,8,NA,NA
"pan_cancer","PTCH1","per_event_pairwise","WGD_vs_Classic","CNA_driver",0.222222222222222,0,0,11.1428683376912,28,3,8,0.442424242424242,0.454561878952123
"pan_cancer","PTCH1","per_event_pairwise","WGD_vs_Classic","CI_M",NA,NA,NA,NA,28,3,8,NA,NA
"pan_cancer","PTCH1","per_event_pairwise","WGD_vs_Classic","M",0.000148544266191325,0,0,0.196976379791712,28,3,8,0.001301247771836,0.00203118137900746
"pan_cancer","PTCH1","per_event_pairwise","WGD_vs_Classic","WT",1.43752515669024e-05,Inf,8.12350857341863,Inf,28,3,8,0.000196761255821977,0.000328801208566605
"pan_cancer","PTEN","global","Classic_vs_HM_vs_WGD",NA,0.000499750124937531,NA,NA,NA,139,15,41,0.00165301964402414,0.00281677343146609
"pan_cancer","PTEN","pairwise_all_events","HM_vs_Classic",NA,0.0079960019990005,NA,NA,NA,139,15,41,0.0330580978167633,0.0387553970762367
"pan_cancer","PTEN","pairwise_all_events","HM_vs_WGD",NA,0.0634682658670665,NA,NA,NA,139,15,41,0.16129091417594,0.182598540302042
"pan_cancer","PTEN","pairwise_all_events","WGD_vs_Classic",NA,0.000499750124937531,NA,NA,NA,139,15,41,0.00276861569215392,0.00407372071539988
"pan_cancer","PTEN","per_event_HM_vs_rest","HM_vs_rest","CNA_driver",0.471940004709999,1.47743070320589,0.250696979323537,6.01254634215751,139,15,41,1,1
"pan_cancer","PTEN","per_event_HM_vs_rest","HM_vs_rest","CI_M",NA,NA,NA,NA,139,15,41,NA,NA
"pan_cancer","PTEN","per_event_HM_vs_rest","HM_vs_rest","M",1,0.786606551393734,0.0174346558636859,5.91491465487105,139,15,41,1,1
"pan_cancer","PTEN","per_event_HM_vs_rest","HM_vs_rest","WT",0.752015437935256,0.812051438294706,0.225058758899904,3.68343529945324,139,15,41,1,1
"pan_cancer","PTEN","per_event_pairwise","HM_vs_Classic","CNA_driver",0.128216479065948,0.325593344463963,0.0512724935974368,1.46553459482434,139,15,41,0.307438783745721,0.331885454043132
"pan_cancer","PTEN","per_event_pairwise","HM_vs_Classic","CI_M",NA,NA,NA,NA,139,15,41,NA,NA
"pan_cancer","PTEN","per_event_pairwise","HM_vs_Classic","M",0.149699319079523,0.176778450084006,0.00377790449525348,1.42972947990065,139,15,41,0.346199233558333,0.36542284167136
"pan_cancer","PTEN","per_event_pairwise","HM_vs_Classic","WT",0.00426709569958937,7.18972029929891,1.69334454646842,37.8051154142434,139,15,41,0.0237583209714425,0.029494540604854
"pan_cancer","PTEN","per_event_pairwise","HM_vs_WGD","CNA_driver",0.0768254508192781,4.03556700567777,0.610635395841508,19.9597027492195,139,15,41,0.208571575158123,0.238633128717659
"pan_cancer","PTEN","per_event_pairwise","HM_vs_WGD","CI_M",NA,NA,NA,NA,139,15,41,NA,NA
"pan_cancer","PTEN","per_event_pairwise","HM_vs_WGD","M",0.33912294281761,3.20050070720797,0.0576090696629774,43.0626470124141,139,15,41,0.558405447195914,0.582014545790659
"pan_cancer","PTEN","per_event_pairwise","HM_vs_WGD","WT",0.0421249561440142,0.239747630955538,0.0571961342630317,1.20271675114633,139,15,41,0.138380480933087,0.161564618381615
"pan_cancer","PTEN","per_event_pairwise","WGD_vs_Classic","CNA_driver",3.80369894602812e-08,0.0797409724994098,0.0266258153500679,0.218886948820359,139,15,41,1.19001438454308e-06,2.17502421550153e-06
"pan_cancer","PTEN","per_event_pairwise","WGD_vs_Classic","CI_M",NA,NA,NA,NA,139,15,41,NA,NA
"pan_cancer","PTEN","per_event_pairwise","WGD_vs_Classic","M",1.28281337858392e-06,0.0546124723432908,0.00928579590817774,0.219164918443069,139,15,41,2.47884820508717e-05,4.36156548718534e-05
"pan_cancer","PTEN","per_event_pairwise","WGD_vs_Classic","WT",3.25819339244731e-16,30.6142500153263,11.5367131572599,89.0376742264592,139,15,41,3.05804722691126e-14,5.85543898242673e-14
"pan_cancer","PTPN3","per_event_pairwise","WGD_vs_Classic","CNA_driver",NA,NA,NA,NA,46,0,5,NA,NA
"pan_cancer","PTPN3","per_event_pairwise","WGD_vs_Classic","CI_M",NA,NA,NA,NA,46,0,5,NA,NA
"pan_cancer","PTPN3","per_event_pairwise","WGD_vs_Classic","M",NA,NA,NA,NA,46,0,5,NA,NA
"pan_cancer","PTPN3","per_event_pairwise","WGD_vs_Classic","WT",NA,NA,NA,NA,46,0,5,NA,NA
"pan_cancer","PTPRB","global","Classic_vs_WGD",NA,0.0612244897959184,NA,NA,NA,46,1,3,0.0987244897959184,0.126530612244898
"pan_cancer","PTPRB","pairwise_all_events","WGD_vs_Classic",NA,0.0612244897959184,NA,NA,NA,46,1,3,0.159992298806315,0.179015084294587
"pan_cancer","PTPRB","per_event_pairwise","WGD_vs_Classic","CNA_driver",NA,NA,NA,NA,46,1,3,NA,NA
"pan_cancer","PTPRB","per_event_pairwise","WGD_vs_Classic","CI_M",NA,NA,NA,NA,46,1,3,NA,NA
"pan_cancer","PTPRB","per_event_pairwise","WGD_vs_Classic","M",0.0612244897959184,0,0,2.54347832004332,46,1,3,0.184516008238158,0.209661609629274
"pan_cancer","PTPRB","per_event_pairwise","WGD_vs_Classic","WT",0.0612244897959183,Inf,0.39316238401551,Inf,46,1,3,0.184516008238158,0.209661609629274
"pan_cancer","PTPRC","per_event_HM_vs_rest","HM_vs_rest","CNA_driver",NA,NA,NA,NA,24,6,55,NA,NA
"pan_cancer","PTPRC","per_event_HM_vs_rest","HM_vs_rest","CI_M",NA,NA,NA,NA,24,6,55,NA,NA
"pan_cancer","PTPRC","per_event_HM_vs_rest","HM_vs_rest","M",NA,NA,NA,NA,24,6,55,NA,NA
"pan_cancer","PTPRC","per_event_HM_vs_rest","HM_vs_rest","WT",NA,NA,NA,NA,24,6,55,NA,NA
"pan_cancer","PTPRC","per_event_pairwise","HM_vs_Classic","CNA_driver",NA,NA,NA,NA,24,6,55,NA,NA
"pan_cancer","PTPRC","per_event_pairwise","HM_vs_Classic","CI_M",NA,NA,NA,NA,24,6,55,NA,NA
"pan_cancer","PTPRC","per_event_pairwise","HM_vs_Classic","M",NA,NA,NA,NA,24,6,55,NA,NA
"pan_cancer","PTPRC","per_event_pairwise","HM_vs_Classic","WT",NA,NA,NA,NA,24,6,55,NA,NA
"pan_cancer","PTPRC","per_event_pairwise","HM_vs_WGD","CNA_driver",NA,NA,NA,NA,24,6,55,NA,NA
"pan_cancer","PTPRC","per_event_pairwise","HM_vs_WGD","CI_M",NA,NA,NA,NA,24,6,55,NA,NA
"pan_cancer","PTPRC","per_event_pairwise","HM_vs_WGD","M",NA,NA,NA,NA,24,6,55,NA,NA
"pan_cancer","PTPRC","per_event_pairwise","HM_vs_WGD","WT",NA,NA,NA,NA,24,6,55,NA,NA
"pan_cancer","PTPRC","per_event_pairwise","WGD_vs_Classic","CNA_driver",NA,NA,NA,NA,24,6,55,NA,NA
"pan_cancer","PTPRC","per_event_pairwise","WGD_vs_Classic","CI_M",NA,NA,NA,NA,24,6,55,NA,NA
"pan_cancer","PTPRC","per_event_pairwise","WGD_vs_Classic","M",NA,NA,NA,NA,24,6,55,NA,NA
"pan_cancer","PTPRC","per_event_pairwise","WGD_vs_Classic","WT",NA,NA,NA,NA,24,6,55,NA,NA
"pan_cancer","PTPRD","per_event_HM_vs_rest","HM_vs_rest","CNA_driver",NA,NA,NA,NA,98,8,12,NA,NA
"pan_cancer","PTPRD","per_event_HM_vs_rest","HM_vs_rest","CI_M",NA,NA,NA,NA,98,8,12,NA,NA
"pan_cancer","PTPRD","per_event_HM_vs_rest","HM_vs_rest","M",NA,NA,NA,NA,98,8,12,NA,NA
"pan_cancer","PTPRD","per_event_HM_vs_rest","HM_vs_rest","WT",NA,NA,NA,NA,98,8,12,NA,NA
"pan_cancer","PTPRD","per_event_pairwise","HM_vs_Classic","CNA_driver",NA,NA,NA,NA,98,8,12,NA,NA
"pan_cancer","PTPRD","per_event_pairwise","HM_vs_Classic","CI_M",NA,NA,NA,NA,98,8,12,NA,NA
"pan_cancer","PTPRD","per_event_pairwise","HM_vs_Classic","M",NA,NA,NA,NA,98,8,12,NA,NA
"pan_cancer","PTPRD","per_event_pairwise","HM_vs_Classic","WT",NA,NA,NA,NA,98,8,12,NA,NA
"pan_cancer","PTPRD","per_event_pairwise","HM_vs_WGD","CNA_driver",NA,NA,NA,NA,98,8,12,NA,NA
"pan_cancer","PTPRD","per_event_pairwise","HM_vs_WGD","CI_M",NA,NA,NA,NA,98,8,12,NA,NA
"pan_cancer","PTPRD","per_event_pairwise","HM_vs_WGD","M",NA,NA,NA,NA,98,8,12,NA,NA
"pan_cancer","PTPRD","per_event_pairwise","HM_vs_WGD","WT",NA,NA,NA,NA,98,8,12,NA,NA
"pan_cancer","PTPRD","per_event_pairwise","WGD_vs_Classic","CNA_driver",NA,NA,NA,NA,98,8,12,NA,NA
"pan_cancer","PTPRD","per_event_pairwise","WGD_vs_Classic","CI_M",NA,NA,NA,NA,98,8,12,NA,NA
"pan_cancer","PTPRD","per_event_pairwise","WGD_vs_Classic","M",NA,NA,NA,NA,98,8,12,NA,NA
"pan_cancer","PTPRD","per_event_pairwise","WGD_vs_Classic","WT",NA,NA,NA,NA,98,8,12,NA,NA
"pan_cancer","PTPRT","per_event_HM_vs_rest","HM_vs_rest","CNA_driver",NA,NA,NA,NA,100,18,30,NA,NA
"pan_cancer","PTPRT","per_event_HM_vs_rest","HM_vs_rest","CI_M",NA,NA,NA,NA,100,18,30,NA,NA
"pan_cancer","PTPRT","per_event_HM_vs_rest","HM_vs_rest","M",NA,NA,NA,NA,100,18,30,NA,NA
"pan_cancer","PTPRT","per_event_HM_vs_rest","HM_vs_rest","WT",NA,NA,NA,NA,100,18,30,NA,NA
"pan_cancer","PTPRT","per_event_pairwise","HM_vs_Classic","CNA_driver",NA,NA,NA,NA,100,18,30,NA,NA
"pan_cancer","PTPRT","per_event_pairwise","HM_vs_Classic","CI_M",NA,NA,NA,NA,100,18,30,NA,NA
"pan_cancer","PTPRT","per_event_pairwise","HM_vs_Classic","M",NA,NA,NA,NA,100,18,30,NA,NA
"pan_cancer","PTPRT","per_event_pairwise","HM_vs_Classic","WT",NA,NA,NA,NA,100,18,30,NA,NA
"pan_cancer","PTPRT","per_event_pairwise","HM_vs_WGD","CNA_driver",NA,NA,NA,NA,100,18,30,NA,NA
"pan_cancer","PTPRT","per_event_pairwise","HM_vs_WGD","CI_M",NA,NA,NA,NA,100,18,30,NA,NA
"pan_cancer","PTPRT","per_event_pairwise","HM_vs_WGD","M",NA,NA,NA,NA,100,18,30,NA,NA
"pan_cancer","PTPRT","per_event_pairwise","HM_vs_WGD","WT",NA,NA,NA,NA,100,18,30,NA,NA
"pan_cancer","PTPRT","per_event_pairwise","WGD_vs_Classic","CNA_driver",NA,NA,NA,NA,100,18,30,NA,NA
"pan_cancer","PTPRT","per_event_pairwise","WGD_vs_Classic","CI_M",NA,NA,NA,NA,100,18,30,NA,NA
"pan_cancer","PTPRT","per_event_pairwise","WGD_vs_Classic","M",NA,NA,NA,NA,100,18,30,NA,NA
"pan_cancer","PTPRT","per_event_pairwise","WGD_vs_Classic","WT",NA,NA,NA,NA,100,18,30,NA,NA
"pan_cancer","RAC1","global","Classic_vs_WGD",NA,1,NA,NA,NA,10,2,5,1,1
"pan_cancer","RAC1","pairwise_all_events","WGD_vs_Classic",NA,1,NA,NA,NA,10,2,5,1,1
"pan_cancer","RAC1","per_event_pairwise","WGD_vs_Classic","CNA_driver",NA,NA,NA,NA,10,2,5,NA,NA
"pan_cancer","RAC1","per_event_pairwise","WGD_vs_Classic","CI_M",NA,NA,NA,NA,10,2,5,NA,NA
"pan_cancer","RAC1","per_event_pairwise","WGD_vs_Classic","M",1,0.471396296580084,0.00511429902295101,43.532743413644,10,2,5,1,1
"pan_cancer","RAC1","per_event_pairwise","WGD_vs_Classic","WT",1,2.12135735315458,0.0229712148048675,195.53021743789,10,2,5,1,1
"pan_cancer","RANBP2","per_event_HM_vs_rest","HM_vs_rest","CNA_driver",NA,NA,NA,NA,33,5,2,NA,NA
"pan_cancer","RANBP2","per_event_HM_vs_rest","HM_vs_rest","CI_M",NA,NA,NA,NA,33,5,2,NA,NA
"pan_cancer","RANBP2","per_event_HM_vs_rest","HM_vs_rest","M",NA,NA,NA,NA,33,5,2,NA,NA
"pan_cancer","RANBP2","per_event_HM_vs_rest","HM_vs_rest","WT",NA,NA,NA,NA,33,5,2,NA,NA
"pan_cancer","RANBP2","per_event_pairwise","HM_vs_WGD","CNA_driver",NA,NA,NA,NA,33,5,2,NA,NA
"pan_cancer","RANBP2","per_event_pairwise","HM_vs_WGD","CI_M",NA,NA,NA,NA,33,5,2,NA,NA
"pan_cancer","RANBP2","per_event_pairwise","HM_vs_WGD","M",NA,NA,NA,NA,33,5,2,NA,NA
"pan_cancer","RANBP2","per_event_pairwise","HM_vs_WGD","WT",NA,NA,NA,NA,33,5,2,NA,NA
"pan_cancer","RB1","global","Classic_vs_HM_vs_WGD",NA,0.000499750124937531,NA,NA,NA,124,17,27,0.00165301964402414,0.00281677343146609
"pan_cancer","RB1","pairwise_all_events","HM_vs_Classic",NA,0.0109945027486257,NA,NA,NA,124,17,27,0.0417188665941002,0.0484839547439395
"pan_cancer","RB1","pairwise_all_events","HM_vs_WGD",NA,0.672663668165917,NA,NA,NA,124,17,27,0.839714296236035,0.857974889089663
"pan_cancer","RB1","pairwise_all_events","WGD_vs_Classic",NA,0.000499750124937531,NA,NA,NA,124,17,27,0.00276861569215392,0.00407372071539988
"pan_cancer","RB1","per_event_HM_vs_rest","HM_vs_rest","CNA_driver",0.762504651842797,1.14325933676996,0.254226351628379,4.041823923118,124,17,27,1,1
"pan_cancer","RB1","per_event_HM_vs_rest","HM_vs_rest","CI_M",NA,NA,NA,NA,124,17,27,NA,NA
"pan_cancer","RB1","per_event_HM_vs_rest","HM_vs_rest","M",0.698179214996864,0.494305925118157,0.0111069300868495,3.60492793919959,124,17,27,1,1
"pan_cancer","RB1","per_event_HM_vs_rest","HM_vs_rest","WT",1,1.15200981533506,0.352994292615776,4.41190274657036,124,17,27,1,1
"pan_cancer","RB1","per_event_pairwise","HM_vs_Classic","CNA_driver",0.114307906982316,0.294092848150067,0.055183136668076,1.28217273439994,124,17,27,0.281274512686823,0.306231742940604
"pan_cancer","RB1","per_event_pairwise","HM_vs_Classic","CI_M",NA,NA,NA,NA,124,17,27,NA,NA
"pan_cancer","RB1","per_event_pairwise","HM_vs_Classic","M",0.220398298897866,0.225177490894989,0.00448598992736482,2.15252475359326,124,17,27,0.440126694151666,0.453782422280713
"pan_cancer","RB1","per_event_pairwise","HM_vs_Classic","WT",0.00531376369848184,6.51459346374295,1.49552161770702,33.3849434683076,124,17,27,0.0288524194206824,0.0353688610195246
"pan_cancer","RB1","per_event_pairwise","HM_vs_WGD","CNA_driver",0.306080759632126,1.80303715058751,0.385371082307934,6.75486817206775,124,17,27,0.521239783161563,0.543855361041264
"pan_cancer","RB1","per_event_pairwise","HM_vs_WGD","CI_M",NA,NA,NA,NA,124,17,27,NA,NA
"pan_cancer","RB1","per_event_pairwise","HM_vs_WGD","M",1,0.643799333783352,0.0140533930376705,5.01425726684766,124,17,27,1,1
"pan_cancer","RB1","per_event_pairwise","HM_vs_WGD","WT",0.557500877901911,0.734348659643702,0.21753444820282,2.8860812016012,124,17,27,0.767888849245492,0.782751668520579
"pan_cancer","RB1","per_event_pairwise","WGD_vs_Classic","CNA_driver",8.15235657266063e-05,0.160366802805274,0.0581095742970862,0.432661501670345,124,17,27,0.000824015118190466,0.00128195807105088
"pan_cancer","RB1","per_event_pairwise","WGD_vs_Classic","CI_M",NA,NA,NA,NA,124,17,27,NA,NA
"pan_cancer","RB1","per_event_pairwise","WGD_vs_Classic","M",0.0844744765056384,0.34382184972862,0.102389749154759,1.25983348561388,124,17,27,0.220071012259664,0.250258613829872
"pan_cancer","RB1","per_event_pairwise","WGD_vs_Classic","WT",1.10101352546269e-06,9.18983472817289,3.33044024346159,28.4416825816581,124,17,27,2.19201783705753e-05,3.84743059731128e-05
"pan_cancer","RBFOX1","per_event_HM_vs_rest","HM_vs_rest","CNA_driver",NA,NA,NA,NA,13,4,0,NA,NA
"pan_cancer","RBFOX1","per_event_HM_vs_rest","HM_vs_rest","CI_M",NA,NA,NA,NA,13,4,0,NA,NA
"pan_cancer","RBFOX1","per_event_HM_vs_rest","HM_vs_rest","M",NA,NA,NA,NA,13,4,0,NA,NA
"pan_cancer","RBFOX1","per_event_HM_vs_rest","HM_vs_rest","WT",NA,NA,NA,NA,13,4,0,NA,NA
"pan_cancer","RBFOX1","per_event_pairwise","HM_vs_WGD","CNA_driver",NA,NA,NA,NA,13,4,0,NA,NA
"pan_cancer","RBFOX1","per_event_pairwise","HM_vs_WGD","CI_M",NA,NA,NA,NA,13,4,0,NA,NA
"pan_cancer","RBFOX1","per_event_pairwise","HM_vs_WGD","M",NA,NA,NA,NA,13,4,0,NA,NA
"pan_cancer","RBFOX1","per_event_pairwise","HM_vs_WGD","WT",NA,NA,NA,NA,13,4,0,NA,NA
"pan_cancer","RGPD3","per_event_HM_vs_rest","HM_vs_rest","CNA_driver",NA,NA,NA,NA,55,4,3,NA,NA
"pan_cancer","RGPD3","per_event_HM_vs_rest","HM_vs_rest","CI_M",NA,NA,NA,NA,55,4,3,NA,NA
"pan_cancer","RGPD3","per_event_HM_vs_rest","HM_vs_rest","M",NA,NA,NA,NA,55,4,3,NA,NA
"pan_cancer","RGPD3","per_event_HM_vs_rest","HM_vs_rest","WT",NA,NA,NA,NA,55,4,3,NA,NA
"pan_cancer","RGPD3","per_event_pairwise","HM_vs_Classic","CNA_driver",NA,NA,NA,NA,55,4,3,NA,NA
"pan_cancer","RGPD3","per_event_pairwise","HM_vs_Classic","CI_M",NA,NA,NA,NA,55,4,3,NA,NA
"pan_cancer","RGPD3","per_event_pairwise","HM_vs_Classic","M",NA,NA,NA,NA,55,4,3,NA,NA
"pan_cancer","RGPD3","per_event_pairwise","HM_vs_Classic","WT",NA,NA,NA,NA,55,4,3,NA,NA
"pan_cancer","RGPD3","per_event_pairwise","HM_vs_WGD","CNA_driver",NA,NA,NA,NA,55,4,3,NA,NA
"pan_cancer","RGPD3","per_event_pairwise","HM_vs_WGD","CI_M",NA,NA,NA,NA,55,4,3,NA,NA
"pan_cancer","RGPD3","per_event_pairwise","HM_vs_WGD","M",NA,NA,NA,NA,55,4,3,NA,NA
"pan_cancer","RGPD3","per_event_pairwise","HM_vs_WGD","WT",NA,NA,NA,NA,55,4,3,NA,NA
"pan_cancer","RGPD3","per_event_pairwise","WGD_vs_Classic","CNA_driver",NA,NA,NA,NA,55,4,3,NA,NA
"pan_cancer","RGPD3","per_event_pairwise","WGD_vs_Classic","CI_M",NA,NA,NA,NA,55,4,3,NA,NA
"pan_cancer","RGPD3","per_event_pairwise","WGD_vs_Classic","M",NA,NA,NA,NA,55,4,3,NA,NA
"pan_cancer","RGPD3","per_event_pairwise","WGD_vs_Classic","WT",NA,NA,NA,NA,55,4,3,NA,NA
"pan_cancer","RGS7","per_event_pairwise","WGD_vs_Classic","CNA_driver",NA,NA,NA,NA,27,1,20,NA,NA
"pan_cancer","RGS7","per_event_pairwise","WGD_vs_Classic","CI_M",NA,NA,NA,NA,27,1,20,NA,NA
"pan_cancer","RGS7","per_event_pairwise","WGD_vs_Classic","M",NA,NA,NA,NA,27,1,20,NA,NA
"pan_cancer","RGS7","per_event_pairwise","WGD_vs_Classic","WT",NA,NA,NA,NA,27,1,20,NA,NA
"pan_cancer","RHOA","global","Classic_vs_WGD",NA,0.0121457489878542,NA,NA,NA,30,1,10,0.0261133603238866,0.0342289289657711
"pan_cancer","RHOA","pairwise_all_events","WGD_vs_Classic",NA,0.0121457489878542,NA,NA,NA,30,1,10,0.0431329803799439,0.051452070515477
"pan_cancer","RHOA","per_event_pairwise","WGD_vs_Classic","CNA_driver",NA,NA,NA,NA,30,1,10,NA,NA
"pan_cancer","RHOA","per_event_pairwise","WGD_vs_Classic","CI_M",NA,NA,NA,NA,30,1,10,NA,NA
"pan_cancer","RHOA","per_event_pairwise","WGD_vs_Classic","M",0.0121457489878543,0,0,0.7154953850574,30,1,10,0.055414979757085,0.0650185201137049
"pan_cancer","RHOA","per_event_pairwise","WGD_vs_Classic","WT",0.0121457489878542,Inf,1.39763305380338,Inf,30,1,10,0.055414979757085,0.0650185201137049
"pan_cancer","RNF213","per_event_HM_vs_rest","HM_vs_rest","CNA_driver",NA,NA,NA,NA,44,10,11,NA,NA
"pan_cancer","RNF213","per_event_HM_vs_rest","HM_vs_rest","CI_M",NA,NA,NA,NA,44,10,11,NA,NA
"pan_cancer","RNF213","per_event_HM_vs_rest","HM_vs_rest","M",NA,NA,NA,NA,44,10,11,NA,NA
"pan_cancer","RNF213","per_event_HM_vs_rest","HM_vs_rest","WT",NA,NA,NA,NA,44,10,11,NA,NA
"pan_cancer","RNF213","per_event_pairwise","HM_vs_Classic","CNA_driver",NA,NA,NA,NA,44,10,11,NA,NA
"pan_cancer","RNF213","per_event_pairwise","HM_vs_Classic","CI_M",NA,NA,NA,NA,44,10,11,NA,NA
"pan_cancer","RNF213","per_event_pairwise","HM_vs_Classic","M",NA,NA,NA,NA,44,10,11,NA,NA
"pan_cancer","RNF213","per_event_pairwise","HM_vs_Classic","WT",NA,NA,NA,NA,44,10,11,NA,NA
"pan_cancer","RNF213","per_event_pairwise","HM_vs_WGD","CNA_driver",NA,NA,NA,NA,44,10,11,NA,NA
"pan_cancer","RNF213","per_event_pairwise","HM_vs_WGD","CI_M",NA,NA,NA,NA,44,10,11,NA,NA
"pan_cancer","RNF213","per_event_pairwise","HM_vs_WGD","M",NA,NA,NA,NA,44,10,11,NA,NA
"pan_cancer","RNF213","per_event_pairwise","HM_vs_WGD","WT",NA,NA,NA,NA,44,10,11,NA,NA
"pan_cancer","RNF213","per_event_pairwise","WGD_vs_Classic","CNA_driver",NA,NA,NA,NA,44,10,11,NA,NA
"pan_cancer","RNF213","per_event_pairwise","WGD_vs_Classic","CI_M",NA,NA,NA,NA,44,10,11,NA,NA
"pan_cancer","RNF213","per_event_pairwise","WGD_vs_Classic","M",NA,NA,NA,NA,44,10,11,NA,NA
"pan_cancer","RNF213","per_event_pairwise","WGD_vs_Classic","WT",NA,NA,NA,NA,44,10,11,NA,NA
"pan_cancer","RNF43","global","Classic_vs_HM_vs_WGD",NA,0.000999500249875062,NA,NA,NA,93,14,20,0.0027433091964656,0.0044905083690039
"pan_cancer","RNF43","pairwise_all_events","HM_vs_Classic",NA,0.088455772113943,NA,NA,NA,93,14,20,0.199205275411075,0.225541257807115
"pan_cancer","RNF43","pairwise_all_events","HM_vs_WGD",NA,1,NA,NA,NA,93,14,20,1,1
"pan_cancer","RNF43","pairwise_all_events","WGD_vs_Classic",NA,0.000499750124937531,NA,NA,NA,93,14,20,0.00276861569215392,0.00407372071539988
"pan_cancer","RNF43","per_event_HM_vs_rest","HM_vs_rest","CNA_driver",1,0,0,313.249880885347,93,14,20,1,1
"pan_cancer","RNF43","per_event_HM_vs_rest","HM_vs_rest","CI_M",NA,NA,NA,NA,93,14,20,NA,NA
"pan_cancer","RNF43","per_event_HM_vs_rest","HM_vs_rest","M",1,0,0,7.2106190967683,93,14,20,1,1
"pan_cancer","RNF43","per_event_HM_vs_rest","HM_vs_rest","WT",1,Inf,0.170227911224981,Inf,93,14,20,1,1
"pan_cancer","RNF43","per_event_pairwise","HM_vs_Classic","CNA_driver",1,0,0,55.6666956597373,93,14,20,1,1
"pan_cancer","RNF43","per_event_pairwise","HM_vs_Classic","CI_M",NA,NA,NA,NA,93,14,20,NA,NA
"pan_cancer","RNF43","per_event_pairwise","HM_vs_Classic","M",0.0629132884825484,0,0,1.42773864537991,93,14,20,0.185466964694776,0.211745942396097
"pan_cancer","RNF43","per_event_pairwise","HM_vs_Classic","WT",0.0310527740269938,Inf,0.944832331761785,Inf,93,14,20,0.110279311003972,0.128079966314617
"pan_cancer","RNF43","per_event_pairwise","HM_vs_WGD","CNA_driver",NA,NA,NA,NA,93,14,20,NA,NA
"pan_cancer","RNF43","per_event_pairwise","HM_vs_WGD","CI_M",NA,NA,NA,NA,93,14,20,NA,NA
"pan_cancer","RNF43","per_event_pairwise","HM_vs_WGD","M",1,0,0,258.030953309923,93,14,20,1,1
"pan_cancer","RNF43","per_event_pairwise","HM_vs_WGD","WT",1,Inf,0.00387550403225805,Inf,93,14,20,1,1
"pan_cancer","RNF43","per_event_pairwise","WGD_vs_Classic","CNA_driver",0.176991150442478,0,0,8.38710124369935,93,14,20,0.387610619469027,0.402630863031894
"pan_cancer","RNF43","per_event_pairwise","WGD_vs_Classic","CI_M",NA,NA,NA,NA,93,14,20,NA,NA
"pan_cancer","RNF43","per_event_pairwise","WGD_vs_Classic","M",0.000586026485190242,0.0342812023715345,0.000688923637577293,0.335070228965035,93,14,20,0.00401061875802072,0.00604279769155184
"pan_cancer","RNF43","per_event_pairwise","WGD_vs_Classic","WT",9.53436445298995e-05,37.3184099672618,4.09105624740315,1810.66170024468,93,14,20,0.000907837310958609,0.00141108593904251
"pan_cancer","ROBO2","per_event_HM_vs_rest","HM_vs_rest","CNA_driver",NA,NA,NA,NA,82,14,10,NA,NA
"pan_cancer","ROBO2","per_event_HM_vs_rest","HM_vs_rest","CI_M",NA,NA,NA,NA,82,14,10,NA,NA
"pan_cancer","ROBO2","per_event_HM_vs_rest","HM_vs_rest","M",NA,NA,NA,NA,82,14,10,NA,NA
"pan_cancer","ROBO2","per_event_HM_vs_rest","HM_vs_rest","WT",NA,NA,NA,NA,82,14,10,NA,NA
"pan_cancer","ROBO2","per_event_pairwise","HM_vs_Classic","CNA_driver",NA,NA,NA,NA,82,14,10,NA,NA
"pan_cancer","ROBO2","per_event_pairwise","HM_vs_Classic","CI_M",NA,NA,NA,NA,82,14,10,NA,NA
"pan_cancer","ROBO2","per_event_pairwise","HM_vs_Classic","M",NA,NA,NA,NA,82,14,10,NA,NA
"pan_cancer","ROBO2","per_event_pairwise","HM_vs_Classic","WT",NA,NA,NA,NA,82,14,10,NA,NA
"pan_cancer","ROBO2","per_event_pairwise","HM_vs_WGD","CNA_driver",NA,NA,NA,NA,82,14,10,NA,NA
"pan_cancer","ROBO2","per_event_pairwise","HM_vs_WGD","CI_M",NA,NA,NA,NA,82,14,10,NA,NA
"pan_cancer","ROBO2","per_event_pairwise","HM_vs_WGD","M",NA,NA,NA,NA,82,14,10,NA,NA
"pan_cancer","ROBO2","per_event_pairwise","HM_vs_WGD","WT",NA,NA,NA,NA,82,14,10,NA,NA
"pan_cancer","ROBO2","per_event_pairwise","WGD_vs_Classic","CNA_driver",NA,NA,NA,NA,82,14,10,NA,NA
"pan_cancer","ROBO2","per_event_pairwise","WGD_vs_Classic","CI_M",NA,NA,NA,NA,82,14,10,NA,NA
"pan_cancer","ROBO2","per_event_pairwise","WGD_vs_Classic","M",NA,NA,NA,NA,82,14,10,NA,NA
"pan_cancer","ROBO2","per_event_pairwise","WGD_vs_Classic","WT",NA,NA,NA,NA,82,14,10,NA,NA
"pan_cancer","ROS1","per_event_HM_vs_rest","HM_vs_rest","CNA_driver",NA,NA,NA,NA,62,6,4,NA,NA
"pan_cancer","ROS1","per_event_HM_vs_rest","HM_vs_rest","CI_M",NA,NA,NA,NA,62,6,4,NA,NA
"pan_cancer","ROS1","per_event_HM_vs_rest","HM_vs_rest","M",NA,NA,NA,NA,62,6,4,NA,NA
"pan_cancer","ROS1","per_event_HM_vs_rest","HM_vs_rest","WT",NA,NA,NA,NA,62,6,4,NA,NA
"pan_cancer","ROS1","per_event_pairwise","HM_vs_Classic","CNA_driver",NA,NA,NA,NA,62,6,4,NA,NA
"pan_cancer","ROS1","per_event_pairwise","HM_vs_Classic","CI_M",NA,NA,NA,NA,62,6,4,NA,NA
"pan_cancer","ROS1","per_event_pairwise","HM_vs_Classic","M",NA,NA,NA,NA,62,6,4,NA,NA
"pan_cancer","ROS1","per_event_pairwise","HM_vs_Classic","WT",NA,NA,NA,NA,62,6,4,NA,NA
"pan_cancer","ROS1","per_event_pairwise","HM_vs_WGD","CNA_driver",NA,NA,NA,NA,62,6,4,NA,NA
"pan_cancer","ROS1","per_event_pairwise","HM_vs_WGD","CI_M",NA,NA,NA,NA,62,6,4,NA,NA
"pan_cancer","ROS1","per_event_pairwise","HM_vs_WGD","M",NA,NA,NA,NA,62,6,4,NA,NA
"pan_cancer","ROS1","per_event_pairwise","HM_vs_WGD","WT",NA,NA,NA,NA,62,6,4,NA,NA
"pan_cancer","ROS1","per_event_pairwise","WGD_vs_Classic","CNA_driver",NA,NA,NA,NA,62,6,4,NA,NA
"pan_cancer","ROS1","per_event_pairwise","WGD_vs_Classic","CI_M",NA,NA,NA,NA,62,6,4,NA,NA
"pan_cancer","ROS1","per_event_pairwise","WGD_vs_Classic","M",NA,NA,NA,NA,62,6,4,NA,NA
"pan_cancer","ROS1","per_event_pairwise","WGD_vs_Classic","WT",NA,NA,NA,NA,62,6,4,NA,NA
"pan_cancer","RPL5","global","Classic_vs_WGD",NA,1,NA,NA,NA,31,0,3,1,1
"pan_cancer","RPL5","pairwise_all_events","WGD_vs_Classic",NA,1,NA,NA,NA,31,0,3,1,1
"pan_cancer","RPL5","per_event_pairwise","WGD_vs_Classic","CNA_driver",NA,NA,NA,NA,31,0,3,NA,NA
"pan_cancer","RPL5","per_event_pairwise","WGD_vs_Classic","CI_M",NA,NA,NA,NA,31,0,3,NA,NA
"pan_cancer","RPL5","per_event_pairwise","WGD_vs_Classic","M",1,Inf,0.00249697580645162,Inf,31,0,3,1,1
"pan_cancer","RPL5","per_event_pairwise","WGD_vs_Classic","WT",1,0,0,400.48445700445,31,0,3,1,1
"pan_cancer","RRAGC","global","Classic_vs_WGD",NA,0.0656108597285068,NA,NA,NA,8,0,10,0.104491369197252,0.133811621814718
"pan_cancer","RRAGC","pairwise_all_events","WGD_vs_Classic",NA,0.0656108597285068,NA,NA,NA,8,0,10,0.163731604908076,0.185782329125983
"pan_cancer","RRAGC","per_event_pairwise","WGD_vs_Classic","CNA_driver",NA,NA,NA,NA,8,0,10,NA,NA
"pan_cancer","RRAGC","per_event_pairwise","WGD_vs_Classic","CI_M",NA,NA,NA,NA,8,0,10,NA,NA
"pan_cancer","RRAGC","per_event_pairwise","WGD_vs_Classic","M",0.0656108597285068,0.109799083979633,0.00182494386343112,1.41294843980302,8,0,10,0.189062872112408,0.21494391025641
"pan_cancer","RRAGC","per_event_pairwise","WGD_vs_Classic","WT",0.0656108597285068,9.1075441046985,0.707739908852875,547.962060662992,8,0,10,0.189062872112408,0.21494391025641
"pan_cancer","RUNX1T1","per_event_HM_vs_rest","HM_vs_rest","CNA_driver",NA,NA,NA,NA,36,14,37,NA,NA
"pan_cancer","RUNX1T1","per_event_HM_vs_rest","HM_vs_rest","CI_M",NA,NA,NA,NA,36,14,37,NA,NA
"pan_cancer","RUNX1T1","per_event_HM_vs_rest","HM_vs_rest","M",NA,NA,NA,NA,36,14,37,NA,NA
"pan_cancer","RUNX1T1","per_event_HM_vs_rest","HM_vs_rest","WT",NA,NA,NA,NA,36,14,37,NA,NA
"pan_cancer","RUNX1T1","per_event_pairwise","HM_vs_Classic","CNA_driver",NA,NA,NA,NA,36,14,37,NA,NA
"pan_cancer","RUNX1T1","per_event_pairwise","HM_vs_Classic","CI_M",NA,NA,NA,NA,36,14,37,NA,NA
"pan_cancer","RUNX1T1","per_event_pairwise","HM_vs_Classic","M",NA,NA,NA,NA,36,14,37,NA,NA
"pan_cancer","RUNX1T1","per_event_pairwise","HM_vs_Classic","WT",NA,NA,NA,NA,36,14,37,NA,NA
"pan_cancer","RUNX1T1","per_event_pairwise","HM_vs_WGD","CNA_driver",NA,NA,NA,NA,36,14,37,NA,NA
"pan_cancer","RUNX1T1","per_event_pairwise","HM_vs_WGD","CI_M",NA,NA,NA,NA,36,14,37,NA,NA
"pan_cancer","RUNX1T1","per_event_pairwise","HM_vs_WGD","M",NA,NA,NA,NA,36,14,37,NA,NA
"pan_cancer","RUNX1T1","per_event_pairwise","HM_vs_WGD","WT",NA,NA,NA,NA,36,14,37,NA,NA
"pan_cancer","RUNX1T1","per_event_pairwise","WGD_vs_Classic","CNA_driver",NA,NA,NA,NA,36,14,37,NA,NA
"pan_cancer","RUNX1T1","per_event_pairwise","WGD_vs_Classic","CI_M",NA,NA,NA,NA,36,14,37,NA,NA
"pan_cancer","RUNX1T1","per_event_pairwise","WGD_vs_Classic","M",NA,NA,NA,NA,36,14,37,NA,NA
"pan_cancer","RUNX1T1","per_event_pairwise","WGD_vs_Classic","WT",NA,NA,NA,NA,36,14,37,NA,NA
"pan_cancer","SDHA","per_event_HM_vs_rest","HM_vs_rest","CNA_driver",NA,NA,NA,NA,17,5,7,NA,NA
"pan_cancer","SDHA","per_event_HM_vs_rest","HM_vs_rest","CI_M",NA,NA,NA,NA,17,5,7,NA,NA
"pan_cancer","SDHA","per_event_HM_vs_rest","HM_vs_rest","M",NA,NA,NA,NA,17,5,7,NA,NA
"pan_cancer","SDHA","per_event_HM_vs_rest","HM_vs_rest","WT",NA,NA,NA,NA,17,5,7,NA,NA
"pan_cancer","SDHA","per_event_pairwise","HM_vs_Classic","CNA_driver",NA,NA,NA,NA,17,5,7,NA,NA
"pan_cancer","SDHA","per_event_pairwise","HM_vs_Classic","CI_M",NA,NA,NA,NA,17,5,7,NA,NA
"pan_cancer","SDHA","per_event_pairwise","HM_vs_Classic","M",NA,NA,NA,NA,17,5,7,NA,NA
"pan_cancer","SDHA","per_event_pairwise","HM_vs_Classic","WT",NA,NA,NA,NA,17,5,7,NA,NA
"pan_cancer","SDHA","per_event_pairwise","HM_vs_WGD","CNA_driver",NA,NA,NA,NA,17,5,7,NA,NA
"pan_cancer","SDHA","per_event_pairwise","HM_vs_WGD","CI_M",NA,NA,NA,NA,17,5,7,NA,NA
"pan_cancer","SDHA","per_event_pairwise","HM_vs_WGD","M",NA,NA,NA,NA,17,5,7,NA,NA
"pan_cancer","SDHA","per_event_pairwise","HM_vs_WGD","WT",NA,NA,NA,NA,17,5,7,NA,NA
"pan_cancer","SDHA","per_event_pairwise","WGD_vs_Classic","CNA_driver",NA,NA,NA,NA,17,5,7,NA,NA
"pan_cancer","SDHA","per_event_pairwise","WGD_vs_Classic","CI_M",NA,NA,NA,NA,17,5,7,NA,NA
"pan_cancer","SDHA","per_event_pairwise","WGD_vs_Classic","M",NA,NA,NA,NA,17,5,7,NA,NA
"pan_cancer","SDHA","per_event_pairwise","WGD_vs_Classic","WT",NA,NA,NA,NA,17,5,7,NA,NA
"pan_cancer","SETD1B","per_event_HM_vs_rest","HM_vs_rest","CNA_driver",NA,NA,NA,NA,79,3,11,NA,NA
"pan_cancer","SETD1B","per_event_HM_vs_rest","HM_vs_rest","CI_M",NA,NA,NA,NA,79,3,11,NA,NA
"pan_cancer","SETD1B","per_event_HM_vs_rest","HM_vs_rest","M",NA,NA,NA,NA,79,3,11,NA,NA
"pan_cancer","SETD1B","per_event_HM_vs_rest","HM_vs_rest","WT",NA,NA,NA,NA,79,3,11,NA,NA
"pan_cancer","SETD1B","per_event_pairwise","HM_vs_Classic","CNA_driver",NA,NA,NA,NA,79,3,11,NA,NA
"pan_cancer","SETD1B","per_event_pairwise","HM_vs_Classic","CI_M",NA,NA,NA,NA,79,3,11,NA,NA
"pan_cancer","SETD1B","per_event_pairwise","HM_vs_Classic","M",NA,NA,NA,NA,79,3,11,NA,NA
"pan_cancer","SETD1B","per_event_pairwise","HM_vs_Classic","WT",NA,NA,NA,NA,79,3,11,NA,NA
"pan_cancer","SETD1B","per_event_pairwise","HM_vs_WGD","CNA_driver",NA,NA,NA,NA,79,3,11,NA,NA
"pan_cancer","SETD1B","per_event_pairwise","HM_vs_WGD","CI_M",NA,NA,NA,NA,79,3,11,NA,NA
"pan_cancer","SETD1B","per_event_pairwise","HM_vs_WGD","M",NA,NA,NA,NA,79,3,11,NA,NA
"pan_cancer","SETD1B","per_event_pairwise","HM_vs_WGD","WT",NA,NA,NA,NA,79,3,11,NA,NA
"pan_cancer","SETD1B","per_event_pairwise","WGD_vs_Classic","CNA_driver",NA,NA,NA,NA,79,3,11,NA,NA
"pan_cancer","SETD1B","per_event_pairwise","WGD_vs_Classic","CI_M",NA,NA,NA,NA,79,3,11,NA,NA
"pan_cancer","SETD1B","per_event_pairwise","WGD_vs_Classic","M",NA,NA,NA,NA,79,3,11,NA,NA
"pan_cancer","SETD1B","per_event_pairwise","WGD_vs_Classic","WT",NA,NA,NA,NA,79,3,11,NA,NA
"pan_cancer","SETD2","global","Classic_vs_HM_vs_WGD",NA,0.000499750124937531,NA,NA,NA,148,12,24,0.00165301964402414,0.00281677343146609
"pan_cancer","SETD2","pairwise_all_events","HM_vs_Classic",NA,0.266866566716642,NA,NA,NA,148,12,24,0.43876891963375,0.455791152043026
"pan_cancer","SETD2","pairwise_all_events","HM_vs_WGD",NA,0.0655184800558255,NA,NA,NA,148,12,24,0.163731604908076,0.185782329125983
"pan_cancer","SETD2","pairwise_all_events","WGD_vs_Classic",NA,0.000499750124937531,NA,NA,NA,148,12,24,0.00276861569215392,0.00407372071539988
"pan_cancer","SETD2","per_event_HM_vs_rest","HM_vs_rest","CNA_driver",1,0,0,78.7605698847049,148,12,24,1,1
"pan_cancer","SETD2","per_event_HM_vs_rest","HM_vs_rest","CI_M",NA,NA,NA,NA,148,12,24,NA,NA
"pan_cancer","SETD2","per_event_HM_vs_rest","HM_vs_rest","M",0.25419225038279,2.42989721961848,0.235075281901485,13.3505035200709,148,12,24,1,1
"pan_cancer","SETD2","per_event_HM_vs_rest","HM_vs_rest","WT",0.305977667961136,0.480187955582791,0.0891330936855591,4.9080694122097,148,12,24,1,1
"pan_cancer","SETD2","per_event_pairwise","HM_vs_Classic","CNA_driver",0.542857142857143,0,0,10.7772255641378,148,12,24,0.757233848953594,0.772727272727273
"pan_cancer","SETD2","per_event_pairwise","HM_vs_Classic","CI_M",NA,NA,NA,NA,148,12,24,NA,NA
"pan_cancer","SETD2","per_event_pairwise","HM_vs_Classic","M",0.268107097378183,0.34294885594532,0.0299807801244059,2.19986906728776,148,12,24,0.475296821141325,0.496914229609369
"pan_cancer","SETD2","per_event_pairwise","HM_vs_Classic","WT",0.142724232444183,4.07292424607198,0.651847099140072,46.1035046772725,148,12,24,0.337301513366288,0.352380952380953
"pan_cancer","SETD2","per_event_pairwise","HM_vs_WGD","CNA_driver",NA,NA,NA,NA,148,12,24,NA,NA
"pan_cancer","SETD2","per_event_pairwise","HM_vs_WGD","CI_M",NA,NA,NA,NA,148,12,24,NA,NA
"pan_cancer","SETD2","per_event_pairwise","HM_vs_WGD","M",0.0655184800558255,7.02072117562713,0.570742230529336,56.4024243607162,148,12,24,0.189062872112408,0.21494391025641
"pan_cancer","SETD2","per_event_pairwise","HM_vs_WGD","WT",0.0655184800558256,0.142435509826478,0.0177297343391588,1.75210444664757,148,12,24,0.189062872112408,0.21494391025641
"pan_cancer","SETD2","per_event_pairwise","WGD_vs_Classic","CNA_driver",0.0187678498572012,0,0,0.844797990632634,148,12,24,0.0752957831934473,0.087444278223552
"pan_cancer","SETD2","per_event_pairwise","WGD_vs_Classic","CI_M",NA,NA,NA,NA,148,12,24,NA,NA
"pan_cancer","SETD2","per_event_pairwise","WGD_vs_Classic","M",2.24858033808583e-06,0.0479896497806294,0.00959234773063971,0.196176293384366,148,12,24,4.22090652034968e-05,7.44398438239992e-05
"pan_cancer","SETD2","per_event_pairwise","WGD_vs_Classic","WT",3.54702048385726e-08,29.1490478834084,7.40254076822782,143.913992391014,148,12,24,1.16519622894711e-06,2.12483417556783e-06
"pan_cancer","SETDB1","global","Classic_vs_HM_vs_WGD",NA,0.280359820089955,NA,NA,NA,53,7,93,0.361664167916042,0.393264906008534
"pan_cancer","SETDB1","pairwise_all_events","HM_vs_Classic",NA,0.255402329629134,NA,NA,NA,53,7,93,0.434027271823742,0.44468107877176
"pan_cancer","SETDB1","pairwise_all_events","HM_vs_WGD",NA,0.399499625744666,NA,NA,NA,53,7,93,0.592513368983957,0.606651603775577
"pan_cancer","SETDB1","pairwise_all_events","WGD_vs_Classic",NA,0.668106837535181,NA,NA,NA,53,7,93,0.839714296236035,0.855813044271255
"pan_cancer","SETDB1","per_event_HM_vs_rest","HM_vs_rest","CNA_driver",NA,NA,NA,NA,53,7,93,NA,NA
"pan_cancer","SETDB1","per_event_HM_vs_rest","HM_vs_rest","CI_M",NA,NA,NA,NA,53,7,93,NA,NA
"pan_cancer","SETDB1","per_event_HM_vs_rest","HM_vs_rest","M",0.284373628034722,3.82943011544461,0.0725846088885456,41.2207536842317,53,7,93,1,1
"pan_cancer","SETDB1","per_event_HM_vs_rest","HM_vs_rest","WT",0.284373628034722,0.261135461375013,0.0242596243547709,13.7770253957766,53,7,93,1,1
"pan_cancer","SETDB1","per_event_pairwise","HM_vs_Classic","CNA_driver",NA,NA,NA,NA,53,7,93,NA,NA
"pan_cancer","SETDB1","per_event_pairwise","HM_vs_Classic","CI_M",NA,NA,NA,NA,53,7,93,NA,NA
"pan_cancer","SETDB1","per_event_pairwise","HM_vs_Classic","M",0.255402329629134,4.85456618829942,0.081754567975603,72.5183354834983,53,7,93,0.468713213872461,0.485348932886724
"pan_cancer","SETDB1","per_event_pairwise","HM_vs_Classic","WT",0.255402329629134,0.205991629573456,0.0137896160099752,12.2317324250116,53,7,93,0.468713213872461,0.485348932886724
"pan_cancer","SETDB1","per_event_pairwise","HM_vs_WGD","CNA_driver",NA,NA,NA,NA,53,7,93,NA,NA
"pan_cancer","SETDB1","per_event_pairwise","HM_vs_WGD","CI_M",NA,NA,NA,NA,53,7,93,NA,NA
"pan_cancer","SETDB1","per_event_pairwise","HM_vs_WGD","M",0.399499625744666,2.71323744320341,0.0454223541773847,40.8806866068154,53,7,93,0.625714285714286,0.6526588845655
"pan_cancer","SETDB1","per_event_pairwise","HM_vs_WGD","WT",0.399499625744665,0.368563393707017,0.024461428684353,22.0155916202575,53,7,93,0.625714285714286,0.6526588845655
"pan_cancer","SETDB1","per_event_pairwise","WGD_vs_Classic","CNA_driver",NA,NA,NA,NA,53,7,93,NA,NA
"pan_cancer","SETDB1","per_event_pairwise","WGD_vs_Classic","CI_M",NA,NA,NA,NA,53,7,93,NA,NA
"pan_cancer","SETDB1","per_event_pairwise","WGD_vs_Classic","M",0.66810683753518,1.79227818815095,0.231338297777443,13.8958560786722,53,7,93,0.880860479585171,0.91158178049811
"pan_cancer","SETDB1","per_event_pairwise","WGD_vs_Classic","WT",0.66810683753518,0.557949098868224,0.0719639001971841,4.32267380545023,53,7,93,0.880860479585171,0.91158178049811
"pan_cancer","SF3B1","global","Classic_vs_HM_vs_WGD",NA,0.000999500249875062,NA,NA,NA,124,15,18,0.0027433091964656,0.0044905083690039
"pan_cancer","SF3B1","pairwise_all_events","HM_vs_Classic",NA,0.186122206492062,NA,NA,NA,124,15,18,0.365644334739724,0.376442658243343
"pan_cancer","SF3B1","pairwise_all_events","HM_vs_WGD",NA,0.204879574601189,NA,NA,NA,124,15,18,0.386065592955981,0.393661468340855
"pan_cancer","SF3B1","pairwise_all_events","WGD_vs_Classic",NA,0.000105659034258323,NA,NA,NA,124,15,18,0.00260681347637869,0.00378963736206518
"pan_cancer","SF3B1","per_event_HM_vs_rest","HM_vs_rest","CNA_driver",NA,NA,NA,NA,124,15,18,NA,NA
"pan_cancer","SF3B1","per_event_HM_vs_rest","HM_vs_rest","CI_M",NA,NA,NA,NA,124,15,18,NA,NA
"pan_cancer","SF3B1","per_event_HM_vs_rest","HM_vs_rest","M",0.512022026561191,1.61312618591477,0.0328780921784603,14.8874184256493,124,15,18,1,1
"pan_cancer","SF3B1","per_event_HM_vs_rest","HM_vs_rest","WT",0.512022026561191,0.619914305980297,0.067170813058973,30.4153901197202,124,15,18,1,1
"pan_cancer","SF3B1","per_event_pairwise","HM_vs_Classic","CNA_driver",NA,NA,NA,NA,124,15,18,NA,NA
"pan_cancer","SF3B1","per_event_pairwise","HM_vs_Classic","CI_M",NA,NA,NA,NA,124,15,18,NA,NA
"pan_cancer","SF3B1","per_event_pairwise","HM_vs_Classic","M",0.186122206492062,0.19444428932837,0.00367559375423976,2.07997600200249,124,15,18,0.397020420991184,0.410774975029849
"pan_cancer","SF3B1","per_event_pairwise","HM_vs_Classic","WT",0.186122206492062,5.14286124552232,0.480774777707652,272.064887161843,124,15,18,0.397020420991184,0.410774975029849
"pan_cancer","SF3B1","per_event_pairwise","HM_vs_WGD","CNA_driver",NA,NA,NA,NA,124,15,18,NA,NA
"pan_cancer","SF3B1","per_event_pairwise","HM_vs_WGD","CI_M",NA,NA,NA,NA,124,15,18,NA,NA
"pan_cancer","SF3B1","per_event_pairwise","HM_vs_WGD","M",0.204879574601189,8.52039844618995,0.10451157951945,690.565963735018,124,15,18,0.419332961099629,0.433173957728228
"pan_cancer","SF3B1","per_event_pairwise","HM_vs_WGD","WT",0.204879574601189,0.11736540331012,0.00144808758687058,9.56831773663789,124,15,18,0.419332961099629,0.433173957728228
"pan_cancer","SF3B1","per_event_pairwise","WGD_vs_Classic","CNA_driver",NA,NA,NA,NA,124,15,18,NA,NA
"pan_cancer","SF3B1","per_event_pairwise","WGD_vs_Classic","CI_M",NA,NA,NA,NA,124,15,18,NA,NA
"pan_cancer","SF3B1","per_event_pairwise","WGD_vs_Classic","M",0.000105659034258323,0.0224101189152098,0.00045044940803482,0.220472709168785,124,15,18,0.000977718105742513,0.00152780534594219
"pan_cancer","SF3B1","per_event_pairwise","WGD_vs_Classic","WT",0.000105659034258323,44.6226994057269,4.53570876763002,2220.00513745318,124,15,18,0.000977718105742513,0.00152780534594219
"pan_cancer","SGK1","global","Classic_vs_WGD",NA,0.0101010101010101,NA,NA,NA,7,1,5,0.022085259373395,0.0287276434065425
"pan_cancer","SGK1","pairwise_all_events","WGD_vs_Classic",NA,0.0101010101010101,NA,NA,NA,7,1,5,0.0388608305274972,0.0456667515491045
"pan_cancer","SGK1","per_event_pairwise","WGD_vs_Classic","CNA_driver",NA,NA,NA,NA,7,1,5,NA,NA
"pan_cancer","SGK1","per_event_pairwise","WGD_vs_Classic","CI_M",NA,NA,NA,NA,7,1,5,NA,NA
"pan_cancer","SGK1","per_event_pairwise","WGD_vs_Classic","M",0.0101010101010101,0,0,0.660601492840293,7,1,5,0.0480895915678525,0.0569405971068021
"pan_cancer","SGK1","per_event_pairwise","WGD_vs_Classic","WT",0.0101010101010101,Inf,1.51377193487778,Inf,7,1,5,0.0480895915678525,0.0569405971068021
"pan_cancer","SIN3A","per_event_pairwise","WGD_vs_Classic","CNA_driver",NA,NA,NA,NA,6,2,3,NA,NA
"pan_cancer","SIN3A","per_event_pairwise","WGD_vs_Classic","CI_M",NA,NA,NA,NA,6,2,3,NA,NA
"pan_cancer","SIN3A","per_event_pairwise","WGD_vs_Classic","M",NA,NA,NA,NA,6,2,3,NA,NA
"pan_cancer","SIN3A","per_event_pairwise","WGD_vs_Classic","WT",NA,NA,NA,NA,6,2,3,NA,NA
"pan_cancer","SMAD3","per_event_pairwise","WGD_vs_Classic","CNA_driver",NA,NA,NA,NA,39,1,13,NA,NA
"pan_cancer","SMAD3","per_event_pairwise","WGD_vs_Classic","CI_M",NA,NA,NA,NA,39,1,13,NA,NA
"pan_cancer","SMAD3","per_event_pairwise","WGD_vs_Classic","M",NA,NA,NA,NA,39,1,13,NA,NA
"pan_cancer","SMAD3","per_event_pairwise","WGD_vs_Classic","WT",NA,NA,NA,NA,39,1,13,NA,NA
"pan_cancer","SMAD4","global","Classic_vs_HM_vs_WGD",NA,0.000499750124937531,NA,NA,NA,78,13,58,0.00165301964402414,0.00281677343146609
"pan_cancer","SMAD4","pairwise_all_events","HM_vs_Classic",NA,0.00349825087456272,NA,NA,NA,78,13,58,0.0170002717939276,0.0202371932313413
"pan_cancer","SMAD4","pairwise_all_events","HM_vs_WGD",NA,0.372313843078461,NA,NA,NA,78,13,58,0.567622950819672,0.583979147452513
"pan_cancer","SMAD4","pairwise_all_events","WGD_vs_Classic",NA,0.000499750124937531,NA,NA,NA,78,13,58,0.00276861569215392,0.00407372071539988
"pan_cancer","SMAD4","per_event_HM_vs_rest","HM_vs_rest","CNA_driver",1,0.803852991355103,0.134828077162103,3.35695612322761,78,13,58,1,1
"pan_cancer","SMAD4","per_event_HM_vs_rest","HM_vs_rest","CI_M",NA,NA,NA,NA,78,13,58,NA,NA
"pan_cancer","SMAD4","per_event_HM_vs_rest","HM_vs_rest","M",1,0.899387679026149,0.191856929554669,3.44161598351763,78,13,58,1,1
"pan_cancer","SMAD4","per_event_HM_vs_rest","HM_vs_rest","WT",0.769262293387739,1.29922519938706,0.340834281782383,4.79098604620029,78,13,58,1,1
"pan_cancer","SMAD4","per_event_pairwise","HM_vs_Classic","CNA_driver",0.348160149063933,0.461225964961785,0.0737039057172799,2.0557904548434,78,13,58,0.569008004813443,0.590276910407585
"pan_cancer","SMAD4","per_event_pairwise","HM_vs_Classic","CI_M",NA,NA,NA,NA,78,13,58,NA,NA
"pan_cancer","SMAD4","per_event_pairwise","HM_vs_Classic","M",0.219618131122668,0.392225994788285,0.0790405922664752,1.60408682122084,78,13,58,0.439905829718272,0.45291739172511
"pan_cancer","SMAD4","per_event_pairwise","HM_vs_Classic","WT",0.00169612484457704,10.9357234482325,2.04523996072717,67.4487223219347,78,13,58,0.0105127738008219,0.0138553574966099
"pan_cancer","SMAD4","per_event_pairwise","HM_vs_WGD","CNA_driver",0.703509688791034,1.36633572147781,0.214232253743604,6.3100838808395,78,13,58,0.918898341025267,0.953680160020604
"pan_cancer","SMAD4","per_event_pairwise","HM_vs_WGD","CI_M",NA,NA,NA,NA,78,13,58,NA,NA
"pan_cancer","SMAD4","per_event_pairwise","HM_vs_WGD","M",0.278984114017464,2.01356052488929,0.396258956927024,8.60081606762848,78,13,58,0.48748022050392,0.507170542534639
"pan_cancer","SMAD4","per_event_pairwise","HM_vs_WGD","WT",0.234696841202987,0.484077413555328,0.121225851245566,1.86725655641577,78,13,58,0.445652672457694,0.463498628309823
"pan_cancer","SMAD4","per_event_pairwise","WGD_vs_Classic","CNA_driver",0.00636575005296351,0.335757227093431,0.14030481278557,0.778323009981654,78,13,58,0.0332181987856351,0.0413104728860757
"pan_cancer","SMAD4","per_event_pairwise","WGD_vs_Classic","CI_M",NA,NA,NA,NA,78,13,58,NA,NA
"pan_cancer","SMAD4","per_event_pairwise","WGD_vs_Classic","M",1.84943371381511e-05,0.193151044413926,0.0809996163848302,0.440852834948891,78,13,58,0.000244657697003399,0.000410931377113242
"pan_cancer","SMAD4","per_event_pairwise","WGD_vs_Classic","WT",2.3518135429535e-12,23.4819211449107,7.52750571672815,98.6878171716493,78,13,58,1.18857038286188e-10,2.27583187464269e-10
"pan_cancer","SMARCA4","global","Classic_vs_HM_vs_WGD",NA,0.000499750124937531,NA,NA,NA,109,8,16,0.00165301964402414,0.00281677343146609
"pan_cancer","SMARCA4","pairwise_all_events","HM_vs_Classic",NA,0.589205397301349,NA,NA,NA,109,8,16,0.761159677921416,0.776942411147368
"pan_cancer","SMARCA4","pairwise_all_events","HM_vs_WGD",NA,0.301849075462269,NA,NA,NA,109,8,16,0.48052985001752,0.49967631568831
"pan_cancer","SMARCA4","pairwise_all_events","WGD_vs_Classic",NA,0.000499750124937531,NA,NA,NA,109,8,16,0.00276861569215392,0.00407372071539988
"pan_cancer","SMARCA4","per_event_HM_vs_rest","HM_vs_rest","CNA_driver",1,0,0,87.3569674671986,109,8,16,1,1
"pan_cancer","SMARCA4","per_event_HM_vs_rest","HM_vs_rest","CI_M",NA,NA,NA,NA,109,8,16,NA,NA
"pan_cancer","SMARCA4","per_event_HM_vs_rest","HM_vs_rest","M",0.438106629722221,2.07406796393395,0.0412607030654547,19.9373319327205,109,8,16,1,1
"pan_cancer","SMARCA4","per_event_HM_vs_rest","HM_vs_rest","WT",0.508545924501339,0.611426753976358,0.0663442086044026,30.143756026915,109,8,16,1,1
"pan_cancer","SMARCA4","per_event_pairwise","HM_vs_Classic","CNA_driver",1,0,0,77.906269020085,109,8,16,1,1
"pan_cancer","SMARCA4","per_event_pairwise","HM_vs_Classic","CI_M",NA,NA,NA,NA,109,8,16,NA,NA
"pan_cancer","SMARCA4","per_event_pairwise","HM_vs_Classic","M",0.621385479509049,0.328145430406573,0.00583224223491263,3.9381450089179,109,8,16,0.839218487756958,0.85901421233229
"pan_cancer","SMARCA4","per_event_pairwise","HM_vs_Classic","WT",0.352148487159929,3.98152906330216,0.348960109607234,220.013161684374,109,8,16,0.572677118970478,0.593837529285778
"pan_cancer","SMARCA4","per_event_pairwise","HM_vs_WGD","CNA_driver",1,0,0,527.007630127673,109,8,16,1,1
"pan_cancer","SMARCA4","per_event_pairwise","HM_vs_WGD","CI_M",NA,NA,NA,NA,109,8,16,NA,NA
"pan_cancer","SMARCA4","per_event_pairwise","HM_vs_WGD","M",0.249599087096128,4.91856090337162,0.0842373756191924,71.4471168199296,109,8,16,0.461934085132834,0.47869101978691
"pan_cancer","SMARCA4","per_event_pairwise","HM_vs_WGD","WT",0.302724815443305,0.271739455151792,0.0223274598905773,14.9885553097467,109,8,16,0.517943238922529,0.54018130188323
"pan_cancer","SMARCA4","per_event_pairwise","WGD_vs_Classic","CNA_driver",0.240516129032258,0.142784591568623,0.00176287595796412,11.6239619310597,109,8,16,0.453768453768454,0.472821235611933
"pan_cancer","SMARCA4","per_event_pairwise","WGD_vs_Classic","CI_M",NA,NA,NA,NA,109,8,16,NA,NA
"pan_cancer","SMARCA4","per_event_pairwise","WGD_vs_Classic","M",0.000820785315393175,0.0651194454232901,0.00886301481097344,0.384149758805667,109,8,16,0.00550261175727873,0.00800424749429933
"pan_cancer","SMARCA4","per_event_pairwise","WGD_vs_Classic","WT",0.000265151593037417,15.0644654922931,3.02260599561468,85.7628198441413,109,8,16,0.00208281683328213,0.00322115999892561
"pan_cancer","SMARCD1","per_event_pairwise","WGD_vs_Classic","CNA_driver",NA,NA,NA,NA,20,0,3,NA,NA
"pan_cancer","SMARCD1","per_event_pairwise","WGD_vs_Classic","CI_M",NA,NA,NA,NA,20,0,3,NA,NA
"pan_cancer","SMARCD1","per_event_pairwise","WGD_vs_Classic","M",NA,NA,NA,NA,20,0,3,NA,NA
"pan_cancer","SMARCD1","per_event_pairwise","WGD_vs_Classic","WT",NA,NA,NA,NA,20,0,3,NA,NA
"pan_cancer","SMC3","per_event_HM_vs_rest","HM_vs_rest","CNA_driver",NA,NA,NA,NA,18,3,0,NA,NA
"pan_cancer","SMC3","per_event_HM_vs_rest","HM_vs_rest","CI_M",NA,NA,NA,NA,18,3,0,NA,NA
"pan_cancer","SMC3","per_event_HM_vs_rest","HM_vs_rest","M",NA,NA,NA,NA,18,3,0,NA,NA
"pan_cancer","SMC3","per_event_HM_vs_rest","HM_vs_rest","WT",NA,NA,NA,NA,18,3,0,NA,NA
"pan_cancer","SMC3","per_event_pairwise","HM_vs_WGD","CNA_driver",NA,NA,NA,NA,18,3,0,NA,NA
"pan_cancer","SMC3","per_event_pairwise","HM_vs_WGD","CI_M",NA,NA,NA,NA,18,3,0,NA,NA
"pan_cancer","SMC3","per_event_pairwise","HM_vs_WGD","M",NA,NA,NA,NA,18,3,0,NA,NA
"pan_cancer","SMC3","per_event_pairwise","HM_vs_WGD","WT",NA,NA,NA,NA,18,3,0,NA,NA
"pan_cancer","SMO","global","Classic_vs_HM_vs_WGD",NA,0.492753623188406,NA,NA,NA,25,8,29,0.593318809005083,0.608643984603064
"pan_cancer","SMO","pairwise_all_events","HM_vs_Classic",NA,0.39039039039039,NA,NA,NA,25,8,29,0.584530476422368,0.601805243639054
"pan_cancer","SMO","pairwise_all_events","HM_vs_WGD",NA,1,NA,NA,NA,25,8,29,1,1
"pan_cancer","SMO","pairwise_all_events","WGD_vs_Classic",NA,0.59079180777294,NA,NA,NA,25,8,29,0.761159677921416,0.777129566214772
"pan_cancer","SMO","per_event_HM_vs_rest","HM_vs_rest","CNA_driver",NA,NA,NA,NA,25,8,29,NA,NA
"pan_cancer","SMO","per_event_HM_vs_rest","HM_vs_rest","CI_M",NA,NA,NA,NA,25,8,29,NA,NA
"pan_cancer","SMO","per_event_HM_vs_rest","HM_vs_rest","M",0.433084458944689,2.38332711551691,0.0405325892915475,34.948682125572,25,8,29,1,1
"pan_cancer","SMO","per_event_HM_vs_rest","HM_vs_rest","WT",0.433084458944689,0.419581514215733,0.0286133822273172,24.6715055089889,25,8,29,1,1
"pan_cancer","SMO","per_event_pairwise","HM_vs_Classic","CNA_driver",NA,NA,NA,NA,25,8,29,NA,NA
"pan_cancer","SMO","per_event_pairwise","HM_vs_Classic","CI_M",NA,NA,NA,NA,25,8,29,NA,NA
"pan_cancer","SMO","per_event_pairwise","HM_vs_Classic","M",0.39039039039039,3.80788671911737,0.0446313156845948,323.926199267104,25,8,29,0.62103265493096,0.647903840515978
"pan_cancer","SMO","per_event_pairwise","HM_vs_Classic","WT",0.390390390390391,0.262612854258382,0.00308712293807213,22.4057925396353,25,8,29,0.62103265493096,0.647903840515978
"pan_cancer","SMO","per_event_pairwise","HM_vs_WGD","CNA_driver",NA,NA,NA,NA,25,8,29,NA,NA
"pan_cancer","SMO","per_event_pairwise","HM_vs_WGD","CI_M",NA,NA,NA,NA,25,8,29,NA,NA
"pan_cancer","SMO","per_event_pairwise","HM_vs_WGD","M",1,1.61578528751473,0.0243985869933013,35.6563988724175,25,8,29,1,1
"pan_cancer","SMO","per_event_pairwise","HM_vs_WGD","WT",1,0.618894111567336,0.0280454569621041,40.9859800600154,25,8,29,1,1
"pan_cancer","SMO","per_event_pairwise","WGD_vs_Classic","CNA_driver",NA,NA,NA,NA,25,8,29,NA,NA
"pan_cancer","SMO","per_event_pairwise","WGD_vs_Classic","CI_M",NA,NA,NA,NA,25,8,29,NA,NA
"pan_cancer","SMO","per_event_pairwise","WGD_vs_Classic","M",0.59079180777294,2.39570272168747,0.117722416248123,148.542240574162,25,8,29,0.801963259724838,0.821075868479145
"pan_cancer","SMO","per_event_pairwise","WGD_vs_Classic","WT",0.59079180777294,0.417414060161701,0.00673209180186512,8.49455891129776,25,8,29,0.801963259724838,0.821075868479145
"pan_cancer","SOCS1","global","Classic_vs_WGD",NA,1,NA,NA,NA,7,1,10,1,1
"pan_cancer","SOCS1","pairwise_all_events","WGD_vs_Classic",NA,1,NA,NA,NA,7,1,10,1,1
"pan_cancer","SOCS1","per_event_pairwise","WGD_vs_Classic","CNA_driver",1,0,0,55.6666956597373,7,1,10,1,1
"pan_cancer","SOCS1","per_event_pairwise","WGD_vs_Classic","CI_M",NA,NA,NA,NA,7,1,10,NA,NA
"pan_cancer","SOCS1","per_event_pairwise","WGD_vs_Classic","M",NA,NA,NA,NA,7,1,10,NA,NA
"pan_cancer","SOCS1","per_event_pairwise","WGD_vs_Classic","WT",1,Inf,0.0179640625,Inf,7,1,10,1,1
"pan_cancer","SPEN","per_event_HM_vs_rest","HM_vs_rest","CNA_driver",NA,NA,NA,NA,44,6,1,NA,NA
"pan_cancer","SPEN","per_event_HM_vs_rest","HM_vs_rest","CI_M",NA,NA,NA,NA,44,6,1,NA,NA
"pan_cancer","SPEN","per_event_HM_vs_rest","HM_vs_rest","M",NA,NA,NA,NA,44,6,1,NA,NA
"pan_cancer","SPEN","per_event_HM_vs_rest","HM_vs_rest","WT",NA,NA,NA,NA,44,6,1,NA,NA
"pan_cancer","SPEN","per_event_pairwise","HM_vs_WGD","CNA_driver",NA,NA,NA,NA,44,6,1,NA,NA
"pan_cancer","SPEN","per_event_pairwise","HM_vs_WGD","CI_M",NA,NA,NA,NA,44,6,1,NA,NA
"pan_cancer","SPEN","per_event_pairwise","HM_vs_WGD","M",NA,NA,NA,NA,44,6,1,NA,NA
"pan_cancer","SPEN","per_event_pairwise","HM_vs_WGD","WT",NA,NA,NA,NA,44,6,1,NA,NA
"pan_cancer","SPOP","global","Classic_vs_HM_vs_WGD",NA,0.0349825087456272,NA,NA,NA,24,4,8,0.0618184058655604,0.0809296844115256
"pan_cancer","SPOP","pairwise_all_events","HM_vs_Classic",NA,1,NA,NA,NA,24,4,8,1,1
"pan_cancer","SPOP","pairwise_all_events","HM_vs_WGD",NA,0.26984126984127,NA,NA,NA,24,4,8,0.43876891963375,0.458255149154982
"pan_cancer","SPOP","pairwise_all_events","WGD_vs_Classic",NA,0.039321468298109,NA,NA,NA,24,4,8,0.113458819985169,0.128211817844743
"pan_cancer","SPOP","per_event_HM_vs_rest","HM_vs_rest","CNA_driver",NA,NA,NA,NA,24,4,8,NA,NA
"pan_cancer","SPOP","per_event_HM_vs_rest","HM_vs_rest","CI_M",NA,NA,NA,NA,24,4,8,NA,NA
"pan_cancer","SPOP","per_event_HM_vs_rest","HM_vs_rest","M",0.465834818775995,2.26546257673827,0.0356340386933797,38.2289332493623,24,4,8,1,1
"pan_cancer","SPOP","per_event_HM_vs_rest","HM_vs_rest","WT",0.465834818775995,0.441410955214172,0.0261581978622614,28.0630553444897,24,4,8,1,1
"pan_cancer","SPOP","per_event_pairwise","HM_vs_Classic","CNA_driver",NA,NA,NA,NA,24,4,8,NA,NA
"pan_cancer","SPOP","per_event_pairwise","HM_vs_Classic","CI_M",NA,NA,NA,NA,24,4,8,NA,NA
"pan_cancer","SPOP","per_event_pairwise","HM_vs_Classic","M",1,0.58251020242371,0.00797298505932793,12.4325007310485,24,4,8,1,1
"pan_cancer","SPOP","per_event_pairwise","HM_vs_Classic","WT",1,1.71670812947,0.0804343407358614,125.423538682047,24,4,8,1,1
"pan_cancer","SPOP","per_event_pairwise","HM_vs_WGD","CNA_driver",NA,NA,NA,NA,24,4,8,NA,NA
"pan_cancer","SPOP","per_event_pairwise","HM_vs_WGD","CI_M",NA,NA,NA,NA,24,4,8,NA,NA
"pan_cancer","SPOP","per_event_pairwise","HM_vs_WGD","M",0.26984126984127,6.78213777001555,0.0733813508035236,622.881140967512,24,4,8,0.475296821141325,0.497742400968207
"pan_cancer","SPOP","per_event_pairwise","HM_vs_WGD","WT",0.26984126984127,0.147446134819185,0.00160544273093052,13.6274406105915,24,4,8,0.475296821141325,0.497742400968207
"pan_cancer","SPOP","per_event_pairwise","WGD_vs_Classic","CNA_driver",NA,NA,NA,NA,24,4,8,NA,NA
"pan_cancer","SPOP","per_event_pairwise","WGD_vs_Classic","CI_M",NA,NA,NA,NA,24,4,8,NA,NA
"pan_cancer","SPOP","per_event_pairwise","WGD_vs_Classic","M",0.039321468298109,0.0813646100957294,0.00133293389983142,1.23877437898118,24,4,8,0.129820123979184,0.15127341626612
"pan_cancer","SPOP","per_event_pairwise","WGD_vs_Classic","WT",0.039321468298109,12.2903557065344,0.807249501577877,750.224748673932,24,4,8,0.129820123979184,0.15127341626612
"pan_cancer","STAG1","per_event_HM_vs_rest","HM_vs_rest","CNA_driver",NA,NA,NA,NA,152,23,17,NA,NA
"pan_cancer","STAG1","per_event_HM_vs_rest","HM_vs_rest","CI_M",NA,NA,NA,NA,152,23,17,NA,NA
"pan_cancer","STAG1","per_event_HM_vs_rest","HM_vs_rest","M",NA,NA,NA,NA,152,23,17,NA,NA
"pan_cancer","STAG1","per_event_HM_vs_rest","HM_vs_rest","WT",NA,NA,NA,NA,152,23,17,NA,NA
"pan_cancer","STAG1","per_event_pairwise","HM_vs_Classic","CNA_driver",NA,NA,NA,NA,152,23,17,NA,NA
"pan_cancer","STAG1","per_event_pairwise","HM_vs_Classic","CI_M",NA,NA,NA,NA,152,23,17,NA,NA
"pan_cancer","STAG1","per_event_pairwise","HM_vs_Classic","M",NA,NA,NA,NA,152,23,17,NA,NA
"pan_cancer","STAG1","per_event_pairwise","HM_vs_Classic","WT",NA,NA,NA,NA,152,23,17,NA,NA
"pan_cancer","STAG1","per_event_pairwise","HM_vs_WGD","CNA_driver",NA,NA,NA,NA,152,23,17,NA,NA
"pan_cancer","STAG1","per_event_pairwise","HM_vs_WGD","CI_M",NA,NA,NA,NA,152,23,17,NA,NA
"pan_cancer","STAG1","per_event_pairwise","HM_vs_WGD","M",NA,NA,NA,NA,152,23,17,NA,NA
"pan_cancer","STAG1","per_event_pairwise","HM_vs_WGD","WT",NA,NA,NA,NA,152,23,17,NA,NA
"pan_cancer","STAG1","per_event_pairwise","WGD_vs_Classic","CNA_driver",NA,NA,NA,NA,152,23,17,NA,NA
"pan_cancer","STAG1","per_event_pairwise","WGD_vs_Classic","CI_M",NA,NA,NA,NA,152,23,17,NA,NA
"pan_cancer","STAG1","per_event_pairwise","WGD_vs_Classic","M",NA,NA,NA,NA,152,23,17,NA,NA
"pan_cancer","STAG1","per_event_pairwise","WGD_vs_Classic","WT",NA,NA,NA,NA,152,23,17,NA,NA
"pan_cancer","STAT3","global","Classic_vs_WGD",NA,0.193939393939394,NA,NA,NA,4,2,7,0.269012707722385,0.299110508065732
"pan_cancer","STAT3","pairwise_all_events","WGD_vs_Classic",NA,0.193939393939394,NA,NA,NA,4,2,7,0.370491118077325,0.383190883190883
"pan_cancer","STAT3","per_event_pairwise","WGD_vs_Classic","CNA_driver",NA,NA,NA,NA,4,2,7,NA,NA
"pan_cancer","STAT3","per_event_pairwise","WGD_vs_Classic","CI_M",NA,NA,NA,NA,4,2,7,NA,NA
"pan_cancer","STAT3","per_event_pairwise","WGD_vs_Classic","M",0.193939393939394,0,0,2.30642121058764,4,2,7,0.404502164502164,0.421017402945114
"pan_cancer","STAT3","per_event_pairwise","WGD_vs_Classic","WT",0.193939393939394,Inf,0.43357214866456,Inf,4,2,7,0.404502164502164,0.421017402945114
"pan_cancer","STAT6","global","Classic_vs_HM_vs_WGD",NA,0.231884057971014,NA,NA,NA,5,3,16,0.31487414187643,0.340682739199121
"pan_cancer","STAT6","pairwise_all_events","HM_vs_Classic",NA,0.228070175438597,NA,NA,NA,5,3,16,0.415603900975244,0.420211487623168
"pan_cancer","STAT6","pairwise_all_events","HM_vs_WGD",NA,1,NA,NA,NA,5,3,16,1,1
"pan_cancer","STAT6","pairwise_all_events","WGD_vs_Classic",NA,0.338345864661654,NA,NA,NA,5,3,16,0.526526991636395,0.541756176154673
"pan_cancer","STAT6","per_event_HM_vs_rest","HM_vs_rest","CNA_driver",NA,NA,NA,NA,5,3,16,NA,NA
"pan_cancer","STAT6","per_event_HM_vs_rest","HM_vs_rest","CI_M",NA,NA,NA,NA,5,3,16,NA,NA
"pan_cancer","STAT6","per_event_HM_vs_rest","HM_vs_rest","M",0.266304347826087,0,0,3.99454764820424,5,3,16,1,1
"pan_cancer","STAT6","per_event_HM_vs_rest","HM_vs_rest","WT",0.266304347826087,Inf,0.250341237123446,Inf,5,3,16,1,1
"pan_cancer","STAT6","per_event_pairwise","HM_vs_Classic","CNA_driver",NA,NA,NA,NA,5,3,16,NA,NA
"pan_cancer","STAT6","per_event_pairwise","HM_vs_Classic","CI_M",NA,NA,NA,NA,5,3,16,NA,NA
"pan_cancer","STAT6","per_event_pairwise","HM_vs_Classic","M",0.228070175438596,0,0,3.20924893499684,5,3,16,0.442871587462083,0.459059649122807
"pan_cancer","STAT6","per_event_pairwise","HM_vs_Classic","WT",0.228070175438596,Inf,0.31159938672722,Inf,5,3,16,0.442871587462083,0.459059649122807
"pan_cancer","STAT6","per_event_pairwise","HM_vs_WGD","CNA_driver",NA,NA,NA,NA,5,3,16,NA,NA
"pan_cancer","STAT6","per_event_pairwise","HM_vs_WGD","CI_M",NA,NA,NA,NA,5,3,16,NA,NA
"pan_cancer","STAT6","per_event_pairwise","HM_vs_WGD","M",1,0,0,64.9350649350649,5,3,16,1,1
"pan_cancer","STAT6","per_event_pairwise","HM_vs_WGD","WT",1,Inf,0.0154,Inf,5,3,16,1,1
"pan_cancer","STAT6","per_event_pairwise","WGD_vs_Classic","CNA_driver",NA,NA,NA,NA,5,3,16,NA,NA
"pan_cancer","STAT6","per_event_pairwise","WGD_vs_Classic","CI_M",NA,NA,NA,NA,5,3,16,NA,NA
"pan_cancer","STAT6","per_event_pairwise","WGD_vs_Classic","M",0.338345864661654,0.265934548795327,0.00452834389785494,3.52546655921297,5,3,16,0.558405447195914,0.581474177246395
"pan_cancer","STAT6","per_event_pairwise","WGD_vs_Classic","WT",0.338345864661654,3.76032375082502,0.283650400083001,220.831284583686,5,3,16,0.558405447195914,0.581474177246395
"pan_cancer","TAL1","per_event_pairwise","WGD_vs_Classic","CNA_driver",NA,NA,NA,NA,29,1,3,NA,NA
"pan_cancer","TAL1","per_event_pairwise","WGD_vs_Classic","CI_M",NA,NA,NA,NA,29,1,3,NA,NA
"pan_cancer","TAL1","per_event_pairwise","WGD_vs_Classic","M",NA,NA,NA,NA,29,1,3,NA,NA
"pan_cancer","TAL1","per_event_pairwise","WGD_vs_Classic","WT",NA,NA,NA,NA,29,1,3,NA,NA
"pan_cancer","TBL1XR1","global","Classic_vs_HM_vs_WGD",NA,0.0214892553723138,NA,NA,NA,17,3,15,0.0410146817347629,0.0540503557744937
"pan_cancer","TBL1XR1","pairwise_all_events","HM_vs_Classic",NA,1,NA,NA,NA,17,3,15,1,1
"pan_cancer","TBL1XR1","pairwise_all_events","HM_vs_WGD",NA,0.15,NA,NA,NA,17,3,15,0.312406015037594,0.325403225806452
"pan_cancer","TBL1XR1","pairwise_all_events","WGD_vs_Classic",NA,0.0149124026696329,NA,NA,NA,17,3,15,0.051634194243604,0.0603223506485903
"pan_cancer","TBL1XR1","per_event_HM_vs_rest","HM_vs_rest","CNA_driver",NA,NA,NA,NA,17,3,15,NA,NA
"pan_cancer","TBL1XR1","per_event_HM_vs_rest","HM_vs_rest","CI_M",NA,NA,NA,NA,17,3,15,NA,NA
"pan_cancer","TBL1XR1","per_event_HM_vs_rest","HM_vs_rest","M",0.441711229946524,2.60334581400162,0.0382004348284858,59.7853936428612,17,3,15,1,1
"pan_cancer","TBL1XR1","per_event_HM_vs_rest","HM_vs_rest","WT",0.441711229946524,0.384121077815203,0.016726493530739,26.1777124917517,17,3,15,1,1
"pan_cancer","TBL1XR1","per_event_pairwise","HM_vs_Classic","CNA_driver",NA,NA,NA,NA,17,3,15,NA,NA
"pan_cancer","TBL1XR1","per_event_pairwise","HM_vs_Classic","CI_M",NA,NA,NA,NA,17,3,15,NA,NA
"pan_cancer","TBL1XR1","per_event_pairwise","HM_vs_Classic","M",1,1,0.0141608839236301,23.9783174850027,17,3,15,1,1
"pan_cancer","TBL1XR1","per_event_pairwise","HM_vs_Classic","WT",1,1,0.0417043439609745,70.6170607282016,17,3,15,1,1
"pan_cancer","TBL1XR1","per_event_pairwise","HM_vs_WGD","CNA_driver",NA,NA,NA,NA,17,3,15,NA,NA
"pan_cancer","TBL1XR1","per_event_pairwise","HM_vs_WGD","CI_M",NA,NA,NA,NA,17,3,15,NA,NA
"pan_cancer","TBL1XR1","per_event_pairwise","HM_vs_WGD","M",0.15,Inf,0.14529909620098,Inf,17,3,15,0.346199233558333,0.36542284167136
"pan_cancer","TBL1XR1","per_event_pairwise","HM_vs_WGD","WT",0.15,0,0,6.88235526679933,17,3,15,0.346199233558333,0.36542284167136
"pan_cancer","TBL1XR1","per_event_pairwise","WGD_vs_Classic","CNA_driver",NA,NA,NA,NA,17,3,15,NA,NA
"pan_cancer","TBL1XR1","per_event_pairwise","WGD_vs_Classic","CI_M",NA,NA,NA,NA,17,3,15,NA,NA
"pan_cancer","TBL1XR1","per_event_pairwise","WGD_vs_Classic","M",0.0149124026696329,0,0,0.816355465865195,17,3,15,0.0632093455093474,0.0749788910779623
"pan_cancer","TBL1XR1","per_event_pairwise","WGD_vs_Classic","WT",0.0149124026696329,Inf,1.22495658057507,Inf,17,3,15,0.0632093455093474,0.0749788910779623
"pan_cancer","TBX3","global","Classic_vs_WGD",NA,0.0526315789473684,NA,NA,NA,15,0,5,0.0859427048634244,0.110241820768137
"pan_cancer","TBX3","pairwise_all_events","WGD_vs_Classic",NA,0.0526315789473684,NA,NA,NA,15,0,5,0.142930856553148,0.158188768009409
"pan_cancer","TBX3","per_event_pairwise","WGD_vs_Classic","CNA_driver",NA,NA,NA,NA,15,0,5,NA,NA
"pan_cancer","TBX3","per_event_pairwise","WGD_vs_Classic","CI_M",NA,NA,NA,NA,15,0,5,NA,NA
"pan_cancer","TBX3","per_event_pairwise","WGD_vs_Classic","M",0.0526315789473684,0,0,1.60291750852813,15,0,5,0.164661654135338,0.187035385072852
"pan_cancer","TBX3","per_event_pairwise","WGD_vs_Classic","WT",0.0526315789473684,Inf,0.623862422538665,Inf,15,0,5,0.164661654135338,0.187035385072852
"pan_cancer","TCF4","global","Classic_vs_WGD",NA,1,NA,NA,NA,5,1,3,1,1
"pan_cancer","TCF4","pairwise_all_events","WGD_vs_Classic",NA,1,NA,NA,NA,5,1,3,1,1
"pan_cancer","TCF4","per_event_pairwise","WGD_vs_Classic","CNA_driver",NA,NA,NA,NA,5,1,3,NA,NA
"pan_cancer","TCF4","per_event_pairwise","WGD_vs_Classic","CI_M",NA,NA,NA,NA,5,1,3,NA,NA
"pan_cancer","TCF4","per_event_pairwise","WGD_vs_Classic","M",1,0.547705807855215,0.00512158447137641,58.6638969429644,5,1,3,1,1
"pan_cancer","TCF4","per_event_pairwise","WGD_vs_Classic","WT",1,1.82579769222448,0.0170462593198035,195.252075912994,5,1,3,1,1
"pan_cancer","TCF7L2","per_event_HM_vs_rest","HM_vs_rest","CNA_driver",NA,NA,NA,NA,22,3,4,NA,NA
"pan_cancer","TCF7L2","per_event_HM_vs_rest","HM_vs_rest","CI_M",NA,NA,NA,NA,22,3,4,NA,NA
"pan_cancer","TCF7L2","per_event_HM_vs_rest","HM_vs_rest","M",NA,NA,NA,NA,22,3,4,NA,NA
"pan_cancer","TCF7L2","per_event_HM_vs_rest","HM_vs_rest","WT",NA,NA,NA,NA,22,3,4,NA,NA
"pan_cancer","TCF7L2","per_event_pairwise","HM_vs_Classic","CNA_driver",NA,NA,NA,NA,22,3,4,NA,NA
"pan_cancer","TCF7L2","per_event_pairwise","HM_vs_Classic","CI_M",NA,NA,NA,NA,22,3,4,NA,NA
"pan_cancer","TCF7L2","per_event_pairwise","HM_vs_Classic","M",NA,NA,NA,NA,22,3,4,NA,NA
"pan_cancer","TCF7L2","per_event_pairwise","HM_vs_Classic","WT",NA,NA,NA,NA,22,3,4,NA,NA
"pan_cancer","TCF7L2","per_event_pairwise","HM_vs_WGD","CNA_driver",NA,NA,NA,NA,22,3,4,NA,NA
"pan_cancer","TCF7L2","per_event_pairwise","HM_vs_WGD","CI_M",NA,NA,NA,NA,22,3,4,NA,NA
"pan_cancer","TCF7L2","per_event_pairwise","HM_vs_WGD","M",NA,NA,NA,NA,22,3,4,NA,NA
"pan_cancer","TCF7L2","per_event_pairwise","HM_vs_WGD","WT",NA,NA,NA,NA,22,3,4,NA,NA
"pan_cancer","TCF7L2","per_event_pairwise","WGD_vs_Classic","CNA_driver",NA,NA,NA,NA,22,3,4,NA,NA
"pan_cancer","TCF7L2","per_event_pairwise","WGD_vs_Classic","CI_M",NA,NA,NA,NA,22,3,4,NA,NA
"pan_cancer","TCF7L2","per_event_pairwise","WGD_vs_Classic","M",NA,NA,NA,NA,22,3,4,NA,NA
"pan_cancer","TCF7L2","per_event_pairwise","WGD_vs_Classic","WT",NA,NA,NA,NA,22,3,4,NA,NA
"pan_cancer","TERT","global","Classic_vs_HM_vs_WGD",NA,0.088455772113943,NA,NA,NA,12,4,15,0.131158558651709,0.166189632456499
"pan_cancer","TERT","pairwise_all_events","HM_vs_WGD",NA,0.528571428571429,NA,NA,NA,12,4,15,0.700546821599453,0.712710347296813
"pan_cancer","TERT","pairwise_all_events","WGD_vs_Classic",NA,0.0752136752136752,NA,NA,NA,12,4,15,0.178069983198188,0.202324786324786
"pan_cancer","TERT","per_event_HM_vs_rest","HM_vs_rest","CNA_driver",1,0,0,19.1246240218205,12,4,15,1,1
"pan_cancer","TERT","per_event_HM_vs_rest","HM_vs_rest","CI_M",NA,NA,NA,NA,12,4,15,NA,NA
"pan_cancer","TERT","per_event_HM_vs_rest","HM_vs_rest","M",1,Inf,0.0522886096405888,Inf,12,4,15,1,1
"pan_cancer","TERT","per_event_HM_vs_rest","HM_vs_rest","WT",NA,NA,NA,NA,12,4,15,NA,NA
"pan_cancer","TERT","per_event_pairwise","HM_vs_Classic","CNA_driver",NA,NA,NA,NA,12,4,15,NA,NA
"pan_cancer","TERT","per_event_pairwise","HM_vs_Classic","CI_M",NA,NA,NA,NA,12,4,15,NA,NA
"pan_cancer","TERT","per_event_pairwise","HM_vs_Classic","M",NA,NA,NA,NA,12,4,15,NA,NA
"pan_cancer","TERT","per_event_pairwise","HM_vs_Classic","WT",NA,NA,NA,NA,12,4,15,NA,NA
"pan_cancer","TERT","per_event_pairwise","HM_vs_WGD","CNA_driver",0.528571428571428,0,0,7.91350481367888,12,4,15,0.745217657878602,0.759067188519243
"pan_cancer","TERT","per_event_pairwise","HM_vs_WGD","CI_M",NA,NA,NA,NA,12,4,15,NA,NA
"pan_cancer","TERT","per_event_pairwise","HM_vs_WGD","M",0.528571428571429,Inf,0.12636625914114,Inf,12,4,15,0.745217657878602,0.759067188519243
"pan_cancer","TERT","per_event_pairwise","HM_vs_WGD","WT",NA,NA,NA,NA,12,4,15,NA,NA
"pan_cancer","TERT","per_event_pairwise","WGD_vs_Classic","CNA_driver",0.0752136752136752,Inf,0.553645958384501,Inf,12,4,15,0.205897435897436,0.235271207975923
"pan_cancer","TERT","per_event_pairwise","WGD_vs_Classic","CI_M",NA,NA,NA,NA,12,4,15,NA,NA
"pan_cancer","TERT","per_event_pairwise","WGD_vs_Classic","M",0.0752136752136752,0,0,1.80620843493182,12,4,15,0.205897435897436,0.235271207975923
"pan_cancer","TERT","per_event_pairwise","WGD_vs_Classic","WT",NA,NA,NA,NA,12,4,15,NA,NA
"pan_cancer","TET1","per_event_HM_vs_rest","HM_vs_rest","CNA_driver",NA,NA,NA,NA,31,4,4,NA,NA
"pan_cancer","TET1","per_event_HM_vs_rest","HM_vs_rest","CI_M",NA,NA,NA,NA,31,4,4,NA,NA
"pan_cancer","TET1","per_event_HM_vs_rest","HM_vs_rest","M",NA,NA,NA,NA,31,4,4,NA,NA
"pan_cancer","TET1","per_event_HM_vs_rest","HM_vs_rest","WT",NA,NA,NA,NA,31,4,4,NA,NA
"pan_cancer","TET1","per_event_pairwise","HM_vs_Classic","CNA_driver",NA,NA,NA,NA,31,4,4,NA,NA
"pan_cancer","TET1","per_event_pairwise","HM_vs_Classic","CI_M",NA,NA,NA,NA,31,4,4,NA,NA
"pan_cancer","TET1","per_event_pairwise","HM_vs_Classic","M",NA,NA,NA,NA,31,4,4,NA,NA
"pan_cancer","TET1","per_event_pairwise","HM_vs_Classic","WT",NA,NA,NA,NA,31,4,4,NA,NA
"pan_cancer","TET1","per_event_pairwise","HM_vs_WGD","CNA_driver",NA,NA,NA,NA,31,4,4,NA,NA
"pan_cancer","TET1","per_event_pairwise","HM_vs_WGD","CI_M",NA,NA,NA,NA,31,4,4,NA,NA
"pan_cancer","TET1","per_event_pairwise","HM_vs_WGD","M",NA,NA,NA,NA,31,4,4,NA,NA
"pan_cancer","TET1","per_event_pairwise","HM_vs_WGD","WT",NA,NA,NA,NA,31,4,4,NA,NA
"pan_cancer","TET1","per_event_pairwise","WGD_vs_Classic","CNA_driver",NA,NA,NA,NA,31,4,4,NA,NA
"pan_cancer","TET1","per_event_pairwise","WGD_vs_Classic","CI_M",NA,NA,NA,NA,31,4,4,NA,NA
"pan_cancer","TET1","per_event_pairwise","WGD_vs_Classic","M",NA,NA,NA,NA,31,4,4,NA,NA
"pan_cancer","TET1","per_event_pairwise","WGD_vs_Classic","WT",NA,NA,NA,NA,31,4,4,NA,NA
"pan_cancer","TFAP4","per_event_pairwise","WGD_vs_Classic","CNA_driver",NA,NA,NA,NA,6,0,9,NA,NA
"pan_cancer","TFAP4","per_event_pairwise","WGD_vs_Classic","CI_M",NA,NA,NA,NA,6,0,9,NA,NA
"pan_cancer","TFAP4","per_event_pairwise","WGD_vs_Classic","M",NA,NA,NA,NA,6,0,9,NA,NA
"pan_cancer","TFAP4","per_event_pairwise","WGD_vs_Classic","WT",NA,NA,NA,NA,6,0,9,NA,NA
"pan_cancer","TFG","per_event_HM_vs_rest","HM_vs_rest","CNA_driver",NA,NA,NA,NA,33,6,3,NA,NA
"pan_cancer","TFG","per_event_HM_vs_rest","HM_vs_rest","CI_M",NA,NA,NA,NA,33,6,3,NA,NA
"pan_cancer","TFG","per_event_HM_vs_rest","HM_vs_rest","M",NA,NA,NA,NA,33,6,3,NA,NA
"pan_cancer","TFG","per_event_HM_vs_rest","HM_vs_rest","WT",NA,NA,NA,NA,33,6,3,NA,NA
"pan_cancer","TFG","per_event_pairwise","HM_vs_Classic","CNA_driver",NA,NA,NA,NA,33,6,3,NA,NA
"pan_cancer","TFG","per_event_pairwise","HM_vs_Classic","CI_M",NA,NA,NA,NA,33,6,3,NA,NA
"pan_cancer","TFG","per_event_pairwise","HM_vs_Classic","M",NA,NA,NA,NA,33,6,3,NA,NA
"pan_cancer","TFG","per_event_pairwise","HM_vs_Classic","WT",NA,NA,NA,NA,33,6,3,NA,NA
"pan_cancer","TFG","per_event_pairwise","HM_vs_WGD","CNA_driver",NA,NA,NA,NA,33,6,3,NA,NA
"pan_cancer","TFG","per_event_pairwise","HM_vs_WGD","CI_M",NA,NA,NA,NA,33,6,3,NA,NA
"pan_cancer","TFG","per_event_pairwise","HM_vs_WGD","M",NA,NA,NA,NA,33,6,3,NA,NA
"pan_cancer","TFG","per_event_pairwise","HM_vs_WGD","WT",NA,NA,NA,NA,33,6,3,NA,NA
"pan_cancer","TFG","per_event_pairwise","WGD_vs_Classic","CNA_driver",NA,NA,NA,NA,33,6,3,NA,NA
"pan_cancer","TFG","per_event_pairwise","WGD_vs_Classic","CI_M",NA,NA,NA,NA,33,6,3,NA,NA
"pan_cancer","TFG","per_event_pairwise","WGD_vs_Classic","M",NA,NA,NA,NA,33,6,3,NA,NA
"pan_cancer","TFG","per_event_pairwise","WGD_vs_Classic","WT",NA,NA,NA,NA,33,6,3,NA,NA
"pan_cancer","TGFBR1","per_event_HM_vs_rest","HM_vs_rest","CNA_driver",NA,NA,NA,NA,9,3,0,NA,NA
"pan_cancer","TGFBR1","per_event_HM_vs_rest","HM_vs_rest","CI_M",NA,NA,NA,NA,9,3,0,NA,NA
"pan_cancer","TGFBR1","per_event_HM_vs_rest","HM_vs_rest","M",NA,NA,NA,NA,9,3,0,NA,NA
"pan_cancer","TGFBR1","per_event_HM_vs_rest","HM_vs_rest","WT",NA,NA,NA,NA,9,3,0,NA,NA
"pan_cancer","TGFBR1","per_event_pairwise","HM_vs_WGD","CNA_driver",NA,NA,NA,NA,9,3,0,NA,NA
"pan_cancer","TGFBR1","per_event_pairwise","HM_vs_WGD","CI_M",NA,NA,NA,NA,9,3,0,NA,NA
"pan_cancer","TGFBR1","per_event_pairwise","HM_vs_WGD","M",NA,NA,NA,NA,9,3,0,NA,NA
"pan_cancer","TGFBR1","per_event_pairwise","HM_vs_WGD","WT",NA,NA,NA,NA,9,3,0,NA,NA
"pan_cancer","TGFBR2","global","Classic_vs_HM_vs_WGD",NA,0.023488255872064,NA,NA,NA,62,7,10,0.0432855001070893,0.0573335379554317
"pan_cancer","TGFBR2","pairwise_all_events","HM_vs_Classic",NA,0.800099950024987,NA,NA,NA,62,7,10,0.989409313200542,1
"pan_cancer","TGFBR2","pairwise_all_events","HM_vs_WGD",NA,0.270864567716142,NA,NA,NA,62,7,10,0.43876891963375,0.458255149154982
"pan_cancer","TGFBR2","pairwise_all_events","WGD_vs_Classic",NA,0.00599700149925037,NA,NA,NA,62,7,10,0.027232285496596,0.031324143753366
"pan_cancer","TGFBR2","per_event_HM_vs_rest","HM_vs_rest","CNA_driver",0.586451683081327,1.32802397374371,0.0258010556376241,13.4699076989973,62,7,10,1,1
"pan_cancer","TGFBR2","per_event_HM_vs_rest","HM_vs_rest","CI_M",NA,NA,NA,NA,62,7,10,NA,NA
"pan_cancer","TGFBR2","per_event_HM_vs_rest","HM_vs_rest","M",0.437914092677584,2.20361184113248,0.0405395566661871,25.3977895223067,62,7,10,1,1
"pan_cancer","TGFBR2","per_event_HM_vs_rest","HM_vs_rest","WT",0.612034815451715,0.555687155803093,0.0793952364828074,6.44275048678602,62,7,10,1,1
"pan_cancer","TGFBR2","per_event_pairwise","HM_vs_Classic","CNA_driver",1,0.682311449255232,0.00971237170369277,16.1965749775142,62,7,10,1,1
"pan_cancer","TGFBR2","per_event_pairwise","HM_vs_Classic","CI_M",NA,NA,NA,NA,62,7,10,NA,NA
"pan_cancer","TGFBR2","per_event_pairwise","HM_vs_Classic","M",0.602941176470588,0.409941550918245,0.00637146871620162,6.83208509353223,62,7,10,0.816767738023044,0.836273428886439
"pan_cancer","TGFBR2","per_event_pairwise","HM_vs_Classic","WT",0.622069107363225,2.36757534773905,0.228238751855186,36.5804486544057,62,7,10,0.839218487756958,0.859015298642082
"pan_cancer","TGFBR2","per_event_pairwise","HM_vs_WGD","CNA_driver",0.544167757484168,1.54414675988357,0.0290366172050005,16.8264199891016,62,7,10,0.757453848870971,0.772727272727273
"pan_cancer","TGFBR2","per_event_pairwise","HM_vs_WGD","CI_M",NA,NA,NA,NA,62,7,10,NA,NA
"pan_cancer","TGFBR2","per_event_pairwise","HM_vs_WGD","M",0.278161621559721,4.80468085394382,0.0727386119008188,105.950538728319,62,7,10,0.48733916097263,0.50640712000308
"pan_cancer","TGFBR2","per_event_pairwise","HM_vs_WGD","WT",0.266172763469687,0.377363981908281,0.0498946425527347,4.59210875763504,62,7,10,0.47479674796748,0.495519448547514
"pan_cancer","TGFBR2","per_event_pairwise","WGD_vs_Classic","CNA_driver",0.306621377581551,0.434938024366418,0.0617452617853931,5.12421666070119,62,7,10,0.521239783161563,0.544008196610874
"pan_cancer","TGFBR2","per_event_pairwise","WGD_vs_Classic","CI_M",NA,NA,NA,NA,62,7,10,NA,NA
"pan_cancer","TGFBR2","per_event_pairwise","WGD_vs_Classic","M",0.0171669402604888,0.08310641588827,0.00597251189390927,0.850404284820173,62,7,10,0.0709350927744725,0.0837054684019181
"pan_cancer","TGFBR2","per_event_pairwise","WGD_vs_Classic","WT",0.0135809080923684,6.48999957083197,1.2097969244685,35.9003640633445,62,7,10,0.0598836014542687,0.071186593250831
"pan_cancer","TNFRSF14","global","Classic_vs_WGD",NA,0.0013986013986014,NA,NA,NA,7,0,8,0.00375874125874126,0.00593926621323882
"pan_cancer","TNFRSF14","pairwise_all_events","WGD_vs_Classic",NA,0.0013986013986014,NA,NA,NA,7,0,8,0.00730967146061487,0.00960234168629971
"pan_cancer","TNFRSF14","per_event_pairwise","WGD_vs_Classic","CNA_driver",NA,NA,NA,NA,7,0,8,NA,NA
"pan_cancer","TNFRSF14","per_event_pairwise","WGD_vs_Classic","CI_M",NA,NA,NA,NA,7,0,8,NA,NA
"pan_cancer","TNFRSF14","per_event_pairwise","WGD_vs_Classic","M",0.0013986013986014,0,0,0.332656398344073,7,0,8,0.00892117591146718,0.0120509627358943
"pan_cancer","TNFRSF14","per_event_pairwise","WGD_vs_Classic","WT",0.0013986013986014,Inf,3.00610481258707,Inf,7,0,8,0.00892117591146718,0.0120509627358943
"pan_cancer","TOP1","per_event_HM_vs_rest","HM_vs_rest","CNA_driver",NA,NA,NA,NA,22,4,9,NA,NA
"pan_cancer","TOP1","per_event_HM_vs_rest","HM_vs_rest","CI_M",NA,NA,NA,NA,22,4,9,NA,NA
"pan_cancer","TOP1","per_event_HM_vs_rest","HM_vs_rest","M",NA,NA,NA,NA,22,4,9,NA,NA
"pan_cancer","TOP1","per_event_HM_vs_rest","HM_vs_rest","WT",NA,NA,NA,NA,22,4,9,NA,NA
"pan_cancer","TOP1","per_event_pairwise","HM_vs_Classic","CNA_driver",NA,NA,NA,NA,22,4,9,NA,NA
"pan_cancer","TOP1","per_event_pairwise","HM_vs_Classic","CI_M",NA,NA,NA,NA,22,4,9,NA,NA
"pan_cancer","TOP1","per_event_pairwise","HM_vs_Classic","M",NA,NA,NA,NA,22,4,9,NA,NA
"pan_cancer","TOP1","per_event_pairwise","HM_vs_Classic","WT",NA,NA,NA,NA,22,4,9,NA,NA
"pan_cancer","TOP1","per_event_pairwise","HM_vs_WGD","CNA_driver",NA,NA,NA,NA,22,4,9,NA,NA
"pan_cancer","TOP1","per_event_pairwise","HM_vs_WGD","CI_M",NA,NA,NA,NA,22,4,9,NA,NA
"pan_cancer","TOP1","per_event_pairwise","HM_vs_WGD","M",NA,NA,NA,NA,22,4,9,NA,NA
"pan_cancer","TOP1","per_event_pairwise","HM_vs_WGD","WT",NA,NA,NA,NA,22,4,9,NA,NA
"pan_cancer","TOP1","per_event_pairwise","WGD_vs_Classic","CNA_driver",NA,NA,NA,NA,22,4,9,NA,NA
"pan_cancer","TOP1","per_event_pairwise","WGD_vs_Classic","CI_M",NA,NA,NA,NA,22,4,9,NA,NA
"pan_cancer","TOP1","per_event_pairwise","WGD_vs_Classic","M",NA,NA,NA,NA,22,4,9,NA,NA
"pan_cancer","TOP1","per_event_pairwise","WGD_vs_Classic","WT",NA,NA,NA,NA,22,4,9,NA,NA
"pan_cancer","TP53","global","Classic_vs_HM_vs_WGD",NA,0.000499750124937531,NA,NA,NA,253,36,170,0.00165301964402414,0.00281677343146609
"pan_cancer","TP53","pairwise_all_events","HM_vs_Classic",NA,0.442778610694653,NA,NA,NA,253,36,170,0.628972693140609,0.643824033928981
"pan_cancer","TP53","pairwise_all_events","HM_vs_WGD",NA,0.00149925037481259,NA,NA,NA,253,36,170,0.00769059914487201,0.00960234168629971
"pan_cancer","TP53","pairwise_all_events","WGD_vs_Classic",NA,0.000499750124937531,NA,NA,NA,253,36,170,0.00276861569215392,0.00407372071539988
"pan_cancer","TP53","per_event_HM_vs_rest","HM_vs_rest","CNA_driver",0.327375720180258,1.63540127781128,0.394262541538683,5.0751190941253,253,36,170,1,1
"pan_cancer","TP53","per_event_HM_vs_rest","HM_vs_rest","CI_M",NA,NA,NA,NA,253,36,170,NA,NA
"pan_cancer","TP53","per_event_HM_vs_rest","HM_vs_rest","M",0.174275096702352,1.90942196713421,0.755812122227925,5.7576737951982,253,36,170,1,1
"pan_cancer","TP53","per_event_HM_vs_rest","HM_vs_rest","WT",0.0272620889404967,0.227655107743539,0.0259902089043496,0.918252379600587,253,36,170,0.913279979506639,1
"pan_cancer","TP53","per_event_pairwise","HM_vs_Classic","CNA_driver",0.767861150926948,1.12436070510423,0.258062498081897,3.77085714851026,253,36,170,0.997005486480247,1
"pan_cancer","TP53","per_event_pairwise","HM_vs_Classic","CI_M",NA,NA,NA,NA,253,36,170,NA,NA
"pan_cancer","TP53","per_event_pairwise","HM_vs_Classic","M",0.585582054477321,0.70599882989313,0.247493906295615,2.32122828333103,253,36,170,0.799394752441269,0.81702595358829
"pan_cancer","TP53","per_event_pairwise","HM_vs_Classic","WT",0.282040859545135,2.42771010942749,0.211655179757131,17.7278268838981,253,36,170,0.490213874923686,0.50880065493246
"pan_cancer","TP53","per_event_pairwise","HM_vs_WGD","CNA_driver",0.244027647475285,2.29901058504897,0.514822456149531,8.05684821068973,253,36,170,0.455472057929722,0.47363031233999
"pan_cancer","TP53","per_event_pairwise","HM_vs_WGD","CI_M",NA,NA,NA,NA,253,36,170,NA,NA
"pan_cancer","TP53","per_event_pairwise","HM_vs_WGD","M",0.0145496764651391,3.04716947963045,1.18970300336769,9.28721130938549,253,36,170,0.0624780224679502,0.0744044430615649
"pan_cancer","TP53","per_event_pairwise","HM_vs_WGD","WT",0.000332245280226672,0.121034783358953,0.0137896361135475,0.491984286870708,253,36,170,0.00237266466422743,0.00369880143827569
"pan_cancer","TP53","per_event_pairwise","WGD_vs_Classic","CNA_driver",0.0805068561842304,0.488350483884364,0.211588532072032,1.10191703156003,253,36,170,0.211572018052157,0.243455829518658
"pan_cancer","TP53","per_event_pairwise","WGD_vs_Classic","CI_M",NA,NA,NA,NA,253,36,170,NA,NA
"pan_cancer","TP53","per_event_pairwise","WGD_vs_Classic","M",2.94506222417659e-09,0.231253542158856,0.129956251482937,0.396670653712809,253,36,170,1.07494771182446e-07,1.94994119895482e-07
"pan_cancer","TP53","per_event_pairwise","WGD_vs_Classic","WT",6.6567219957852e-17,20.1589385729876,7.33019737539249,77.4138806081585,253,36,170,7.2891105853848e-15,1.39569271178296e-14
"pan_cancer","TP63","per_event_pairwise","WGD_vs_Classic","CNA_driver",NA,NA,NA,NA,20,1,5,NA,NA
"pan_cancer","TP63","per_event_pairwise","WGD_vs_Classic","CI_M",NA,NA,NA,NA,20,1,5,NA,NA
"pan_cancer","TP63","per_event_pairwise","WGD_vs_Classic","M",NA,NA,NA,NA,20,1,5,NA,NA
"pan_cancer","TP63","per_event_pairwise","WGD_vs_Classic","WT",NA,NA,NA,NA,20,1,5,NA,NA
"pan_cancer","TPR","per_event_HM_vs_rest","HM_vs_rest","CNA_driver",NA,NA,NA,NA,17,8,52,NA,NA
"pan_cancer","TPR","per_event_HM_vs_rest","HM_vs_rest","CI_M",NA,NA,NA,NA,17,8,52,NA,NA
"pan_cancer","TPR","per_event_HM_vs_rest","HM_vs_rest","M",NA,NA,NA,NA,17,8,52,NA,NA
"pan_cancer","TPR","per_event_HM_vs_rest","HM_vs_rest","WT",NA,NA,NA,NA,17,8,52,NA,NA
"pan_cancer","TPR","per_event_pairwise","HM_vs_Classic","CNA_driver",NA,NA,NA,NA,17,8,52,NA,NA
"pan_cancer","TPR","per_event_pairwise","HM_vs_Classic","CI_M",NA,NA,NA,NA,17,8,52,NA,NA
"pan_cancer","TPR","per_event_pairwise","HM_vs_Classic","M",NA,NA,NA,NA,17,8,52,NA,NA
"pan_cancer","TPR","per_event_pairwise","HM_vs_Classic","WT",NA,NA,NA,NA,17,8,52,NA,NA
"pan_cancer","TPR","per_event_pairwise","HM_vs_WGD","CNA_driver",NA,NA,NA,NA,17,8,52,NA,NA
"pan_cancer","TPR","per_event_pairwise","HM_vs_WGD","CI_M",NA,NA,NA,NA,17,8,52,NA,NA
"pan_cancer","TPR","per_event_pairwise","HM_vs_WGD","M",NA,NA,NA,NA,17,8,52,NA,NA
"pan_cancer","TPR","per_event_pairwise","HM_vs_WGD","WT",NA,NA,NA,NA,17,8,52,NA,NA
"pan_cancer","TPR","per_event_pairwise","WGD_vs_Classic","CNA_driver",NA,NA,NA,NA,17,8,52,NA,NA
"pan_cancer","TPR","per_event_pairwise","WGD_vs_Classic","CI_M",NA,NA,NA,NA,17,8,52,NA,NA
"pan_cancer","TPR","per_event_pairwise","WGD_vs_Classic","M",NA,NA,NA,NA,17,8,52,NA,NA
"pan_cancer","TPR","per_event_pairwise","WGD_vs_Classic","WT",NA,NA,NA,NA,17,8,52,NA,NA
"pan_cancer","TRIM24","per_event_HM_vs_rest","HM_vs_rest","CNA_driver",NA,NA,NA,NA,14,8,3,NA,NA
"pan_cancer","TRIM24","per_event_HM_vs_rest","HM_vs_rest","CI_M",NA,NA,NA,NA,14,8,3,NA,NA
"pan_cancer","TRIM24","per_event_HM_vs_rest","HM_vs_rest","M",NA,NA,NA,NA,14,8,3,NA,NA
"pan_cancer","TRIM24","per_event_HM_vs_rest","HM_vs_rest","WT",NA,NA,NA,NA,14,8,3,NA,NA
"pan_cancer","TRIM24","per_event_pairwise","HM_vs_Classic","CNA_driver",NA,NA,NA,NA,14,8,3,NA,NA
"pan_cancer","TRIM24","per_event_pairwise","HM_vs_Classic","CI_M",NA,NA,NA,NA,14,8,3,NA,NA
"pan_cancer","TRIM24","per_event_pairwise","HM_vs_Classic","M",NA,NA,NA,NA,14,8,3,NA,NA
"pan_cancer","TRIM24","per_event_pairwise","HM_vs_Classic","WT",NA,NA,NA,NA,14,8,3,NA,NA
"pan_cancer","TRIM24","per_event_pairwise","HM_vs_WGD","CNA_driver",NA,NA,NA,NA,14,8,3,NA,NA
"pan_cancer","TRIM24","per_event_pairwise","HM_vs_WGD","CI_M",NA,NA,NA,NA,14,8,3,NA,NA
"pan_cancer","TRIM24","per_event_pairwise","HM_vs_WGD","M",NA,NA,NA,NA,14,8,3,NA,NA
"pan_cancer","TRIM24","per_event_pairwise","HM_vs_WGD","WT",NA,NA,NA,NA,14,8,3,NA,NA
"pan_cancer","TRIM24","per_event_pairwise","WGD_vs_Classic","CNA_driver",NA,NA,NA,NA,14,8,3,NA,NA
"pan_cancer","TRIM24","per_event_pairwise","WGD_vs_Classic","CI_M",NA,NA,NA,NA,14,8,3,NA,NA
"pan_cancer","TRIM24","per_event_pairwise","WGD_vs_Classic","M",NA,NA,NA,NA,14,8,3,NA,NA
"pan_cancer","TRIM24","per_event_pairwise","WGD_vs_Classic","WT",NA,NA,NA,NA,14,8,3,NA,NA
"pan_cancer","TRRAP","global","Classic_vs_HM_vs_WGD",NA,0.0944527736131934,NA,NA,NA,20,4,17,0.136903458383168,0.172237410706411
"pan_cancer","TRRAP","pairwise_all_events","HM_vs_Classic",NA,0.488721804511278,NA,NA,NA,20,4,17,0.67687969924812,0.683729128014842
"pan_cancer","TRRAP","pairwise_all_events","HM_vs_WGD",NA,0.166666666666667,NA,NA,NA,20,4,17,0.339460784313726,0.351633986928105
"pan_cancer","TRRAP","pairwise_all_events","WGD_vs_Classic",NA,0.204204204204204,NA,NA,NA,20,4,17,0.386065592955981,0.393661468340855
"pan_cancer","TRRAP","per_event_HM_vs_rest","HM_vs_rest","CNA_driver",NA,NA,NA,NA,20,4,17,NA,NA
"pan_cancer","TRRAP","per_event_HM_vs_rest","HM_vs_rest","CI_M",NA,NA,NA,NA,20,4,17,NA,NA
"pan_cancer","TRRAP","per_event_HM_vs_rest","HM_vs_rest","M",0.271106941838649,5.41198364223239,0.0743253215280094,137.501447636811,20,4,17,1,1
"pan_cancer","TRRAP","per_event_HM_vs_rest","HM_vs_rest","WT",0.271106941838649,0.184775133501237,0.00727265070431364,13.4543649383764,20,4,17,1,1
"pan_cancer","TRRAP","per_event_pairwise","HM_vs_Classic","CNA_driver",NA,NA,NA,NA,20,4,17,NA,NA
"pan_cancer","TRRAP","per_event_pairwise","HM_vs_Classic","CI_M",NA,NA,NA,NA,20,4,17,NA,NA
"pan_cancer","TRRAP","per_event_pairwise","HM_vs_Classic","M",0.488721804511278,2.37093753978263,0.0318606229737228,61.9542376995583,20,4,17,0.721551068682943,0.738639348568427
"pan_cancer","TRRAP","per_event_pairwise","HM_vs_Classic","WT",0.488721804511278,0.421774080177447,0.0161409459163942,31.3867058037364,20,4,17,0.721551068682943,0.738639348568427
"pan_cancer","TRRAP","per_event_pairwise","HM_vs_WGD","CNA_driver",NA,NA,NA,NA,20,4,17,NA,NA
"pan_cancer","TRRAP","per_event_pairwise","HM_vs_WGD","CI_M",NA,NA,NA,NA,20,4,17,NA,NA
"pan_cancer","TRRAP","per_event_pairwise","HM_vs_WGD","M",0.166666666666667,Inf,0.1282050703125,Inf,20,4,17,0.372448979591837,0.386838868388684
"pan_cancer","TRRAP","per_event_pairwise","HM_vs_WGD","WT",0.166666666666667,0,0,7.80000352218908,20,4,17,0.372448979591837,0.386838868388684
"pan_cancer","TRRAP","per_event_pairwise","WGD_vs_Classic","CNA_driver",NA,NA,NA,NA,20,4,17,NA,NA
"pan_cancer","TRRAP","per_event_pairwise","WGD_vs_Classic","CI_M",NA,NA,NA,NA,20,4,17,NA,NA
"pan_cancer","TRRAP","per_event_pairwise","WGD_vs_Classic","M",0.204204204204204,0,0,4.46403148930064,20,4,17,0.419332961099629,0.433173957728228
"pan_cancer","TRRAP","per_event_pairwise","WGD_vs_Classic","WT",0.204204204204204,Inf,0.224012756719301,Inf,20,4,17,0.419332961099629,0.433173957728228
"pan_cancer","TSC1","global","Classic_vs_HM_vs_WGD",NA,0.00449775112443778,NA,NA,NA,49,3,13,0.0107446276861569,0.014523988005997
"pan_cancer","TSC1","pairwise_all_events","HM_vs_Classic",NA,0.409795102448776,NA,NA,NA,49,3,13,0.603528923369003,0.61929709302652
"pan_cancer","TSC1","pairwise_all_events","HM_vs_WGD",NA,0.114442778610695,NA,NA,NA,49,3,13,0.247661325587206,0.268865567216392
"pan_cancer","TSC1","pairwise_all_events","WGD_vs_Classic",NA,0.0064967516241879,NA,NA,NA,49,3,13,0.0281187531234383,0.0329740789982367
"pan_cancer","TSC1","per_event_HM_vs_rest","HM_vs_rest","CNA_driver",0.0908653846153846,25.1067253093749,0.259596808147832,2363.71806694264,49,3,13,1,1
"pan_cancer","TSC1","per_event_HM_vs_rest","HM_vs_rest","CI_M",NA,NA,NA,NA,49,3,13,NA,NA
"pan_cancer","TSC1","per_event_HM_vs_rest","HM_vs_rest","M",1,0,0,44.4749705317334,49,3,13,1,1
"pan_cancer","TSC1","per_event_HM_vs_rest","HM_vs_rest","WT",0.255746336996337,0.184134934606381,0.00813640271256251,12.4015599424642,49,3,13,1,1
"pan_cancer","TSC1","per_event_pairwise","HM_vs_Classic","CNA_driver",0.35,5.09911724173958,0.0510812559462801,506.231750487152,49,3,13,0.57059553349876,0.591006711409396
"pan_cancer","TSC1","per_event_pairwise","HM_vs_Classic","CI_M",NA,NA,NA,NA,49,3,13,NA,NA
"pan_cancer","TSC1","per_event_pairwise","HM_vs_Classic","M",1,0,0,12.6032594154947,49,3,13,1,1
"pan_cancer","TSC1","per_event_pairwise","HM_vs_Classic","WT",1,0.895557579321147,0.0356470538644607,65.3667722778661,49,3,13,1,1
"pan_cancer","TSC1","per_event_pairwise","HM_vs_WGD","CNA_driver",0.0576923076923077,Inf,0.418803410926871,Inf,49,3,13,0.176296958855098,0.201044108246324
"pan_cancer","TSC1","per_event_pairwise","HM_vs_WGD","CI_M",NA,NA,NA,NA,49,3,13,NA,NA
"pan_cancer","TSC1","per_event_pairwise","HM_vs_WGD","M",1,0,0,630.732099758651,49,3,13,1,1
"pan_cancer","TSC1","per_event_pairwise","HM_vs_WGD","WT",0.113122171945701,0.0505032554333028,0.000532234007920106,4.89532375031569,49,3,13,0.280457611201229,0.304727392521825
"pan_cancer","TSC1","per_event_pairwise","WGD_vs_Classic","CNA_driver",0.209677419354839,0,0,10.3469476032818,49,3,13,0.426495555777489,0.440357585222683
"pan_cancer","TSC1","per_event_pairwise","WGD_vs_Classic","CI_M",NA,NA,NA,NA,49,3,13,NA,NA
"pan_cancer","TSC1","per_event_pairwise","WGD_vs_Classic","M",0.0264033916231211,0.0739792409272013,0.0013041050749706,1.02494566832717,49,3,13,0.0974552151482616,0.114142497119884
"pan_cancer","TSC1","per_event_pairwise","WGD_vs_Classic","WT",0.00561304107153728,19.7723033771792,1.7144264341856,1063.4899483839,49,3,13,0.0299818535284552,0.0369696631832141
"pan_cancer","TSC2","global","Classic_vs_HM_vs_WGD",NA,0.00199900049975012,NA,NA,NA,51,6,6,0.00495905893207243,0.00755719701125047
"pan_cancer","TSC2","pairwise_all_events","HM_vs_Classic",NA,0.181818181818182,NA,NA,NA,51,6,6,0.35974025974026,0.370523415977962
"pan_cancer","TSC2","pairwise_all_events","HM_vs_WGD",NA,1,NA,NA,NA,51,6,6,1,1
"pan_cancer","TSC2","pairwise_all_events","WGD_vs_Classic",NA,0.000499750124937531,NA,NA,NA,51,6,6,0.00276861569215392,0.00407372071539988
"pan_cancer","TSC2","per_event_HM_vs_rest","HM_vs_rest","CNA_driver",1,0,0,368.373220236292,51,6,6,1,1
"pan_cancer","TSC2","per_event_HM_vs_rest","HM_vs_rest","CI_M",NA,NA,NA,NA,51,6,6,NA,NA
"pan_cancer","TSC2","per_event_HM_vs_rest","HM_vs_rest","M",1,0,0,25.5995357160542,51,6,6,1,1
"pan_cancer","TSC2","per_event_HM_vs_rest","HM_vs_rest","WT",1,Inf,0.061024502116443,Inf,51,6,6,1,1
"pan_cancer","TSC2","per_event_pairwise","HM_vs_Classic","CNA_driver",NA,NA,NA,NA,51,6,6,NA,NA
"pan_cancer","TSC2","per_event_pairwise","HM_vs_Classic","CI_M",NA,NA,NA,NA,51,6,6,NA,NA
"pan_cancer","TSC2","per_event_pairwise","HM_vs_Classic","M",0.181818181818182,0,0,2.11220958666307,51,6,6,0.391654247391953,0.404827031375704
"pan_cancer","TSC2","per_event_pairwise","HM_vs_Classic","WT",0.181818181818182,Inf,0.473437866352945,Inf,51,6,6,0.391654247391953,0.404827031375704
"pan_cancer","TSC2","per_event_pairwise","HM_vs_WGD","CNA_driver",1,0,0,329.796908153986,51,6,6,1,1
"pan_cancer","TSC2","per_event_pairwise","HM_vs_WGD","CI_M",NA,NA,NA,NA,51,6,6,NA,NA
"pan_cancer","TSC2","per_event_pairwise","HM_vs_WGD","M",NA,NA,NA,NA,51,6,6,NA,NA
"pan_cancer","TSC2","per_event_pairwise","HM_vs_WGD","WT",1,Inf,0.00303216911764705,Inf,51,6,6,1,1
"pan_cancer","TSC2","per_event_pairwise","WGD_vs_Classic","CNA_driver",1,Inf,0.00303216911764706,Inf,51,6,6,1,1
"pan_cancer","TSC2","per_event_pairwise","WGD_vs_Classic","CI_M",NA,NA,NA,NA,51,6,6,NA,NA
"pan_cancer","TSC2","per_event_pairwise","WGD_vs_Classic","M",0.000683526999316474,0,0,0.222736310442138,51,6,6,0.0046296622531023,0.00699086963528556
"pan_cancer","TSC2","per_event_pairwise","WGD_vs_Classic","WT",0.00262018683071314,41.3322201406974,2.56424003612076,2608.7640800493,51,6,6,0.0156496613434412,0.0200987502014459
"pan_cancer","TUBGCP2","per_event_pairwise","WGD_vs_Classic","CNA_driver",NA,NA,NA,NA,28,2,4,NA,NA
"pan_cancer","TUBGCP2","per_event_pairwise","WGD_vs_Classic","CI_M",NA,NA,NA,NA,28,2,4,NA,NA
"pan_cancer","TUBGCP2","per_event_pairwise","WGD_vs_Classic","M",NA,NA,NA,NA,28,2,4,NA,NA
"pan_cancer","TUBGCP2","per_event_pairwise","WGD_vs_Classic","WT",NA,NA,NA,NA,28,2,4,NA,NA
"pan_cancer","U2AF1","global","Classic_vs_WGD",NA,1,NA,NA,NA,38,0,4,1,1
"pan_cancer","U2AF1","pairwise_all_events","WGD_vs_Classic",NA,1,NA,NA,NA,38,0,4,1,1
"pan_cancer","U2AF1","per_event_pairwise","WGD_vs_Classic","CNA_driver",NA,NA,NA,NA,38,0,4,NA,NA
"pan_cancer","U2AF1","per_event_pairwise","WGD_vs_Classic","CI_M",NA,NA,NA,NA,38,0,4,NA,NA
"pan_cancer","U2AF1","per_event_pairwise","WGD_vs_Classic","M",1,Inf,0.00271463815789474,Inf,38,0,4,1,1
"pan_cancer","U2AF1","per_event_pairwise","WGD_vs_Classic","WT",1,0,0,368.373220236291,38,0,4,1,1
"pan_cancer","UBR5","per_event_pairwise","WGD_vs_Classic","CNA_driver",NA,NA,NA,NA,17,1,20,NA,NA
"pan_cancer","UBR5","per_event_pairwise","WGD_vs_Classic","CI_M",NA,NA,NA,NA,17,1,20,NA,NA
"pan_cancer","UBR5","per_event_pairwise","WGD_vs_Classic","M",NA,NA,NA,NA,17,1,20,NA,NA
"pan_cancer","UBR5","per_event_pairwise","WGD_vs_Classic","WT",NA,NA,NA,NA,17,1,20,NA,NA
"pan_cancer","USP6","per_event_pairwise","WGD_vs_Classic","CNA_driver",NA,NA,NA,NA,51,0,3,NA,NA
"pan_cancer","USP6","per_event_pairwise","WGD_vs_Classic","CI_M",NA,NA,NA,NA,51,0,3,NA,NA
"pan_cancer","USP6","per_event_pairwise","WGD_vs_Classic","M",NA,NA,NA,NA,51,0,3,NA,NA
"pan_cancer","USP6","per_event_pairwise","WGD_vs_Classic","WT",NA,NA,NA,NA,51,0,3,NA,NA
"pan_cancer","USP8","per_event_HM_vs_rest","HM_vs_rest","CNA_driver",NA,NA,NA,NA,28,4,11,NA,NA
"pan_cancer","USP8","per_event_HM_vs_rest","HM_vs_rest","CI_M",NA,NA,NA,NA,28,4,11,NA,NA
"pan_cancer","USP8","per_event_HM_vs_rest","HM_vs_rest","M",NA,NA,NA,NA,28,4,11,NA,NA
"pan_cancer","USP8","per_event_HM_vs_rest","HM_vs_rest","WT",NA,NA,NA,NA,28,4,11,NA,NA
"pan_cancer","USP8","per_event_pairwise","HM_vs_Classic","CNA_driver",NA,NA,NA,NA,28,4,11,NA,NA
"pan_cancer","USP8","per_event_pairwise","HM_vs_Classic","CI_M",NA,NA,NA,NA,28,4,11,NA,NA
"pan_cancer","USP8","per_event_pairwise","HM_vs_Classic","M",NA,NA,NA,NA,28,4,11,NA,NA
"pan_cancer","USP8","per_event_pairwise","HM_vs_Classic","WT",NA,NA,NA,NA,28,4,11,NA,NA
"pan_cancer","USP8","per_event_pairwise","HM_vs_WGD","CNA_driver",NA,NA,NA,NA,28,4,11,NA,NA
"pan_cancer","USP8","per_event_pairwise","HM_vs_WGD","CI_M",NA,NA,NA,NA,28,4,11,NA,NA
"pan_cancer","USP8","per_event_pairwise","HM_vs_WGD","M",NA,NA,NA,NA,28,4,11,NA,NA
"pan_cancer","USP8","per_event_pairwise","HM_vs_WGD","WT",NA,NA,NA,NA,28,4,11,NA,NA
"pan_cancer","USP8","per_event_pairwise","WGD_vs_Classic","CNA_driver",NA,NA,NA,NA,28,4,11,NA,NA
"pan_cancer","USP8","per_event_pairwise","WGD_vs_Classic","CI_M",NA,NA,NA,NA,28,4,11,NA,NA
"pan_cancer","USP8","per_event_pairwise","WGD_vs_Classic","M",NA,NA,NA,NA,28,4,11,NA,NA
"pan_cancer","USP8","per_event_pairwise","WGD_vs_Classic","WT",NA,NA,NA,NA,28,4,11,NA,NA
"pan_cancer","VHL","global","Classic_vs_HM_vs_WGD",NA,0.279860069965017,NA,NA,NA,6,4,26,0.361664167916042,0.393264906008534
"pan_cancer","VHL","pairwise_all_events","HM_vs_Classic",NA,1,NA,NA,NA,6,4,26,1,1
"pan_cancer","VHL","pairwise_all_events","HM_vs_WGD",NA,0.678660669665167,NA,NA,NA,6,4,26,0.843000024651352,0.863166525484303
"pan_cancer","VHL","pairwise_all_events","WGD_vs_Classic",NA,0.139430284857571,NA,NA,NA,6,4,26,0.294825869507994,0.312427409988386
"pan_cancer","VHL","per_event_HM_vs_rest","HM_vs_rest","CNA_driver",0.53475935828877,1.76620089988804,0.0286260096057397,28.0881968787968,6,4,26,1,1
"pan_cancer","VHL","per_event_HM_vs_rest","HM_vs_rest","CI_M",NA,NA,NA,NA,6,4,26,NA,NA
"pan_cancer","VHL","per_event_HM_vs_rest","HM_vs_rest","M",1,0.700060818962646,0.0457127461858008,42.3318025635145,6,4,26,1,1
"pan_cancer","VHL","per_event_HM_vs_rest","HM_vs_rest","WT",1,0,0,310.491206791995,6,4,26,1,1
"pan_cancer","VHL","per_event_pairwise","HM_vs_Classic","CNA_driver",1,1.38319453133829,0.0222663446671337,22.2055524511316,6,4,26,1,1
"pan_cancer","VHL","per_event_pairwise","HM_vs_Classic","CI_M",NA,NA,NA,NA,6,4,26,NA,NA
"pan_cancer","VHL","per_event_pairwise","HM_vs_Classic","M",1,0.722964107609987,0.0450337816273984,44.9108290987721,6,4,26,1,1
"pan_cancer","VHL","per_event_pairwise","HM_vs_Classic","WT",NA,NA,NA,NA,6,4,26,NA,NA
"pan_cancer","VHL","per_event_pairwise","HM_vs_WGD","CNA_driver",0.4,Inf,0.0384613037109375,Inf,6,4,26,0.625714285714286,0.6526588845655
"pan_cancer","VHL","per_event_pairwise","HM_vs_WGD","CI_M",NA,NA,NA,NA,6,4,26,NA,NA
"pan_cancer","VHL","per_event_pairwise","HM_vs_WGD","M",1,0.632478159755642,0.00639482743629896,62.6112674004759,6,4,26,1,1
"pan_cancer","VHL","per_event_pairwise","HM_vs_WGD","WT",1,0,0,58.4474885844748,6,4,26,1,1
"pan_cancer","VHL","per_event_pairwise","WGD_vs_Classic","CNA_driver",0.554564595582393,0,0,5.05547276744134,6,4,26,0.767888849245492,0.782751668520579
"pan_cancer","VHL","per_event_pairwise","WGD_vs_Classic","CI_M",NA,NA,NA,NA,6,4,26,NA,NA
"pan_cancer","VHL","per_event_pairwise","WGD_vs_Classic","M",1,1.18422484291203,0.094079216515893,67.3984752161231,6,4,26,1,1
"pan_cancer","VHL","per_event_pairwise","WGD_vs_Classic","WT",0.1875,Inf,0.111111041666667,Inf,6,4,26,0.398025177025964,0.413039399624765
"pan_cancer","WAPAL","per_event_pairwise","WGD_vs_Classic","CNA_driver",NA,NA,NA,NA,33,1,5,NA,NA
"pan_cancer","WAPAL","per_event_pairwise","WGD_vs_Classic","CI_M",NA,NA,NA,NA,33,1,5,NA,NA
"pan_cancer","WAPAL","per_event_pairwise","WGD_vs_Classic","M",NA,NA,NA,NA,33,1,5,NA,NA
"pan_cancer","WAPAL","per_event_pairwise","WGD_vs_Classic","WT",NA,NA,NA,NA,33,1,5,NA,NA
"pan_cancer","WT1","global","Classic_vs_WGD",NA,0.0419790104947526,NA,NA,NA,75,0,3,0.0722038980509745,0.094300675749082
"pan_cancer","WT1","pairwise_all_events","WGD_vs_Classic",NA,0.0504747626186907,NA,NA,NA,75,0,3,0.139815092453773,0.153420464908789
"pan_cancer","WT1","per_event_pairwise","WGD_vs_Classic","CNA_driver",0.0384615384615385,0,0,1.56000764403746,75,0,3,0.129820123979184,0.1512124668158
"pan_cancer","WT1","per_event_pairwise","WGD_vs_Classic","CI_M",NA,NA,NA,NA,75,0,3,NA,NA
"pan_cancer","WT1","per_event_pairwise","WGD_vs_Classic","M",1,Inf,0.0184317928035344,Inf,75,0,3,1,1
"pan_cancer","WT1","per_event_pairwise","WGD_vs_Classic","WT",0.182449129817551,8.32970020734711,0.12055870527298,195.693778624871,75,0,3,0.391729014020036,0.40551414365809
"pan_cancer","WWTR1","per_event_HM_vs_rest","HM_vs_rest","CNA_driver",NA,NA,NA,NA,8,5,3,NA,NA
"pan_cancer","WWTR1","per_event_HM_vs_rest","HM_vs_rest","CI_M",NA,NA,NA,NA,8,5,3,NA,NA
"pan_cancer","WWTR1","per_event_HM_vs_rest","HM_vs_rest","M",NA,NA,NA,NA,8,5,3,NA,NA
"pan_cancer","WWTR1","per_event_HM_vs_rest","HM_vs_rest","WT",NA,NA,NA,NA,8,5,3,NA,NA
"pan_cancer","WWTR1","per_event_pairwise","HM_vs_Classic","CNA_driver",NA,NA,NA,NA,8,5,3,NA,NA
"pan_cancer","WWTR1","per_event_pairwise","HM_vs_Classic","CI_M",NA,NA,NA,NA,8,5,3,NA,NA
"pan_cancer","WWTR1","per_event_pairwise","HM_vs_Classic","M",NA,NA,NA,NA,8,5,3,NA,NA
"pan_cancer","WWTR1","per_event_pairwise","HM_vs_Classic","WT",NA,NA,NA,NA,8,5,3,NA,NA
"pan_cancer","WWTR1","per_event_pairwise","HM_vs_WGD","CNA_driver",NA,NA,NA,NA,8,5,3,NA,NA
"pan_cancer","WWTR1","per_event_pairwise","HM_vs_WGD","CI_M",NA,NA,NA,NA,8,5,3,NA,NA
"pan_cancer","WWTR1","per_event_pairwise","HM_vs_WGD","M",NA,NA,NA,NA,8,5,3,NA,NA
"pan_cancer","WWTR1","per_event_pairwise","HM_vs_WGD","WT",NA,NA,NA,NA,8,5,3,NA,NA
"pan_cancer","WWTR1","per_event_pairwise","WGD_vs_Classic","CNA_driver",NA,NA,NA,NA,8,5,3,NA,NA
"pan_cancer","WWTR1","per_event_pairwise","WGD_vs_Classic","CI_M",NA,NA,NA,NA,8,5,3,NA,NA
"pan_cancer","WWTR1","per_event_pairwise","WGD_vs_Classic","M",NA,NA,NA,NA,8,5,3,NA,NA
"pan_cancer","WWTR1","per_event_pairwise","WGD_vs_Classic","WT",NA,NA,NA,NA,8,5,3,NA,NA
"pan_cancer","XPO1","global","Classic_vs_WGD",NA,0.516483516483517,NA,NA,NA,4,1,12,0.6002376002376,0.61818490389919
"pan_cancer","XPO1","pairwise_all_events","WGD_vs_Classic",NA,0.516483516483517,NA,NA,NA,4,1,12,0.6911397780963,0.699919727627536
"pan_cancer","XPO1","per_event_pairwise","WGD_vs_Classic","CNA_driver",NA,NA,NA,NA,4,1,12,NA,NA
"pan_cancer","XPO1","per_event_pairwise","WGD_vs_Classic","CI_M",NA,NA,NA,NA,4,1,12,NA,NA
"pan_cancer","XPO1","per_event_pairwise","WGD_vs_Classic","M",0.516483516483517,0,0,4.8140397875594,4,1,12,0.738398888226293,0.751010908705311
"pan_cancer","XPO1","per_event_pairwise","WGD_vs_Classic","WT",0.516483516483517,Inf,0.207725744723638,Inf,4,1,12,0.738398888226293,0.751010908705311
"pan_cancer","ZBTB16","per_event_HM_vs_rest","HM_vs_rest","CNA_driver",NA,NA,NA,NA,10,8,0,NA,NA
"pan_cancer","ZBTB16","per_event_HM_vs_rest","HM_vs_rest","CI_M",NA,NA,NA,NA,10,8,0,NA,NA
"pan_cancer","ZBTB16","per_event_HM_vs_rest","HM_vs_rest","M",NA,NA,NA,NA,10,8,0,NA,NA
"pan_cancer","ZBTB16","per_event_HM_vs_rest","HM_vs_rest","WT",NA,NA,NA,NA,10,8,0,NA,NA
"pan_cancer","ZBTB16","per_event_pairwise","HM_vs_WGD","CNA_driver",NA,NA,NA,NA,10,8,0,NA,NA
"pan_cancer","ZBTB16","per_event_pairwise","HM_vs_WGD","CI_M",NA,NA,NA,NA,10,8,0,NA,NA
"pan_cancer","ZBTB16","per_event_pairwise","HM_vs_WGD","M",NA,NA,NA,NA,10,8,0,NA,NA
"pan_cancer","ZBTB16","per_event_pairwise","HM_vs_WGD","WT",NA,NA,NA,NA,10,8,0,NA,NA
"pan_cancer","ZFHX3","global","Classic_vs_HM_vs_WGD",NA,0.000499750124937531,NA,NA,NA,63,3,10,0.00165301964402414,0.00281677343146609
"pan_cancer","ZFHX3","pairwise_all_events","HM_vs_Classic",NA,0.192307692307692,NA,NA,NA,63,3,10,0.370110083846965,0.383190883190883
"pan_cancer","ZFHX3","pairwise_all_events","HM_vs_WGD",NA,1,NA,NA,NA,63,3,10,1,1
"pan_cancer","ZFHX3","pairwise_all_events","WGD_vs_Classic",NA,8.19345835610532e-06,NA,NA,NA,63,3,10,0.000324226852091596,0.000629725799369238
"pan_cancer","ZFHX3","per_event_HM_vs_rest","HM_vs_rest","CNA_driver",1,0,0,26.1314826681246,63,3,10,1,1
"pan_cancer","ZFHX3","per_event_HM_vs_rest","HM_vs_rest","CI_M",NA,NA,NA,NA,63,3,10,NA,NA
"pan_cancer","ZFHX3","per_event_HM_vs_rest","HM_vs_rest","M",NA,NA,NA,NA,63,3,10,NA,NA
"pan_cancer","ZFHX3","per_event_HM_vs_rest","HM_vs_rest","WT",1,Inf,0.0382680161206394,Inf,63,3,10,1,1
"pan_cancer","ZFHX3","per_event_pairwise","HM_vs_Classic","CNA_driver",0.192307692307693,0,0,2.57768489595717,63,3,10,0.403661833374294,0.419277429676044
"pan_cancer","ZFHX3","per_event_pairwise","HM_vs_Classic","CI_M",NA,NA,NA,NA,63,3,10,NA,NA
"pan_cancer","ZFHX3","per_event_pairwise","HM_vs_Classic","M",NA,NA,NA,NA,63,3,10,NA,NA
"pan_cancer","ZFHX3","per_event_pairwise","HM_vs_Classic","WT",0.192307692307693,Inf,0.387945012816887,Inf,63,3,10,0.403661833374294,0.419277429676044
"pan_cancer","ZFHX3","per_event_pairwise","HM_vs_WGD","CNA_driver",1,0,0,808.664259927803,63,3,10,1,1
"pan_cancer","ZFHX3","per_event_pairwise","HM_vs_WGD","CI_M",NA,NA,NA,NA,63,3,10,NA,NA
"pan_cancer","ZFHX3","per_event_pairwise","HM_vs_WGD","M",NA,NA,NA,NA,63,3,10,NA,NA
"pan_cancer","ZFHX3","per_event_pairwise","HM_vs_WGD","WT",1,Inf,0.00123660714285714,Inf,63,3,10,1,1
"pan_cancer","ZFHX3","per_event_pairwise","WGD_vs_Classic","CNA_driver",8.19345835610534e-06,0.0126897763675313,0.000238750963700859,0.136539190242353,63,3,10,0.000117023959564374,0.000206969265178819
"pan_cancer","ZFHX3","per_event_pairwise","WGD_vs_Classic","CI_M",NA,NA,NA,NA,63,3,10,NA,NA
"pan_cancer","ZFHX3","per_event_pairwise","WGD_vs_Classic","M",NA,NA,NA,NA,63,3,10,NA,NA
"pan_cancer","ZFHX3","per_event_pairwise","WGD_vs_Classic","WT",8.19345835610531e-06,78.8035951964187,7.32390457439387,4188.46476889207,63,3,10,0.000117023959564374,0.000206969265178819
"pan_cancer","ZMYM2","per_event_HM_vs_rest","HM_vs_rest","CNA_driver",NA,NA,NA,NA,7,10,0,NA,NA
"pan_cancer","ZMYM2","per_event_HM_vs_rest","HM_vs_rest","CI_M",NA,NA,NA,NA,7,10,0,NA,NA
"pan_cancer","ZMYM2","per_event_HM_vs_rest","HM_vs_rest","M",NA,NA,NA,NA,7,10,0,NA,NA
"pan_cancer","ZMYM2","per_event_HM_vs_rest","HM_vs_rest","WT",NA,NA,NA,NA,7,10,0,NA,NA
"pan_cancer","ZMYM2","per_event_pairwise","HM_vs_WGD","CNA_driver",NA,NA,NA,NA,7,10,0,NA,NA
"pan_cancer","ZMYM2","per_event_pairwise","HM_vs_WGD","CI_M",NA,NA,NA,NA,7,10,0,NA,NA
"pan_cancer","ZMYM2","per_event_pairwise","HM_vs_WGD","M",NA,NA,NA,NA,7,10,0,NA,NA
"pan_cancer","ZMYM2","per_event_pairwise","HM_vs_WGD","WT",NA,NA,NA,NA,7,10,0,NA,NA
"pan_cancer","ZNF429","per_event_pairwise","WGD_vs_Classic","CNA_driver",NA,NA,NA,NA,42,2,3,NA,NA
"pan_cancer","ZNF429","per_event_pairwise","WGD_vs_Classic","CI_M",NA,NA,NA,NA,42,2,3,NA,NA
"pan_cancer","ZNF429","per_event_pairwise","WGD_vs_Classic","M",NA,NA,NA,NA,42,2,3,NA,NA
"pan_cancer","ZNF429","per_event_pairwise","WGD_vs_Classic","WT",NA,NA,NA,NA,42,2,3,NA,NA
"pan_cancer","ZNF521","per_event_HM_vs_rest","HM_vs_rest","CNA_driver",NA,NA,NA,NA,70,4,5,NA,NA
"pan_cancer","ZNF521","per_event_HM_vs_rest","HM_vs_rest","CI_M",NA,NA,NA,NA,70,4,5,NA,NA
"pan_cancer","ZNF521","per_event_HM_vs_rest","HM_vs_rest","M",NA,NA,NA,NA,70,4,5,NA,NA
"pan_cancer","ZNF521","per_event_HM_vs_rest","HM_vs_rest","WT",NA,NA,NA,NA,70,4,5,NA,NA
"pan_cancer","ZNF521","per_event_pairwise","HM_vs_Classic","CNA_driver",NA,NA,NA,NA,70,4,5,NA,NA
"pan_cancer","ZNF521","per_event_pairwise","HM_vs_Classic","CI_M",NA,NA,NA,NA,70,4,5,NA,NA
"pan_cancer","ZNF521","per_event_pairwise","HM_vs_Classic","M",NA,NA,NA,NA,70,4,5,NA,NA
"pan_cancer","ZNF521","per_event_pairwise","HM_vs_Classic","WT",NA,NA,NA,NA,70,4,5,NA,NA
"pan_cancer","ZNF521","per_event_pairwise","HM_vs_WGD","CNA_driver",NA,NA,NA,NA,70,4,5,NA,NA
"pan_cancer","ZNF521","per_event_pairwise","HM_vs_WGD","CI_M",NA,NA,NA,NA,70,4,5,NA,NA
"pan_cancer","ZNF521","per_event_pairwise","HM_vs_WGD","M",NA,NA,NA,NA,70,4,5,NA,NA
"pan_cancer","ZNF521","per_event_pairwise","HM_vs_WGD","WT",NA,NA,NA,NA,70,4,5,NA,NA
"pan_cancer","ZNF521","per_event_pairwise","WGD_vs_Classic","CNA_driver",NA,NA,NA,NA,70,4,5,NA,NA
"pan_cancer","ZNF521","per_event_pairwise","WGD_vs_Classic","CI_M",NA,NA,NA,NA,70,4,5,NA,NA
"pan_cancer","ZNF521","per_event_pairwise","WGD_vs_Classic","M",NA,NA,NA,NA,70,4,5,NA,NA
"pan_cancer","ZNF521","per_event_pairwise","WGD_vs_Classic","WT",NA,NA,NA,NA,70,4,5,NA,NA
"pan_cancer","ZNF750","per_event_HM_vs_rest","HM_vs_rest","CNA_driver",NA,NA,NA,NA,14,5,1,NA,NA
"pan_cancer","ZNF750","per_event_HM_vs_rest","HM_vs_rest","CI_M",NA,NA,NA,NA,14,5,1,NA,NA
"pan_cancer","ZNF750","per_event_HM_vs_rest","HM_vs_rest","M",NA,NA,NA,NA,14,5,1,NA,NA
"pan_cancer","ZNF750","per_event_HM_vs_rest","HM_vs_rest","WT",NA,NA,NA,NA,14,5,1,NA,NA
"pan_cancer","ZNF750","per_event_pairwise","HM_vs_WGD","CNA_driver",NA,NA,NA,NA,14,5,1,NA,NA
"pan_cancer","ZNF750","per_event_pairwise","HM_vs_WGD","CI_M",NA,NA,NA,NA,14,5,1,NA,NA
"pan_cancer","ZNF750","per_event_pairwise","HM_vs_WGD","M",NA,NA,NA,NA,14,5,1,NA,NA
"pan_cancer","ZNF750","per_event_pairwise","HM_vs_WGD","WT",NA,NA,NA,NA,14,5,1,NA,NA
"pan_cancer","lncrna.promCore::gencode::RMRP::ENSG00000269900.2","per_event_pairwise","WGD_vs_Classic","CNA_driver",NA,NA,NA,NA,3,0,7,NA,NA
"pan_cancer","lncrna.promCore::gencode::RMRP::ENSG00000269900.2","per_event_pairwise","WGD_vs_Classic","CI_M",NA,NA,NA,NA,3,0,7,NA,NA
"pan_cancer","lncrna.promCore::gencode::RMRP::ENSG00000269900.2","per_event_pairwise","WGD_vs_Classic","M",NA,NA,NA,NA,3,0,7,NA,NA
"pan_cancer","lncrna.promCore::gencode::RMRP::ENSG00000269900.2","per_event_pairwise","WGD_vs_Classic","WT",NA,NA,NA,NA,3,0,7,NA,NA
